  0
SECTION
  2
HEADER
  9
$ACADVER
  1
AC1032
  9
$ACADMAINTVER
 90
       55
  9
$DWGCODEPAGE
  3
ANSI_936
  9
$LASTSAVEDBY
  1
lenovo
  9
$REQUIREDVERSIONS
160
                 0
  9
$INSBASE
 10
0.0
 20
0.0
 30
0.0
  9
$EXTMIN
 10
1.000000000000000E+20
 20
1.000000000000000E+20
 30
1.000000000000000E+20
  9
$EXTMAX
 10
-1.000000000000000E+20
 20
-1.000000000000000E+20
 30
-1.000000000000000E+20
  9
$LIMMIN
 10
0.0
 20
0.0
  9
$LIMMAX
 10
420.0
 20
297.0
  9
$ORTHOMODE
 70
     0
  9
$REGENMODE
 70
     1
  9
$FILLMODE
 70
     1
  9
$QTEXTMODE
 70
     0
  9
$MIRRTEXT
 70
     1
  9
$LTSCALE
 40
1.0
  9
$ATTMODE
 70
     1
  9
$TEXTSIZE
 40
2.5
  9
$TRACEWID
 40
1.0
  9
$TEXTSTYLE
  7
Standard
  9
$CLAYER
  8
0
  9
$CELTYPE
  6
ByLayer
  9
$CECOLOR
 62
   256
  9
$CELTSCALE
 40
1.0
  9
$DISPSILH
 70
     0
  9
$DIMSCALE
 40
1.0
  9
$DIMASZ
 40
2.5
  9
$DIMEXO
 40
0.625
  9
$DIMDLI
 40
3.75
  9
$DIMRND
 40
0.0
  9
$DIMDLE
 40
0.0
  9
$DIMEXE
 40
1.25
  9
$DIMTP
 40
0.0
  9
$DIMTM
 40
0.0
  9
$DIMTXT
 40
2.5
  9
$DIMCEN
 40
2.5
  9
$DIMTSZ
 40
0.0
  9
$DIMTOL
 70
     0
  9
$DIMLIM
 70
     0
  9
$DIMTIH
 70
     0
  9
$DIMTOH
 70
     0
  9
$DIMSE1
 70
     0
  9
$DIMSE2
 70
     0
  9
$DIMTAD
 70
     1
  9
$DIMZIN
 70
     8
  9
$DIMBLK
  1

  9
$DIMASO
 70
     1
  9
$DIMSHO
 70
     1
  9
$DIMPOST
  1

  9
$DIMAPOST
  1

  9
$DIMALT
 70
     0
  9
$DIMALTD
 70
     3
  9
$DIMALTF
 40
0.03937007874016
  9
$DIMLFAC
 40
1.0
  9
$DIMTOFL
 70
     1
  9
$DIMTVP
 40
0.0
  9
$DIMTIX
 70
     0
  9
$DIMSOXD
 70
     0
  9
$DIMSAH
 70
     0
  9
$DIMBLK1
  1

  9
$DIMBLK2
  1

  9
$DIMSTYLE
  2
ISO-25
  9
$DIMCLRD
 70
     0
  9
$DIMCLRE
 70
     0
  9
$DIMCLRT
 70
     0
  9
$DIMTFAC
 40
1.0
  9
$DIMGAP
 40
0.625
  9
$DIMJUST
 70
     0
  9
$DIMSD1
 70
     0
  9
$DIMSD2
 70
     0
  9
$DIMTOLJ
 70
     0
  9
$DIMTZIN
 70
     8
  9
$DIMALTZ
 70
     0
  9
$DIMALTTZ
 70
     0
  9
$DIMUPT
 70
     0
  9
$DIMDEC
 70
     2
  9
$DIMTDEC
 70
     2
  9
$DIMALTU
 70
     2
  9
$DIMALTTD
 70
     3
  9
$DIMTXSTY
  7
Standard
  9
$DIMAUNIT
 70
     0
  9
$DIMADEC
 70
     0
  9
$DIMALTRND
 40
0.0
  9
$DIMAZIN
 70
     0
  9
$DIMDSEP
 70
    44
  9
$DIMATFIT
 70
     3
  9
$DIMFRAC
 70
     0
  9
$DIMLDRBLK
  1

  9
$DIMLUNIT
 70
     2
  9
$DIMLWD
 70
    -2
  9
$DIMLWE
 70
    -2
  9
$DIMTMOVE
 70
     0
  9
$DIMFXL
 40
1.0
  9
$DIMFXLON
 70
     0
  9
$DIMJOGANG
 40
0.7853981633974483
  9
$DIMTFILL
 70
     0
  9
$DIMTFILLCLR
 70
     0
  9
$DIMARCSYM
 70
     0
  9
$DIMLTYPE
  6

  9
$DIMLTEX1
  6

  9
$DIMLTEX2
  6

  9
$DIMTXTDIRECTION
 70
     0
  9
$LUNITS
 70
     2
  9
$LUPREC
 70
     4
  9
$SKETCHINC
 40
1.0
  9
$FILLETRAD
 40
10.0
  9
$AUNITS
 70
     0
  9
$AUPREC
 70
     0
  9
$MENU
  1
.
  9
$ELEVATION
 40
0.0
  9
$PELEVATION
 40
0.0
  9
$THICKNESS
 40
0.0
  9
$LIMCHECK
 70
     0
  9
$CHAMFERA
 40
0.0
  9
$CHAMFERB
 40
0.0
  9
$CHAMFERC
 40
0.0
  9
$CHAMFERD
 40
0.0
  9
$SKPOLY
 70
     0
  9
$TDCREATE
 40
2461061.630985093
  9
$TDUCREATE
 40
2461061.29765176
  9
$TDUPDATE
 40
2461061.652870753
  9
$TDUUPDATE
 40
2461061.319537419
  9
$TDINDWG
 40
0.0000000116
  9
$TDUSRTIMER
 40
0.0000000116
  9
$USRTIMER
 70
     1
  9
$ANGBASE
 50
0.0
  9
$ANGDIR
 70
     0
  9
$PDMODE
 70
     0
  9
$PDSIZE
 40
0.0
  9
$PLINEWID
 40
0.0
  9
$SPLFRAME
 70
     0
  9
$SPLINETYPE
 70
     6
  9
$SPLINESEGS
 70
     8
  9
$HANDSEED
  5
12B6
  9
$SURFTAB1
 70
     6
  9
$SURFTAB2
 70
     6
  9
$SURFTYPE
 70
     6
  9
$SURFU
 70
     6
  9
$SURFV
 70
     6
  9
$UCSBASE
  2

  9
$UCSNAME
  2

  9
$UCSORG
 10
0.0
 20
0.0
 30
0.0
  9
$UCSXDIR
 10
1.0
 20
0.0
 30
0.0
  9
$UCSYDIR
 10
0.0
 20
1.0
 30
0.0
  9
$UCSORTHOREF
  2

  9
$UCSORTHOVIEW
 70
     0
  9
$UCSORGTOP
 10
0.0
 20
0.0
 30
0.0
  9
$UCSORGBOTTOM
 10
0.0
 20
0.0
 30
0.0
  9
$UCSORGLEFT
 10
0.0
 20
0.0
 30
0.0
  9
$UCSORGRIGHT
 10
0.0
 20
0.0
 30
0.0
  9
$UCSORGFRONT
 10
0.0
 20
0.0
 30
0.0
  9
$UCSORGBACK
 10
0.0
 20
0.0
 30
0.0
  9
$PUCSBASE
  2

  9
$PUCSNAME
  2

  9
$PUCSORG
 10
0.0
 20
0.0
 30
0.0
  9
$PUCSXDIR
 10
1.0
 20
0.0
 30
0.0
  9
$PUCSYDIR
 10
0.0
 20
1.0
 30
0.0
  9
$PUCSORTHOREF
  2

  9
$PUCSORTHOVIEW
 70
     0
  9
$PUCSORGTOP
 10
0.0
 20
0.0
 30
0.0
  9
$PUCSORGBOTTOM
 10
0.0
 20
0.0
 30
0.0
  9
$PUCSORGLEFT
 10
0.0
 20
0.0
 30
0.0
  9
$PUCSORGRIGHT
 10
0.0
 20
0.0
 30
0.0
  9
$PUCSORGFRONT
 10
0.0
 20
0.0
 30
0.0
  9
$PUCSORGBACK
 10
0.0
 20
0.0
 30
0.0
  9
$USERI1
 70
     0
  9
$USERI2
 70
     0
  9
$USERI3
 70
     0
  9
$USERI4
 70
     0
  9
$USERI5
 70
     0
  9
$USERR1
 40
0.0
  9
$USERR2
 40
0.0
  9
$USERR3
 40
0.0
  9
$USERR4
 40
0.0
  9
$USERR5
 40
0.0
  9
$WORLDVIEW
 70
     1
  9
$SHADEDGE
 70
     3
  9
$SHADEDIF
 70
    70
  9
$TILEMODE
 70
     1
  9
$MAXACTVP
 70
    64
  9
$PINSBASE
 10
0.0
 20
0.0
 30
0.0
  9
$PLIMCHECK
 70
     0
  9
$PEXTMIN
 10
1.000000000000000E+20
 20
1.000000000000000E+20
 30
1.000000000000000E+20
  9
$PEXTMAX
 10
-1.000000000000000E+20
 20
-1.000000000000000E+20
 30
-1.000000000000000E+20
  9
$PLIMMIN
 10
0.0
 20
0.0
  9
$PLIMMAX
 10
420.0
 20
297.0
  9
$UNITMODE
 70
     0
  9
$VISRETAIN
 70
     1
  9
$PLINEGEN
 70
     0
  9
$PSLTSCALE
 70
     1
  9
$TREEDEPTH
 70
  3020
  9
$CMLSTYLE
  2
Standard
  9
$CMLJUST
 70
     0
  9
$CMLSCALE
 40
20.0
  9
$PROXYGRAPHICS
 70
     1
  9
$MEASUREMENT
 70
     1
  9
$CELWEIGHT
370
    -1
  9
$ENDCAPS
280
     0
  9
$JOINSTYLE
280
     0
  9
$LWDISPLAY
290
     0
  9
$INSUNITS
 70
     4
  9
$HYPERLINKBASE
  1

  9
$STYLESHEET
  1

  9
$XEDIT
290
     1
  9
$CEPSNTYPE
380
     0
  9
$PSTYLEMODE
290
     1
  9
$FINGERPRINTGUID
  2
{B66CB3B0-DAF8-4E56-9625-6C7324C27962}
  9
$VERSIONGUID
  2
{FAEB1C32-E019-11D5-929B-00C0DF256EC4}
  9
$EXTNAMES
290
     1
  9
$PSVPSCALE
 40
0.0
  9
$OLESTARTUP
290
     0
  9
$SORTENTS
280
   127
  9
$INDEXCTL
280
     0
  9
$HIDETEXT
280
     1
  9
$XCLIPFRAME
280
     2
  9
$HALOGAP
280
     0
  9
$OBSCOLOR
 70
   257
  9
$OBSLTYPE
280
     0
  9
$INTERSECTIONDISPLAY
280
     0
  9
$INTERSECTIONCOLOR
 70
   257
  9
$DIMASSOC
280
     2
  9
$PROJECTNAME
  1

  9
$CAMERADISPLAY
290
     0
  9
$LENSLENGTH
 40
50.0
  9
$CAMERAHEIGHT
 40
0.0
  9
$STEPSPERSEC
 40
2.0
  9
$STEPSIZE
 40
6.0
  9
$3DDWFPREC
 40
2.0
  9
$PSOLWIDTH
 40
5.0
  9
$PSOLHEIGHT
 40
80.0
  9
$LOFTANG1
 40
1.570796326794897
  9
$LOFTANG2
 40
1.570796326794897
  9
$LOFTMAG1
 40
0.0
  9
$LOFTMAG2
 40
0.0
  9
$LOFTPARAM
 70
     7
  9
$LOFTNORMALS
280
     1
  9
$LATITUDE
 40
37.795
  9
$LONGITUDE
 40
-122.394
  9
$NORTHDIRECTION
 40
0.0
  9
$TIMEZONE
 70
 -8000
  9
$LIGHTGLYPHDISPLAY
280
     1
  9
$TILEMODELIGHTSYNCH
280
     1
  9
$CMATERIAL
347
44
  9
$SOLIDHIST
280
     0
  9
$SHOWHIST
280
     1
  9
$DWFFRAME
280
     2
  9
$DGNFRAME
280
     2
  9
$REALWORLDSCALE
290
     1
  9
$INTERFERECOLOR
 62
   256
  9
$CSHADOW
280
     0
  9
$SHADOWPLANELOCATION
 40
0.0
  0
ENDSEC
  0
SECTION
  2
CLASSES
  0
CLASS
  1
ACDBDICTIONARYWDFLT
  2
AcDbDictionaryWithDefault
  3
ObjectDBX Classes
 90
        0
 91
        3
280
     0
281
     0
  0
CLASS
  1
VISUALSTYLE
  2
AcDbVisualStyle
  3
ObjectDBX Classes
 90
     4095
 91
        3
280
     0
281
     0
  0
CLASS
  1
MATERIAL
  2
AcDbMaterial
  3
ObjectDBX Classes
 90
     1153
 91
        3
280
     0
281
     0
  0
CLASS
  1
SCALE
  2
AcDbScale
  3
ObjectDBX Classes
 90
     1153
 91
        3
280
     0
281
     0
  0
CLASS
  1
TABLESTYLE
  2
AcDbTableStyle
  3
ObjectDBX Classes
 90
     4095
 91
        3
280
     0
281
     0
  0
CLASS
  1
MLEADERSTYLE
  2
AcDbMLeaderStyle
  3
ACDB_MLEADERSTYLE_CLASS
 90
     4095
 91
        3
280
     0
281
     0
  0
CLASS
  1
SUN
  2
AcDbSun
  3
SCENEOE
 90
     1153
 91
        3
280
     0
281
     0
  0
CLASS
  1
DICTIONARYVAR
  2
AcDbDictionaryVar
  3
ObjectDBX Classes
 90
        0
 91
        3
280
     0
281
     0
  0
CLASS
  1
CELLSTYLEMAP
  2
AcDbCellStyleMap
  3
ObjectDBX Classes
 90
     1152
 91
        3
280
     0
281
     0
  0
CLASS
  1
ACDBPLACEHOLDER
  2
AcDbPlaceHolder
  3
ObjectDBX Classes
 90
        0
 91
        1
280
     0
281
     0
  0
CLASS
  1
LAYOUT
  2
AcDbLayout
  3
ObjectDBX Classes
 90
        0
 91
        1
280
     0
281
     0
  0
ENDSEC
  0
SECTION
  2
TABLES
  0
TABLE
  2
VPORT
  5
8
330
0
100
AcDbSymbolTable
 70
     1
  0
VPORT
  5
29
330
8
100
AcDbSymbolTableRecord
100
AcDbViewportTableRecord
  2
*Active
 70
     0
 10
0.0
 20
0.0
 11
1.0
 21
1.0
 12
32965.02130709584
 22
9399.998769892674
 13
0.0
 23
0.0
 14
10.0
 24
10.0
 15
10.0
 25
10.0
 16
0.0
 26
0.0
 36
1.0
 17
0.0
 27
0.0
 37
0.0
 40
1428.002483105924
 41
0.9785392631382714
 42
50.0
 43
0.0
 44
0.0
 50
0.0
 51
0.0
 71
     0
 72
   100
 73
     1
 74
     3
 75
     0
 76
     0
 77
     0
 78
     0
281
     0
 65
     1
110
0.0
120
0.0
130
0.0
111
1.0
121
0.0
131
0.0
112
0.0
122
1.0
132
0.0
 79
     0
146
0.0
348
2F
 60
     3
 61
     5
292
     1
282
     1
141
0.0
142
0.0
 63
   256
361
6D
  0
ENDTAB
  0
TABLE
  2
LTYPE
  5
5
330
0
100
AcDbSymbolTable
 70
     1
  0
LTYPE
  5
14
330
5
100
AcDbSymbolTableRecord
100
AcDbLinetypeTableRecord
  2
ByBlock
 70
     0
  3

 72
    65
 73
     0
 40
0.0
  0
LTYPE
  5
15
330
5
100
AcDbSymbolTableRecord
100
AcDbLinetypeTableRecord
  2
ByLayer
 70
     0
  3

 72
    65
 73
     0
 40
0.0
  0
LTYPE
  5
16
330
5
100
AcDbSymbolTableRecord
100
AcDbLinetypeTableRecord
  2
Continuous
 70
     0
  3
Solid line
 72
    65
 73
     0
 40
0.0
  0
ENDTAB
  0
TABLE
  2
LAYER
  5
2
330
0
100
AcDbSymbolTable
 70
    12
  0
LAYER
  5
10
330
2
100
AcDbSymbolTableRecord
100
AcDbLayerTableRecord
  2
0
 70
     0
 62
     7
  6
Continuous
370
    -3
390
F
347
46
348
0
  0
LAYER
  5
6F
330
2
100
AcDbSymbolTableRecord
100
AcDbLayerTableRecord
  2
7
 70
     0
 62
     7
  6
Continuous
370
    -3
390
F
347
46
348
0
  0
LAYER
  5
86
330
2
100
AcDbSymbolTableRecord
100
AcDbLayerTableRecord
  2
3
 70
     0
 62
     7
  6
Continuous
370
    -3
390
F
347
46
348
0
  0
LAYER
  5
14D
330
2
100
AcDbSymbolTableRecord
100
AcDbLayerTableRecord
  2
42
 70
     0
 62
     7
  6
Continuous
370
    -3
390
F
347
46
348
0
  0
LAYER
  5
1FE
330
2
100
AcDbSymbolTableRecord
100
AcDbLayerTableRecord
  2
100
 70
     0
 62
     7
  6
Continuous
370
    -3
390
F
347
46
348
0
  0
LAYER
  5
215
330
2
100
AcDbSymbolTableRecord
100
AcDbLayerTableRecord
  2
9
 70
     0
 62
     7
  6
Continuous
370
    -3
390
F
347
46
348
0
  0
LAYER
  5
332
330
2
100
AcDbSymbolTableRecord
100
AcDbLayerTableRecord
  2
1
 70
     0
 62
     7
  6
Continuous
370
    -3
390
F
347
46
348
0
  0
LAYER
  5
35F
330
2
100
AcDbSymbolTableRecord
100
AcDbLayerTableRecord
  2
99
 70
     0
 62
     7
  6
Continuous
370
    -3
390
F
347
46
348
0
  0
LAYER
  5
3A4
330
2
100
AcDbSymbolTableRecord
100
AcDbLayerTableRecord
  2
2
 70
     0
 62
     7
  6
Continuous
370
    -3
390
F
347
46
348
0
  0
LAYER
  5
6BB
330
2
100
AcDbSymbolTableRecord
100
AcDbLayerTableRecord
  2
4
 70
     0
 62
     7
  6
Continuous
370
    -3
390
F
347
46
348
0
  0
LAYER
  5
CC2
330
2
100
AcDbSymbolTableRecord
100
AcDbLayerTableRecord
  2
21
 70
     0
 62
     7
  6
Continuous
370
    -3
390
F
347
46
348
0
  0
LAYER
  5
D1B
330
2
100
AcDbSymbolTableRecord
100
AcDbLayerTableRecord
  2
14
 70
     0
 62
     7
  6
Continuous
370
    -3
390
F
347
46
348
0
  0
ENDTAB
  0
TABLE
  2
STYLE
  5
3
330
0
100
AcDbSymbolTable
 70
     1
  0
STYLE
  5
11
330
3
100
AcDbSymbolTableRecord
100
AcDbTextStyleTableRecord
  2
Standard
 70
     0
 40
0.0
 41
1.0
 50
0.0
 71
     0
 42
2.5
  3
txt
  4

  0
ENDTAB
  0
TABLE
  2
VIEW
  5
6
330
0
100
AcDbSymbolTable
 70
     0
  0
ENDTAB
  0
TABLE
  2
UCS
  5
7
330
0
100
AcDbSymbolTable
 70
     0
  0
ENDTAB
  0
TABLE
  2
APPID
  5
9
330
0
100
AcDbSymbolTable
 70
     3
  0
APPID
  5
12
330
9
100
AcDbSymbolTableRecord
100
AcDbRegAppTableRecord
  2
ACAD
 70
     0
  0
APPID
  5
6E
330
9
100
AcDbSymbolTableRecord
100
AcDbRegAppTableRecord
  2
TeklaStructures
 70
     0
  0
APPID
  5
12AC
330
9
100
AcDbSymbolTableRecord
100
AcDbRegAppTableRecord
  2
ACAD_MLEADERVER
 70
     0
  0
ENDTAB
  0
TABLE
  2
DIMSTYLE
  5
A
330
0
100
AcDbSymbolTable
 70
     1
100
AcDbDimStyleTable
  0
DIMSTYLE
105
27
330
A
100
AcDbSymbolTableRecord
100
AcDbDimStyleTableRecord
  2
ISO-25
 70
     0
 41
2.5
 42
0.625
 43
3.75
 44
1.25
 73
     0
 74
     0
 77
     1
 78
     8
140
2.5
141
2.5
143
0.03937007874016
147
0.625
171
     3
172
     1
178
     0
271
     2
272
     2
274
     3
278
    44
283
     0
284
     8
340
11
  0
ENDTAB
  0
TABLE
  2
BLOCK_RECORD
  5
1
330
0
100
AcDbSymbolTable
 70
     1
  0
BLOCK_RECORD
  5
1F
330
1
100
AcDbSymbolTableRecord
100
AcDbBlockTableRecord
  2
*Model_Space
340
22
 70
     0
280
     1
281
     0
  0
BLOCK_RECORD
  5
1B
330
1
100
AcDbSymbolTableRecord
100
AcDbBlockTableRecord
  2
*Paper_Space
340
1E
 70
     0
280
     1
281
     0
  0
BLOCK_RECORD
  5
23
330
1
100
AcDbSymbolTableRecord
100
AcDbBlockTableRecord
  2
*Paper_Space0
340
26
 70
     0
280
     1
281
     0
  0
ENDTAB
  0
ENDSEC
  0
SECTION
  2
BLOCKS
  0
BLOCK
  5
20
330
1F
100
AcDbEntity
  8
0
100
AcDbBlockBegin
  2
*Model_Space
 70
     0
 10
0.0
 20
0.0
 30
0.0
  3
*Model_Space
  1

  0
ENDBLK
  5
21
330
1F
100
AcDbEntity
  8
0
100
AcDbBlockEnd
  0
BLOCK
  5
1C
330
1B
100
AcDbEntity
 67
     1
  8
0
100
AcDbBlockBegin
  2
*Paper_Space
 70
     0
 10
0.0
 20
0.0
 30
0.0
  3
*Paper_Space
  1

  0
ENDBLK
  5
1D
330
1B
100
AcDbEntity
 67
     1
  8
0
100
AcDbBlockEnd
  0
BLOCK
  5
24
330
23
100
AcDbEntity
  8
0
100
AcDbBlockBegin
  2
*Paper_Space0
 70
     0
 10
0.0
 20
0.0
 30
0.0
  3
*Paper_Space0
  1

  0
ENDBLK
  5
25
330
23
100
AcDbEntity
  8
0
100
AcDbBlockEnd
  0
ENDSEC
  0
SECTION
  2
ENTITIES
  0
POLYLINE
  5
70
330
1F
100
AcDbEntity
  8
7
 62
   206
420
  6689894
100
AcDbPolyFaceMesh
 66
     1
 10
0.0
 20
0.0
 30
0.0
 70
    64
 71
     8
 72
    12
1001
TeklaStructures
1000
ID
1000
148855557
  0
VERTEX
  5
71
330
70
100
AcDbEntity
  8
7
 62
   206
100
AcDbVertex
100
AcDbPolyFaceMeshVertex
 10
32460.0
 20
9665.000000000004
 30
21005.0
 70
   192
  0
VERTEX
  5
72
330
70
100
AcDbEntity
  8
7
 62
   206
100
AcDbVertex
100
AcDbPolyFaceMeshVertex
 10
33140.0
 20
9665.000000000004
 30
21005.0
 70
   192
  0
VERTEX
  5
73
330
70
100
AcDbEntity
  8
7
 62
   206
100
AcDbVertex
100
AcDbPolyFaceMeshVertex
 10
33140.0
 20
9665.000000000004
 30
21030.0
 70
   192
  0
VERTEX
  5
74
330
70
100
AcDbEntity
  8
7
 62
   206
100
AcDbVertex
100
AcDbPolyFaceMeshVertex
 10
32460.0
 20
9665.000000000004
 30
21030.0
 70
   192
  0
VERTEX
  5
75
330
70
100
AcDbEntity
  8
7
 62
   206
100
AcDbVertex
100
AcDbPolyFaceMeshVertex
 10
33140.0
 20
9135.000000000004
 30
21005.0
 70
   192
  0
VERTEX
  5
76
330
70
100
AcDbEntity
  8
7
 62
   206
100
AcDbVertex
100
AcDbPolyFaceMeshVertex
 10
33140.0
 20
9135.000000000004
 30
21030.0
 70
   192
  0
VERTEX
  5
77
330
70
100
AcDbEntity
  8
7
 62
   206
100
AcDbVertex
100
AcDbPolyFaceMeshVertex
 10
32460.0
 20
9135.000000000004
 30
21005.0
 70
   192
  0
VERTEX
  5
78
330
70
100
AcDbEntity
  8
7
 62
   206
100
AcDbVertex
100
AcDbPolyFaceMeshVertex
 10
32460.0
 20
9135.000000000004
 30
21030.0
 70
   192
  0
VERTEX
  5
79
330
70
100
AcDbEntity
  8
7
 62
   206
100
AcDbFaceRecord
 10
0.0
 20
0.0
 30
0.0
 70
   128
 71
     1
 72
     2
 73
    -3
 74
    -3
  0
VERTEX
  5
7A
330
70
100
AcDbEntity
  8
7
 62
   206
100
AcDbFaceRecord
 10
0.0
 20
0.0
 30
0.0
 70
   128
 71
    -1
 72
     3
 73
     4
 74
     4
  0
VERTEX
  5
7B
330
70
100
AcDbEntity
  8
7
 62
   206
100
AcDbFaceRecord
 10
0.0
 20
0.0
 30
0.0
 70
   128
 71
     2
 72
     5
 73
    -6
 74
    -6
  0
VERTEX
  5
7C
330
70
100
AcDbEntity
  8
7
 62
   206
100
AcDbFaceRecord
 10
0.0
 20
0.0
 30
0.0
 70
   128
 71
    -2
 72
     6
 73
     3
 74
     3
  0
VERTEX
  5
7D
330
70
100
AcDbEntity
  8
7
 62
   206
100
AcDbFaceRecord
 10
0.0
 20
0.0
 30
0.0
 70
   128
 71
     5
 72
     7
 73
    -8
 74
    -8
  0
VERTEX
  5
7E
330
70
100
AcDbEntity
  8
7
 62
   206
100
AcDbFaceRecord
 10
0.0
 20
0.0
 30
0.0
 70
   128
 71
    -5
 72
     8
 73
     6
 74
     6
  0
VERTEX
  5
7F
330
70
100
AcDbEntity
  8
7
 62
   206
100
AcDbFaceRecord
 10
0.0
 20
0.0
 30
0.0
 70
   128
 71
     7
 72
     1
 73
    -4
 74
    -4
  0
VERTEX
  5
80
330
70
100
AcDbEntity
  8
7
 62
   206
100
AcDbFaceRecord
 10
0.0
 20
0.0
 30
0.0
 70
   128
 71
    -7
 72
     4
 73
     8
 74
     8
  0
VERTEX
  5
81
330
70
100
AcDbEntity
  8
7
 62
   206
100
AcDbFaceRecord
 10
0.0
 20
0.0
 30
0.0
 70
   128
 71
     2
 72
     1
 73
    -7
 74
    -7
  0
VERTEX
  5
82
330
70
100
AcDbEntity
  8
7
 62
   206
100
AcDbFaceRecord
 10
0.0
 20
0.0
 30
0.0
 70
   128
 71
    -2
 72
     7
 73
     5
 74
     5
  0
VERTEX
  5
83
330
70
100
AcDbEntity
  8
7
 62
   206
100
AcDbFaceRecord
 10
0.0
 20
0.0
 30
0.0
 70
   128
 71
     4
 72
     3
 73
    -6
 74
    -6
  0
VERTEX
  5
84
330
70
100
AcDbEntity
  8
7
 62
   206
100
AcDbFaceRecord
 10
0.0
 20
0.0
 30
0.0
 70
   128
 71
    -4
 72
     6
 73
     8
 74
     8
  0
SEQEND
  5
85
330
70
100
AcDbEntity
  8
7
 62
   206
  0
POLYLINE
  5
87
330
1F
100
AcDbEntity
  8
3
 62
   215
420
 10905254
100
AcDbPolyFaceMesh
 66
     1
 10
0.0
 20
0.0
 30
0.0
 70
    64
 71
     8
 72
    12
1001
TeklaStructures
1000
ID
1000
148855564
  0
VERTEX
  5
88
330
87
100
AcDbEntity
  8
3
 62
   215
100
AcDbVertex
100
AcDbPolyFaceMeshVertex
 10
32435.0
 20
9135.000000000004
 30
21030.0
 70
   192
  0
VERTEX
  5
89
330
87
100
AcDbEntity
  8
3
 62
   215
100
AcDbVertex
100
AcDbPolyFaceMeshVertex
 10
32485.0
 20
9135.000000000004
 30
21030.0
 70
   192
  0
VERTEX
  5
8A
330
87
100
AcDbEntity
  8
3
 62
   215
100
AcDbVertex
100
AcDbPolyFaceMeshVertex
 10
32485.0
 20
9665.000000000004
 30
21030.0
 70
   192
  0
VERTEX
  5
8B
330
87
100
AcDbEntity
  8
3
 62
   215
100
AcDbVertex
100
AcDbPolyFaceMeshVertex
 10
32435.0
 20
9665.000000000004
 30
21030.0
 70
   192
  0
VERTEX
  5
8C
330
87
100
AcDbEntity
  8
3
 62
   215
100
AcDbVertex
100
AcDbPolyFaceMeshVertex
 10
32485.0
 20
9135.000000000004
 30
21058.0
 70
   192
  0
VERTEX
  5
8D
330
87
100
AcDbEntity
  8
3
 62
   215
100
AcDbVertex
100
AcDbPolyFaceMeshVertex
 10
32485.0
 20
9665.000000000004
 30
21058.0
 70
   192
  0
VERTEX
  5
8E
330
87
100
AcDbEntity
  8
3
 62
   215
100
AcDbVertex
100
AcDbPolyFaceMeshVertex
 10
32435.0
 20
9135.000000000004
 30
21058.0
 70
   192
  0
VERTEX
  5
8F
330
87
100
AcDbEntity
  8
3
 62
   215
100
AcDbVertex
100
AcDbPolyFaceMeshVertex
 10
32435.0
 20
9665.000000000004
 30
21058.0
 70
   192
  0
VERTEX
  5
90
330
87
100
AcDbEntity
  8
3
 62
   215
100
AcDbFaceRecord
 10
0.0
 20
0.0
 30
0.0
 70
   128
 71
     1
 72
     2
 73
    -3
 74
    -3
  0
VERTEX
  5
91
330
87
100
AcDbEntity
  8
3
 62
   215
100
AcDbFaceRecord
 10
0.0
 20
0.0
 30
0.0
 70
   128
 71
    -1
 72
     3
 73
     4
 74
     4
  0
VERTEX
  5
92
330
87
100
AcDbEntity
  8
3
 62
   215
100
AcDbFaceRecord
 10
0.0
 20
0.0
 30
0.0
 70
   128
 71
     2
 72
     5
 73
    -6
 74
    -6
  0
VERTEX
  5
93
330
87
100
AcDbEntity
  8
3
 62
   215
100
AcDbFaceRecord
 10
0.0
 20
0.0
 30
0.0
 70
   128
 71
    -2
 72
     6
 73
     3
 74
     3
  0
VERTEX
  5
94
330
87
100
AcDbEntity
  8
3
 62
   215
100
AcDbFaceRecord
 10
0.0
 20
0.0
 30
0.0
 70
   128
 71
     5
 72
     7
 73
    -8
 74
    -8
  0
VERTEX
  5
95
330
87
100
AcDbEntity
  8
3
 62
   215
100
AcDbFaceRecord
 10
0.0
 20
0.0
 30
0.0
 70
   128
 71
    -5
 72
     8
 73
     6
 74
     6
  0
VERTEX
  5
96
330
87
100
AcDbEntity
  8
3
 62
   215
100
AcDbFaceRecord
 10
0.0
 20
0.0
 30
0.0
 70
   128
 71
     7
 72
     1
 73
    -4
 74
    -4
  0
VERTEX
  5
97
330
87
100
AcDbEntity
  8
3
 62
   215
100
AcDbFaceRecord
 10
0.0
 20
0.0
 30
0.0
 70
   128
 71
    -7
 72
     4
 73
     8
 74
     8
  0
VERTEX
  5
98
330
87
100
AcDbEntity
  8
3
 62
   215
100
AcDbFaceRecord
 10
0.0
 20
0.0
 30
0.0
 70
   128
 71
     2
 72
     1
 73
    -7
 74
    -7
  0
VERTEX
  5
99
330
87
100
AcDbEntity
  8
3
 62
   215
100
AcDbFaceRecord
 10
0.0
 20
0.0
 30
0.0
 70
   128
 71
    -2
 72
     7
 73
     5
 74
     5
  0
VERTEX
  5
9A
330
87
100
AcDbEntity
  8
3
 62
   215
100
AcDbFaceRecord
 10
0.0
 20
0.0
 30
0.0
 70
   128
 71
     4
 72
     3
 73
    -6
 74
    -6
  0
VERTEX
  5
9B
330
87
100
AcDbEntity
  8
3
 62
   215
100
AcDbFaceRecord
 10
0.0
 20
0.0
 30
0.0
 70
   128
 71
    -4
 72
     6
 73
     8
 74
     8
  0
SEQEND
  5
9C
330
87
100
AcDbEntity
  8
3
 62
   215
  0
POLYLINE
  5
9D
330
1F
100
AcDbEntity
  8
3
 62
   215
420
 10905254
100
AcDbPolyFaceMesh
 66
     1
 10
0.0
 20
0.0
 30
0.0
 70
    64
 71
     8
 72
    12
1001
TeklaStructures
1000
ID
1000
148855571
  0
VERTEX
  5
9E
330
9D
100
AcDbEntity
  8
3
 62
   215
100
AcDbVertex
100
AcDbPolyFaceMeshVertex
 10
33115.0
 20
9135.000000000004
 30
21030.0
 70
   192
  0
VERTEX
  5
9F
330
9D
100
AcDbEntity
  8
3
 62
   215
100
AcDbVertex
100
AcDbPolyFaceMeshVertex
 10
33165.0
 20
9135.000000000004
 30
21030.0
 70
   192
  0
VERTEX
  5
A0
330
9D
100
AcDbEntity
  8
3
 62
   215
100
AcDbVertex
100
AcDbPolyFaceMeshVertex
 10
33165.0
 20
9665.000000000004
 30
21030.0
 70
   192
  0
VERTEX
  5
A1
330
9D
100
AcDbEntity
  8
3
 62
   215
100
AcDbVertex
100
AcDbPolyFaceMeshVertex
 10
33115.0
 20
9665.000000000004
 30
21030.0
 70
   192
  0
VERTEX
  5
A2
330
9D
100
AcDbEntity
  8
3
 62
   215
100
AcDbVertex
100
AcDbPolyFaceMeshVertex
 10
33165.0
 20
9135.000000000004
 30
21058.0
 70
   192
  0
VERTEX
  5
A3
330
9D
100
AcDbEntity
  8
3
 62
   215
100
AcDbVertex
100
AcDbPolyFaceMeshVertex
 10
33165.0
 20
9665.000000000004
 30
21058.0
 70
   192
  0
VERTEX
  5
A4
330
9D
100
AcDbEntity
  8
3
 62
   215
100
AcDbVertex
100
AcDbPolyFaceMeshVertex
 10
33115.0
 20
9135.000000000004
 30
21058.0
 70
   192
  0
VERTEX
  5
A5
330
9D
100
AcDbEntity
  8
3
 62
   215
100
AcDbVertex
100
AcDbPolyFaceMeshVertex
 10
33115.0
 20
9665.000000000004
 30
21058.0
 70
   192
  0
VERTEX
  5
A6
330
9D
100
AcDbEntity
  8
3
 62
   215
100
AcDbFaceRecord
 10
0.0
 20
0.0
 30
0.0
 70
   128
 71
     1
 72
     2
 73
    -3
 74
    -3
  0
VERTEX
  5
A7
330
9D
100
AcDbEntity
  8
3
 62
   215
100
AcDbFaceRecord
 10
0.0
 20
0.0
 30
0.0
 70
   128
 71
    -1
 72
     3
 73
     4
 74
     4
  0
VERTEX
  5
A8
330
9D
100
AcDbEntity
  8
3
 62
   215
100
AcDbFaceRecord
 10
0.0
 20
0.0
 30
0.0
 70
   128
 71
     2
 72
     5
 73
    -6
 74
    -6
  0
VERTEX
  5
A9
330
9D
100
AcDbEntity
  8
3
 62
   215
100
AcDbFaceRecord
 10
0.0
 20
0.0
 30
0.0
 70
   128
 71
    -2
 72
     6
 73
     3
 74
     3
  0
VERTEX
  5
AA
330
9D
100
AcDbEntity
  8
3
 62
   215
100
AcDbFaceRecord
 10
0.0
 20
0.0
 30
0.0
 70
   128
 71
     5
 72
     7
 73
    -8
 74
    -8
  0
VERTEX
  5
AB
330
9D
100
AcDbEntity
  8
3
 62
   215
100
AcDbFaceRecord
 10
0.0
 20
0.0
 30
0.0
 70
   128
 71
    -5
 72
     8
 73
     6
 74
     6
  0
VERTEX
  5
AC
330
9D
100
AcDbEntity
  8
3
 62
   215
100
AcDbFaceRecord
 10
0.0
 20
0.0
 30
0.0
 70
   128
 71
     7
 72
     1
 73
    -4
 74
    -4
  0
VERTEX
  5
AD
330
9D
100
AcDbEntity
  8
3
 62
   215
100
AcDbFaceRecord
 10
0.0
 20
0.0
 30
0.0
 70
   128
 71
    -7
 72
     4
 73
     8
 74
     8
  0
VERTEX
  5
AE
330
9D
100
AcDbEntity
  8
3
 62
   215
100
AcDbFaceRecord
 10
0.0
 20
0.0
 30
0.0
 70
   128
 71
     2
 72
     1
 73
    -7
 74
    -7
  0
VERTEX
  5
AF
330
9D
100
AcDbEntity
  8
3
 62
   215
100
AcDbFaceRecord
 10
0.0
 20
0.0
 30
0.0
 70
   128
 71
    -2
 72
     7
 73
     5
 74
     5
  0
VERTEX
  5
B0
330
9D
100
AcDbEntity
  8
3
 62
   215
100
AcDbFaceRecord
 10
0.0
 20
0.0
 30
0.0
 70
   128
 71
     4
 72
     3
 73
    -6
 74
    -6
  0
VERTEX
  5
B1
330
9D
100
AcDbEntity
  8
3
 62
   215
100
AcDbFaceRecord
 10
0.0
 20
0.0
 30
0.0
 70
   128
 71
    -4
 72
     6
 73
     8
 74
     8
  0
SEQEND
  5
B2
330
9D
100
AcDbEntity
  8
3
 62
   215
  0
POLYLINE
  5
B3
330
1F
100
AcDbEntity
  8
3
 62
   215
420
 10905254
100
AcDbPolyFaceMesh
 66
     1
 10
0.0
 20
0.0
 30
0.0
 70
    64
 71
     8
 72
    12
1001
TeklaStructures
1000
ID
1000
148855578
  0
VERTEX
  5
B4
330
B3
100
AcDbEntity
  8
3
 62
   215
100
AcDbVertex
100
AcDbPolyFaceMeshVertex
 10
32435.0
 20
9135.000000000004
 30
20977.0
 70
   192
  0
VERTEX
  5
B5
330
B3
100
AcDbEntity
  8
3
 62
   215
100
AcDbVertex
100
AcDbPolyFaceMeshVertex
 10
32485.0
 20
9135.000000000004
 30
20977.0
 70
   192
  0
VERTEX
  5
B6
330
B3
100
AcDbEntity
  8
3
 62
   215
100
AcDbVertex
100
AcDbPolyFaceMeshVertex
 10
32485.0
 20
9665.000000000004
 30
20977.0
 70
   192
  0
VERTEX
  5
B7
330
B3
100
AcDbEntity
  8
3
 62
   215
100
AcDbVertex
100
AcDbPolyFaceMeshVertex
 10
32435.0
 20
9665.000000000004
 30
20977.0
 70
   192
  0
VERTEX
  5
B8
330
B3
100
AcDbEntity
  8
3
 62
   215
100
AcDbVertex
100
AcDbPolyFaceMeshVertex
 10
32485.0
 20
9135.000000000004
 30
21005.0
 70
   192
  0
VERTEX
  5
B9
330
B3
100
AcDbEntity
  8
3
 62
   215
100
AcDbVertex
100
AcDbPolyFaceMeshVertex
 10
32485.0
 20
9665.000000000004
 30
21005.0
 70
   192
  0
VERTEX
  5
BA
330
B3
100
AcDbEntity
  8
3
 62
   215
100
AcDbVertex
100
AcDbPolyFaceMeshVertex
 10
32435.0
 20
9135.000000000004
 30
21005.0
 70
   192
  0
VERTEX
  5
BB
330
B3
100
AcDbEntity
  8
3
 62
   215
100
AcDbVertex
100
AcDbPolyFaceMeshVertex
 10
32435.0
 20
9665.000000000004
 30
21005.0
 70
   192
  0
VERTEX
  5
BC
330
B3
100
AcDbEntity
  8
3
 62
   215
100
AcDbFaceRecord
 10
0.0
 20
0.0
 30
0.0
 70
   128
 71
     1
 72
     2
 73
    -3
 74
    -3
  0
VERTEX
  5
BD
330
B3
100
AcDbEntity
  8
3
 62
   215
100
AcDbFaceRecord
 10
0.0
 20
0.0
 30
0.0
 70
   128
 71
    -1
 72
     3
 73
     4
 74
     4
  0
VERTEX
  5
BE
330
B3
100
AcDbEntity
  8
3
 62
   215
100
AcDbFaceRecord
 10
0.0
 20
0.0
 30
0.0
 70
   128
 71
     2
 72
     5
 73
    -6
 74
    -6
  0
VERTEX
  5
BF
330
B3
100
AcDbEntity
  8
3
 62
   215
100
AcDbFaceRecord
 10
0.0
 20
0.0
 30
0.0
 70
   128
 71
    -2
 72
     6
 73
     3
 74
     3
  0
VERTEX
  5
C0
330
B3
100
AcDbEntity
  8
3
 62
   215
100
AcDbFaceRecord
 10
0.0
 20
0.0
 30
0.0
 70
   128
 71
     5
 72
     7
 73
    -8
 74
    -8
  0
VERTEX
  5
C1
330
B3
100
AcDbEntity
  8
3
 62
   215
100
AcDbFaceRecord
 10
0.0
 20
0.0
 30
0.0
 70
   128
 71
    -5
 72
     8
 73
     6
 74
     6
  0
VERTEX
  5
C2
330
B3
100
AcDbEntity
  8
3
 62
   215
100
AcDbFaceRecord
 10
0.0
 20
0.0
 30
0.0
 70
   128
 71
     7
 72
     1
 73
    -4
 74
    -4
  0
VERTEX
  5
C3
330
B3
100
AcDbEntity
  8
3
 62
   215
100
AcDbFaceRecord
 10
0.0
 20
0.0
 30
0.0
 70
   128
 71
    -7
 72
     4
 73
     8
 74
     8
  0
VERTEX
  5
C4
330
B3
100
AcDbEntity
  8
3
 62
   215
100
AcDbFaceRecord
 10
0.0
 20
0.0
 30
0.0
 70
   128
 71
     2
 72
     1
 73
    -7
 74
    -7
  0
VERTEX
  5
C5
330
B3
100
AcDbEntity
  8
3
 62
   215
100
AcDbFaceRecord
 10
0.0
 20
0.0
 30
0.0
 70
   128
 71
    -2
 72
     7
 73
     5
 74
     5
  0
VERTEX
  5
C6
330
B3
100
AcDbEntity
  8
3
 62
   215
100
AcDbFaceRecord
 10
0.0
 20
0.0
 30
0.0
 70
   128
 71
     4
 72
     3
 73
    -6
 74
    -6
  0
VERTEX
  5
C7
330
B3
100
AcDbEntity
  8
3
 62
   215
100
AcDbFaceRecord
 10
0.0
 20
0.0
 30
0.0
 70
   128
 71
    -4
 72
     6
 73
     8
 74
     8
  0
SEQEND
  5
C8
330
B3
100
AcDbEntity
  8
3
 62
   215
  0
POLYLINE
  5
C9
330
1F
100
AcDbEntity
  8
3
 62
   215
420
 10905254
100
AcDbPolyFaceMesh
 66
     1
 10
0.0
 20
0.0
 30
0.0
 70
    64
 71
     8
 72
    12
1001
TeklaStructures
1000
ID
1000
148855585
  0
VERTEX
  5
CA
330
C9
100
AcDbEntity
  8
3
 62
   215
100
AcDbVertex
100
AcDbPolyFaceMeshVertex
 10
33115.0
 20
9135.000000000004
 30
20977.0
 70
   192
  0
VERTEX
  5
CB
330
C9
100
AcDbEntity
  8
3
 62
   215
100
AcDbVertex
100
AcDbPolyFaceMeshVertex
 10
33165.0
 20
9135.000000000004
 30
20977.0
 70
   192
  0
VERTEX
  5
CC
330
C9
100
AcDbEntity
  8
3
 62
   215
100
AcDbVertex
100
AcDbPolyFaceMeshVertex
 10
33165.0
 20
9665.000000000004
 30
20977.0
 70
   192
  0
VERTEX
  5
CD
330
C9
100
AcDbEntity
  8
3
 62
   215
100
AcDbVertex
100
AcDbPolyFaceMeshVertex
 10
33115.0
 20
9665.000000000004
 30
20977.0
 70
   192
  0
VERTEX
  5
CE
330
C9
100
AcDbEntity
  8
3
 62
   215
100
AcDbVertex
100
AcDbPolyFaceMeshVertex
 10
33165.0
 20
9135.000000000004
 30
21005.0
 70
   192
  0
VERTEX
  5
CF
330
C9
100
AcDbEntity
  8
3
 62
   215
100
AcDbVertex
100
AcDbPolyFaceMeshVertex
 10
33165.0
 20
9665.000000000004
 30
21005.0
 70
   192
  0
VERTEX
  5
D0
330
C9
100
AcDbEntity
  8
3
 62
   215
100
AcDbVertex
100
AcDbPolyFaceMeshVertex
 10
33115.0
 20
9135.000000000004
 30
21005.0
 70
   192
  0
VERTEX
  5
D1
330
C9
100
AcDbEntity
  8
3
 62
   215
100
AcDbVertex
100
AcDbPolyFaceMeshVertex
 10
33115.0
 20
9665.000000000004
 30
21005.0
 70
   192
  0
VERTEX
  5
D2
330
C9
100
AcDbEntity
  8
3
 62
   215
100
AcDbFaceRecord
 10
0.0
 20
0.0
 30
0.0
 70
   128
 71
     1
 72
     2
 73
    -3
 74
    -3
  0
VERTEX
  5
D3
330
C9
100
AcDbEntity
  8
3
 62
   215
100
AcDbFaceRecord
 10
0.0
 20
0.0
 30
0.0
 70
   128
 71
    -1
 72
     3
 73
     4
 74
     4
  0
VERTEX
  5
D4
330
C9
100
AcDbEntity
  8
3
 62
   215
100
AcDbFaceRecord
 10
0.0
 20
0.0
 30
0.0
 70
   128
 71
     2
 72
     5
 73
    -6
 74
    -6
  0
VERTEX
  5
D5
330
C9
100
AcDbEntity
  8
3
 62
   215
100
AcDbFaceRecord
 10
0.0
 20
0.0
 30
0.0
 70
   128
 71
    -2
 72
     6
 73
     3
 74
     3
  0
VERTEX
  5
D6
330
C9
100
AcDbEntity
  8
3
 62
   215
100
AcDbFaceRecord
 10
0.0
 20
0.0
 30
0.0
 70
   128
 71
     5
 72
     7
 73
    -8
 74
    -8
  0
VERTEX
  5
D7
330
C9
100
AcDbEntity
  8
3
 62
   215
100
AcDbFaceRecord
 10
0.0
 20
0.0
 30
0.0
 70
   128
 71
    -5
 72
     8
 73
     6
 74
     6
  0
VERTEX
  5
D8
330
C9
100
AcDbEntity
  8
3
 62
   215
100
AcDbFaceRecord
 10
0.0
 20
0.0
 30
0.0
 70
   128
 71
     7
 72
     1
 73
    -4
 74
    -4
  0
VERTEX
  5
D9
330
C9
100
AcDbEntity
  8
3
 62
   215
100
AcDbFaceRecord
 10
0.0
 20
0.0
 30
0.0
 70
   128
 71
    -7
 72
     4
 73
     8
 74
     8
  0
VERTEX
  5
DA
330
C9
100
AcDbEntity
  8
3
 62
   215
100
AcDbFaceRecord
 10
0.0
 20
0.0
 30
0.0
 70
   128
 71
     2
 72
     1
 73
    -7
 74
    -7
  0
VERTEX
  5
DB
330
C9
100
AcDbEntity
  8
3
 62
   215
100
AcDbFaceRecord
 10
0.0
 20
0.0
 30
0.0
 70
   128
 71
    -2
 72
     7
 73
     5
 74
     5
  0
VERTEX
  5
DC
330
C9
100
AcDbEntity
  8
3
 62
   215
100
AcDbFaceRecord
 10
0.0
 20
0.0
 30
0.0
 70
   128
 71
     4
 72
     3
 73
    -6
 74
    -6
  0
VERTEX
  5
DD
330
C9
100
AcDbEntity
  8
3
 62
   215
100
AcDbFaceRecord
 10
0.0
 20
0.0
 30
0.0
 70
   128
 71
    -4
 72
     6
 73
     8
 74
     8
  0
SEQEND
  5
DE
330
C9
100
AcDbEntity
  8
3
 62
   215
  0
POLYLINE
  5
DF
330
1F
100
AcDbEntity
  8
7
 62
   206
420
  6689894
100
AcDbPolyFaceMesh
 66
     1
 10
0.0
 20
0.0
 30
0.0
 70
    64
 71
     8
 72
    12
1001
TeklaStructures
1000
ID
1000
148855592
  0
VERTEX
  5
E0
330
DF
100
AcDbEntity
  8
7
 62
   206
100
AcDbVertex
100
AcDbPolyFaceMeshVertex
 10
32460.00000000001
 20
9665.000000000004
 30
20620.0
 70
   192
  0
VERTEX
  5
E1
330
DF
100
AcDbEntity
  8
7
 62
   206
100
AcDbVertex
100
AcDbPolyFaceMeshVertex
 10
33140.0
 20
9665.000000000004
 30
20620.0
 70
   192
  0
VERTEX
  5
E2
330
DF
100
AcDbEntity
  8
7
 62
   206
100
AcDbVertex
100
AcDbPolyFaceMeshVertex
 10
33140.0
 20
9665.000000000004
 30
20642.0
 70
   192
  0
VERTEX
  5
E3
330
DF
100
AcDbEntity
  8
7
 62
   206
100
AcDbVertex
100
AcDbPolyFaceMeshVertex
 10
32460.00000000001
 20
9665.000000000004
 30
20642.0
 70
   192
  0
VERTEX
  5
E4
330
DF
100
AcDbEntity
  8
7
 62
   206
100
AcDbVertex
100
AcDbPolyFaceMeshVertex
 10
33140.0
 20
9135.000000000004
 30
20620.0
 70
   192
  0
VERTEX
  5
E5
330
DF
100
AcDbEntity
  8
7
 62
   206
100
AcDbVertex
100
AcDbPolyFaceMeshVertex
 10
33140.0
 20
9135.000000000004
 30
20642.0
 70
   192
  0
VERTEX
  5
E6
330
DF
100
AcDbEntity
  8
7
 62
   206
100
AcDbVertex
100
AcDbPolyFaceMeshVertex
 10
32460.00000000001
 20
9135.000000000004
 30
20620.0
 70
   192
  0
VERTEX
  5
E7
330
DF
100
AcDbEntity
  8
7
 62
   206
100
AcDbVertex
100
AcDbPolyFaceMeshVertex
 10
32460.00000000001
 20
9135.000000000004
 30
20642.0
 70
   192
  0
VERTEX
  5
E8
330
DF
100
AcDbEntity
  8
7
 62
   206
100
AcDbFaceRecord
 10
0.0
 20
0.0
 30
0.0
 70
   128
 71
     1
 72
     2
 73
    -3
 74
    -3
  0
VERTEX
  5
E9
330
DF
100
AcDbEntity
  8
7
 62
   206
100
AcDbFaceRecord
 10
0.0
 20
0.0
 30
0.0
 70
   128
 71
    -1
 72
     3
 73
     4
 74
     4
  0
VERTEX
  5
EA
330
DF
100
AcDbEntity
  8
7
 62
   206
100
AcDbFaceRecord
 10
0.0
 20
0.0
 30
0.0
 70
   128
 71
     2
 72
     5
 73
    -6
 74
    -6
  0
VERTEX
  5
EB
330
DF
100
AcDbEntity
  8
7
 62
   206
100
AcDbFaceRecord
 10
0.0
 20
0.0
 30
0.0
 70
   128
 71
    -2
 72
     6
 73
     3
 74
     3
  0
VERTEX
  5
EC
330
DF
100
AcDbEntity
  8
7
 62
   206
100
AcDbFaceRecord
 10
0.0
 20
0.0
 30
0.0
 70
   128
 71
     5
 72
     7
 73
    -8
 74
    -8
  0
VERTEX
  5
ED
330
DF
100
AcDbEntity
  8
7
 62
   206
100
AcDbFaceRecord
 10
0.0
 20
0.0
 30
0.0
 70
   128
 71
    -5
 72
     8
 73
     6
 74
     6
  0
VERTEX
  5
EE
330
DF
100
AcDbEntity
  8
7
 62
   206
100
AcDbFaceRecord
 10
0.0
 20
0.0
 30
0.0
 70
   128
 71
     7
 72
     1
 73
    -4
 74
    -4
  0
VERTEX
  5
EF
330
DF
100
AcDbEntity
  8
7
 62
   206
100
AcDbFaceRecord
 10
0.0
 20
0.0
 30
0.0
 70
   128
 71
    -7
 72
     4
 73
     8
 74
     8
  0
VERTEX
  5
F0
330
DF
100
AcDbEntity
  8
7
 62
   206
100
AcDbFaceRecord
 10
0.0
 20
0.0
 30
0.0
 70
   128
 71
     2
 72
     1
 73
    -7
 74
    -7
  0
VERTEX
  5
F1
330
DF
100
AcDbEntity
  8
7
 62
   206
100
AcDbFaceRecord
 10
0.0
 20
0.0
 30
0.0
 70
   128
 71
    -2
 72
     7
 73
     5
 74
     5
  0
VERTEX
  5
F2
330
DF
100
AcDbEntity
  8
7
 62
   206
100
AcDbFaceRecord
 10
0.0
 20
0.0
 30
0.0
 70
   128
 71
     4
 72
     3
 73
    -6
 74
    -6
  0
VERTEX
  5
F3
330
DF
100
AcDbEntity
  8
7
 62
   206
100
AcDbFaceRecord
 10
0.0
 20
0.0
 30
0.0
 70
   128
 71
    -4
 72
     6
 73
     8
 74
     8
  0
SEQEND
  5
F4
330
DF
100
AcDbEntity
  8
7
 62
   206
  0
POLYLINE
  5
F5
330
1F
100
AcDbEntity
  8
3
 62
   215
420
 10905254
100
AcDbPolyFaceMesh
 66
     1
 10
0.0
 20
0.0
 30
0.0
 70
    64
 71
     8
 72
    12
1001
TeklaStructures
1000
ID
1000
148855599
  0
VERTEX
  5
F6
330
F5
100
AcDbEntity
  8
3
 62
   215
100
AcDbVertex
100
AcDbPolyFaceMeshVertex
 10
32435.00000000001
 20
9135.000000000004
 30
20642.0
 70
   192
  0
VERTEX
  5
F7
330
F5
100
AcDbEntity
  8
3
 62
   215
100
AcDbVertex
100
AcDbPolyFaceMeshVertex
 10
32485.00000000001
 20
9135.000000000004
 30
20642.0
 70
   192
  0
VERTEX
  5
F8
330
F5
100
AcDbEntity
  8
3
 62
   215
100
AcDbVertex
100
AcDbPolyFaceMeshVertex
 10
32485.00000000001
 20
9665.000000000004
 30
20642.0
 70
   192
  0
VERTEX
  5
F9
330
F5
100
AcDbEntity
  8
3
 62
   215
100
AcDbVertex
100
AcDbPolyFaceMeshVertex
 10
32435.00000000001
 20
9665.000000000004
 30
20642.0
 70
   192
  0
VERTEX
  5
FA
330
F5
100
AcDbEntity
  8
3
 62
   215
100
AcDbVertex
100
AcDbPolyFaceMeshVertex
 10
32485.00000000001
 20
9135.000000000004
 30
20670.0
 70
   192
  0
VERTEX
  5
FB
330
F5
100
AcDbEntity
  8
3
 62
   215
100
AcDbVertex
100
AcDbPolyFaceMeshVertex
 10
32485.00000000001
 20
9665.000000000004
 30
20670.0
 70
   192
  0
VERTEX
  5
FC
330
F5
100
AcDbEntity
  8
3
 62
   215
100
AcDbVertex
100
AcDbPolyFaceMeshVertex
 10
32435.00000000001
 20
9135.000000000004
 30
20670.0
 70
   192
  0
VERTEX
  5
FD
330
F5
100
AcDbEntity
  8
3
 62
   215
100
AcDbVertex
100
AcDbPolyFaceMeshVertex
 10
32435.00000000001
 20
9665.000000000004
 30
20670.0
 70
   192
  0
VERTEX
  5
FE
330
F5
100
AcDbEntity
  8
3
 62
   215
100
AcDbFaceRecord
 10
0.0
 20
0.0
 30
0.0
 70
   128
 71
     1
 72
     2
 73
    -3
 74
    -3
  0
VERTEX
  5
FF
330
F5
100
AcDbEntity
  8
3
 62
   215
100
AcDbFaceRecord
 10
0.0
 20
0.0
 30
0.0
 70
   128
 71
    -1
 72
     3
 73
     4
 74
     4
  0
VERTEX
  5
100
330
F5
100
AcDbEntity
  8
3
 62
   215
100
AcDbFaceRecord
 10
0.0
 20
0.0
 30
0.0
 70
   128
 71
     2
 72
     5
 73
    -6
 74
    -6
  0
VERTEX
  5
101
330
F5
100
AcDbEntity
  8
3
 62
   215
100
AcDbFaceRecord
 10
0.0
 20
0.0
 30
0.0
 70
   128
 71
    -2
 72
     6
 73
     3
 74
     3
  0
VERTEX
  5
102
330
F5
100
AcDbEntity
  8
3
 62
   215
100
AcDbFaceRecord
 10
0.0
 20
0.0
 30
0.0
 70
   128
 71
     5
 72
     7
 73
    -8
 74
    -8
  0
VERTEX
  5
103
330
F5
100
AcDbEntity
  8
3
 62
   215
100
AcDbFaceRecord
 10
0.0
 20
0.0
 30
0.0
 70
   128
 71
    -5
 72
     8
 73
     6
 74
     6
  0
VERTEX
  5
104
330
F5
100
AcDbEntity
  8
3
 62
   215
100
AcDbFaceRecord
 10
0.0
 20
0.0
 30
0.0
 70
   128
 71
     7
 72
     1
 73
    -4
 74
    -4
  0
VERTEX
  5
105
330
F5
100
AcDbEntity
  8
3
 62
   215
100
AcDbFaceRecord
 10
0.0
 20
0.0
 30
0.0
 70
   128
 71
    -7
 72
     4
 73
     8
 74
     8
  0
VERTEX
  5
106
330
F5
100
AcDbEntity
  8
3
 62
   215
100
AcDbFaceRecord
 10
0.0
 20
0.0
 30
0.0
 70
   128
 71
     2
 72
     1
 73
    -7
 74
    -7
  0
VERTEX
  5
107
330
F5
100
AcDbEntity
  8
3
 62
   215
100
AcDbFaceRecord
 10
0.0
 20
0.0
 30
0.0
 70
   128
 71
    -2
 72
     7
 73
     5
 74
     5
  0
VERTEX
  5
108
330
F5
100
AcDbEntity
  8
3
 62
   215
100
AcDbFaceRecord
 10
0.0
 20
0.0
 30
0.0
 70
   128
 71
     4
 72
     3
 73
    -6
 74
    -6
  0
VERTEX
  5
109
330
F5
100
AcDbEntity
  8
3
 62
   215
100
AcDbFaceRecord
 10
0.0
 20
0.0
 30
0.0
 70
   128
 71
    -4
 72
     6
 73
     8
 74
     8
  0
SEQEND
  5
10A
330
F5
100
AcDbEntity
  8
3
 62
   215
  0
POLYLINE
  5
10B
330
1F
100
AcDbEntity
  8
3
 62
   215
420
 10905254
100
AcDbPolyFaceMesh
 66
     1
 10
0.0
 20
0.0
 30
0.0
 70
    64
 71
     8
 72
    12
1001
TeklaStructures
1000
ID
1000
148855606
  0
VERTEX
  5
10C
330
10B
100
AcDbEntity
  8
3
 62
   215
100
AcDbVertex
100
AcDbPolyFaceMeshVertex
 10
33115.0
 20
9135.000000000004
 30
20642.0
 70
   192
  0
VERTEX
  5
10D
330
10B
100
AcDbEntity
  8
3
 62
   215
100
AcDbVertex
100
AcDbPolyFaceMeshVertex
 10
33165.0
 20
9135.000000000004
 30
20642.0
 70
   192
  0
VERTEX
  5
10E
330
10B
100
AcDbEntity
  8
3
 62
   215
100
AcDbVertex
100
AcDbPolyFaceMeshVertex
 10
33165.0
 20
9665.000000000004
 30
20642.0
 70
   192
  0
VERTEX
  5
10F
330
10B
100
AcDbEntity
  8
3
 62
   215
100
AcDbVertex
100
AcDbPolyFaceMeshVertex
 10
33115.0
 20
9665.000000000004
 30
20642.0
 70
   192
  0
VERTEX
  5
110
330
10B
100
AcDbEntity
  8
3
 62
   215
100
AcDbVertex
100
AcDbPolyFaceMeshVertex
 10
33165.0
 20
9135.000000000004
 30
20670.0
 70
   192
  0
VERTEX
  5
111
330
10B
100
AcDbEntity
  8
3
 62
   215
100
AcDbVertex
100
AcDbPolyFaceMeshVertex
 10
33165.0
 20
9665.000000000004
 30
20670.0
 70
   192
  0
VERTEX
  5
112
330
10B
100
AcDbEntity
  8
3
 62
   215
100
AcDbVertex
100
AcDbPolyFaceMeshVertex
 10
33115.0
 20
9135.000000000004
 30
20670.0
 70
   192
  0
VERTEX
  5
113
330
10B
100
AcDbEntity
  8
3
 62
   215
100
AcDbVertex
100
AcDbPolyFaceMeshVertex
 10
33115.0
 20
9665.000000000004
 30
20670.0
 70
   192
  0
VERTEX
  5
114
330
10B
100
AcDbEntity
  8
3
 62
   215
100
AcDbFaceRecord
 10
0.0
 20
0.0
 30
0.0
 70
   128
 71
     1
 72
     2
 73
    -3
 74
    -3
  0
VERTEX
  5
115
330
10B
100
AcDbEntity
  8
3
 62
   215
100
AcDbFaceRecord
 10
0.0
 20
0.0
 30
0.0
 70
   128
 71
    -1
 72
     3
 73
     4
 74
     4
  0
VERTEX
  5
116
330
10B
100
AcDbEntity
  8
3
 62
   215
100
AcDbFaceRecord
 10
0.0
 20
0.0
 30
0.0
 70
   128
 71
     2
 72
     5
 73
    -6
 74
    -6
  0
VERTEX
  5
117
330
10B
100
AcDbEntity
  8
3
 62
   215
100
AcDbFaceRecord
 10
0.0
 20
0.0
 30
0.0
 70
   128
 71
    -2
 72
     6
 73
     3
 74
     3
  0
VERTEX
  5
118
330
10B
100
AcDbEntity
  8
3
 62
   215
100
AcDbFaceRecord
 10
0.0
 20
0.0
 30
0.0
 70
   128
 71
     5
 72
     7
 73
    -8
 74
    -8
  0
VERTEX
  5
119
330
10B
100
AcDbEntity
  8
3
 62
   215
100
AcDbFaceRecord
 10
0.0
 20
0.0
 30
0.0
 70
   128
 71
    -5
 72
     8
 73
     6
 74
     6
  0
VERTEX
  5
11A
330
10B
100
AcDbEntity
  8
3
 62
   215
100
AcDbFaceRecord
 10
0.0
 20
0.0
 30
0.0
 70
   128
 71
     7
 72
     1
 73
    -4
 74
    -4
  0
VERTEX
  5
11B
330
10B
100
AcDbEntity
  8
3
 62
   215
100
AcDbFaceRecord
 10
0.0
 20
0.0
 30
0.0
 70
   128
 71
    -7
 72
     4
 73
     8
 74
     8
  0
VERTEX
  5
11C
330
10B
100
AcDbEntity
  8
3
 62
   215
100
AcDbFaceRecord
 10
0.0
 20
0.0
 30
0.0
 70
   128
 71
     2
 72
     1
 73
    -7
 74
    -7
  0
VERTEX
  5
11D
330
10B
100
AcDbEntity
  8
3
 62
   215
100
AcDbFaceRecord
 10
0.0
 20
0.0
 30
0.0
 70
   128
 71
    -2
 72
     7
 73
     5
 74
     5
  0
VERTEX
  5
11E
330
10B
100
AcDbEntity
  8
3
 62
   215
100
AcDbFaceRecord
 10
0.0
 20
0.0
 30
0.0
 70
   128
 71
     4
 72
     3
 73
    -6
 74
    -6
  0
VERTEX
  5
11F
330
10B
100
AcDbEntity
  8
3
 62
   215
100
AcDbFaceRecord
 10
0.0
 20
0.0
 30
0.0
 70
   128
 71
    -4
 72
     6
 73
     8
 74
     8
  0
SEQEND
  5
120
330
10B
100
AcDbEntity
  8
3
 62
   215
  0
POLYLINE
  5
121
330
1F
100
AcDbEntity
  8
3
 62
   215
420
 10905254
100
AcDbPolyFaceMesh
 66
     1
 10
0.0
 20
0.0
 30
0.0
 70
    64
 71
     8
 72
    12
1001
TeklaStructures
1000
ID
1000
148855613
  0
VERTEX
  5
122
330
121
100
AcDbEntity
  8
3
 62
   215
100
AcDbVertex
100
AcDbPolyFaceMeshVertex
 10
32435.00000000001
 20
9135.000000000004
 30
20592.0
 70
   192
  0
VERTEX
  5
123
330
121
100
AcDbEntity
  8
3
 62
   215
100
AcDbVertex
100
AcDbPolyFaceMeshVertex
 10
32485.00000000001
 20
9135.000000000004
 30
20592.0
 70
   192
  0
VERTEX
  5
124
330
121
100
AcDbEntity
  8
3
 62
   215
100
AcDbVertex
100
AcDbPolyFaceMeshVertex
 10
32485.00000000001
 20
9665.000000000004
 30
20592.0
 70
   192
  0
VERTEX
  5
125
330
121
100
AcDbEntity
  8
3
 62
   215
100
AcDbVertex
100
AcDbPolyFaceMeshVertex
 10
32435.00000000001
 20
9665.000000000004
 30
20592.0
 70
   192
  0
VERTEX
  5
126
330
121
100
AcDbEntity
  8
3
 62
   215
100
AcDbVertex
100
AcDbPolyFaceMeshVertex
 10
32485.00000000001
 20
9135.000000000004
 30
20620.0
 70
   192
  0
VERTEX
  5
127
330
121
100
AcDbEntity
  8
3
 62
   215
100
AcDbVertex
100
AcDbPolyFaceMeshVertex
 10
32485.00000000001
 20
9665.000000000004
 30
20620.0
 70
   192
  0
VERTEX
  5
128
330
121
100
AcDbEntity
  8
3
 62
   215
100
AcDbVertex
100
AcDbPolyFaceMeshVertex
 10
32435.00000000001
 20
9135.000000000004
 30
20620.0
 70
   192
  0
VERTEX
  5
129
330
121
100
AcDbEntity
  8
3
 62
   215
100
AcDbVertex
100
AcDbPolyFaceMeshVertex
 10
32435.00000000001
 20
9665.000000000004
 30
20620.0
 70
   192
  0
VERTEX
  5
12A
330
121
100
AcDbEntity
  8
3
 62
   215
100
AcDbFaceRecord
 10
0.0
 20
0.0
 30
0.0
 70
   128
 71
     1
 72
     2
 73
    -3
 74
    -3
  0
VERTEX
  5
12B
330
121
100
AcDbEntity
  8
3
 62
   215
100
AcDbFaceRecord
 10
0.0
 20
0.0
 30
0.0
 70
   128
 71
    -1
 72
     3
 73
     4
 74
     4
  0
VERTEX
  5
12C
330
121
100
AcDbEntity
  8
3
 62
   215
100
AcDbFaceRecord
 10
0.0
 20
0.0
 30
0.0
 70
   128
 71
     2
 72
     5
 73
    -6
 74
    -6
  0
VERTEX
  5
12D
330
121
100
AcDbEntity
  8
3
 62
   215
100
AcDbFaceRecord
 10
0.0
 20
0.0
 30
0.0
 70
   128
 71
    -2
 72
     6
 73
     3
 74
     3
  0
VERTEX
  5
12E
330
121
100
AcDbEntity
  8
3
 62
   215
100
AcDbFaceRecord
 10
0.0
 20
0.0
 30
0.0
 70
   128
 71
     5
 72
     7
 73
    -8
 74
    -8
  0
VERTEX
  5
12F
330
121
100
AcDbEntity
  8
3
 62
   215
100
AcDbFaceRecord
 10
0.0
 20
0.0
 30
0.0
 70
   128
 71
    -5
 72
     8
 73
     6
 74
     6
  0
VERTEX
  5
130
330
121
100
AcDbEntity
  8
3
 62
   215
100
AcDbFaceRecord
 10
0.0
 20
0.0
 30
0.0
 70
   128
 71
     7
 72
     1
 73
    -4
 74
    -4
  0
VERTEX
  5
131
330
121
100
AcDbEntity
  8
3
 62
   215
100
AcDbFaceRecord
 10
0.0
 20
0.0
 30
0.0
 70
   128
 71
    -7
 72
     4
 73
     8
 74
     8
  0
VERTEX
  5
132
330
121
100
AcDbEntity
  8
3
 62
   215
100
AcDbFaceRecord
 10
0.0
 20
0.0
 30
0.0
 70
   128
 71
     2
 72
     1
 73
    -7
 74
    -7
  0
VERTEX
  5
133
330
121
100
AcDbEntity
  8
3
 62
   215
100
AcDbFaceRecord
 10
0.0
 20
0.0
 30
0.0
 70
   128
 71
    -2
 72
     7
 73
     5
 74
     5
  0
VERTEX
  5
134
330
121
100
AcDbEntity
  8
3
 62
   215
100
AcDbFaceRecord
 10
0.0
 20
0.0
 30
0.0
 70
   128
 71
     4
 72
     3
 73
    -6
 74
    -6
  0
VERTEX
  5
135
330
121
100
AcDbEntity
  8
3
 62
   215
100
AcDbFaceRecord
 10
0.0
 20
0.0
 30
0.0
 70
   128
 71
    -4
 72
     6
 73
     8
 74
     8
  0
SEQEND
  5
136
330
121
100
AcDbEntity
  8
3
 62
   215
  0
POLYLINE
  5
137
330
1F
100
AcDbEntity
  8
3
 62
   215
420
 10905254
100
AcDbPolyFaceMesh
 66
     1
 10
0.0
 20
0.0
 30
0.0
 70
    64
 71
     8
 72
    12
1001
TeklaStructures
1000
ID
1000
148855620
  0
VERTEX
  5
138
330
137
100
AcDbEntity
  8
3
 62
   215
100
AcDbVertex
100
AcDbPolyFaceMeshVertex
 10
33115.0
 20
9135.000000000004
 30
20592.0
 70
   192
  0
VERTEX
  5
139
330
137
100
AcDbEntity
  8
3
 62
   215
100
AcDbVertex
100
AcDbPolyFaceMeshVertex
 10
33165.0
 20
9135.000000000004
 30
20592.0
 70
   192
  0
VERTEX
  5
13A
330
137
100
AcDbEntity
  8
3
 62
   215
100
AcDbVertex
100
AcDbPolyFaceMeshVertex
 10
33165.0
 20
9665.000000000004
 30
20592.0
 70
   192
  0
VERTEX
  5
13B
330
137
100
AcDbEntity
  8
3
 62
   215
100
AcDbVertex
100
AcDbPolyFaceMeshVertex
 10
33115.0
 20
9665.000000000004
 30
20592.0
 70
   192
  0
VERTEX
  5
13C
330
137
100
AcDbEntity
  8
3
 62
   215
100
AcDbVertex
100
AcDbPolyFaceMeshVertex
 10
33165.0
 20
9135.000000000004
 30
20620.0
 70
   192
  0
VERTEX
  5
13D
330
137
100
AcDbEntity
  8
3
 62
   215
100
AcDbVertex
100
AcDbPolyFaceMeshVertex
 10
33165.0
 20
9665.000000000004
 30
20620.0
 70
   192
  0
VERTEX
  5
13E
330
137
100
AcDbEntity
  8
3
 62
   215
100
AcDbVertex
100
AcDbPolyFaceMeshVertex
 10
33115.0
 20
9135.000000000004
 30
20620.0
 70
   192
  0
VERTEX
  5
13F
330
137
100
AcDbEntity
  8
3
 62
   215
100
AcDbVertex
100
AcDbPolyFaceMeshVertex
 10
33115.0
 20
9665.000000000004
 30
20620.0
 70
   192
  0
VERTEX
  5
140
330
137
100
AcDbEntity
  8
3
 62
   215
100
AcDbFaceRecord
 10
0.0
 20
0.0
 30
0.0
 70
   128
 71
     1
 72
     2
 73
    -3
 74
    -3
  0
VERTEX
  5
141
330
137
100
AcDbEntity
  8
3
 62
   215
100
AcDbFaceRecord
 10
0.0
 20
0.0
 30
0.0
 70
   128
 71
    -1
 72
     3
 73
     4
 74
     4
  0
VERTEX
  5
142
330
137
100
AcDbEntity
  8
3
 62
   215
100
AcDbFaceRecord
 10
0.0
 20
0.0
 30
0.0
 70
   128
 71
     2
 72
     5
 73
    -6
 74
    -6
  0
VERTEX
  5
143
330
137
100
AcDbEntity
  8
3
 62
   215
100
AcDbFaceRecord
 10
0.0
 20
0.0
 30
0.0
 70
   128
 71
    -2
 72
     6
 73
     3
 74
     3
  0
VERTEX
  5
144
330
137
100
AcDbEntity
  8
3
 62
   215
100
AcDbFaceRecord
 10
0.0
 20
0.0
 30
0.0
 70
   128
 71
     5
 72
     7
 73
    -8
 74
    -8
  0
VERTEX
  5
145
330
137
100
AcDbEntity
  8
3
 62
   215
100
AcDbFaceRecord
 10
0.0
 20
0.0
 30
0.0
 70
   128
 71
    -5
 72
     8
 73
     6
 74
     6
  0
VERTEX
  5
146
330
137
100
AcDbEntity
  8
3
 62
   215
100
AcDbFaceRecord
 10
0.0
 20
0.0
 30
0.0
 70
   128
 71
     7
 72
     1
 73
    -4
 74
    -4
  0
VERTEX
  5
147
330
137
100
AcDbEntity
  8
3
 62
   215
100
AcDbFaceRecord
 10
0.0
 20
0.0
 30
0.0
 70
   128
 71
    -7
 72
     4
 73
     8
 74
     8
  0
VERTEX
  5
148
330
137
100
AcDbEntity
  8
3
 62
   215
100
AcDbFaceRecord
 10
0.0
 20
0.0
 30
0.0
 70
   128
 71
     2
 72
     1
 73
    -7
 74
    -7
  0
VERTEX
  5
149
330
137
100
AcDbEntity
  8
3
 62
   215
100
AcDbFaceRecord
 10
0.0
 20
0.0
 30
0.0
 70
   128
 71
    -2
 72
     7
 73
     5
 74
     5
  0
VERTEX
  5
14A
330
137
100
AcDbEntity
  8
3
 62
   215
100
AcDbFaceRecord
 10
0.0
 20
0.0
 30
0.0
 70
   128
 71
     4
 72
     3
 73
    -6
 74
    -6
  0
VERTEX
  5
14B
330
137
100
AcDbEntity
  8
3
 62
   215
100
AcDbFaceRecord
 10
0.0
 20
0.0
 30
0.0
 70
   128
 71
    -4
 72
     6
 73
     8
 74
     8
  0
SEQEND
  5
14C
330
137
100
AcDbEntity
  8
3
 62
   215
  0
POLYLINE
  5
14E
330
1F
100
AcDbEntity
  8
42
 62
   159
420
  2702694
100
AcDbPolyFaceMesh
 66
     1
 10
0.0
 20
0.0
 30
0.0
 70
    64
 71
     8
 72
    12
1001
TeklaStructures
1000
ID
1000
144321860
  0
VERTEX
  5
14F
330
14E
100
AcDbEntity
  8
42
 62
   159
100
AcDbVertex
100
AcDbPolyFaceMeshVertex
 10
32623.99328354707
 20
9700.003173867717
 30
20250.00000000002
 70
   192
  0
VERTEX
  5
150
330
14E
100
AcDbEntity
  8
42
 62
   159
100
AcDbVertex
100
AcDbPolyFaceMeshVertex
 10
32623.99328354707
 20
9700.003173867717
 30
20280.00000000002
 70
   192
  0
VERTEX
  5
151
330
14E
100
AcDbEntity
  8
42
 62
   159
100
AcDbVertex
100
AcDbPolyFaceMeshVertex
 10
32623.99329048207
 20
10065.00314945386
 30
20280.00000000002
 70
   192
  0
VERTEX
  5
152
330
14E
100
AcDbEntity
  8
42
 62
   159
100
AcDbVertex
100
AcDbPolyFaceMeshVertex
 10
32623.99329048207
 20
10065.00314945386
 30
20250.00000000002
 70
   192
  0
VERTEX
  5
153
330
14E
100
AcDbEntity
  8
42
 62
   159
100
AcDbVertex
100
AcDbPolyFaceMeshVertex
 10
32615.99328354707
 20
9700.003174019717
 30
20280.00000000002
 70
   192
  0
VERTEX
  5
154
330
14E
100
AcDbEntity
  8
42
 62
   159
100
AcDbVertex
100
AcDbPolyFaceMeshVertex
 10
32615.99329048207
 20
10065.00314960586
 30
20280.00000000002
 70
   192
  0
VERTEX
  5
155
330
14E
100
AcDbEntity
  8
42
 62
   159
100
AcDbVertex
100
AcDbPolyFaceMeshVertex
 10
32615.99328354707
 20
9700.003174019717
 30
20250.00000000002
 70
   192
  0
VERTEX
  5
156
330
14E
100
AcDbEntity
  8
42
 62
   159
100
AcDbVertex
100
AcDbPolyFaceMeshVertex
 10
32615.99329048207
 20
10065.00314960586
 30
20250.00000000002
 70
   192
  0
VERTEX
  5
157
330
14E
100
AcDbEntity
  8
42
 62
   159
100
AcDbFaceRecord
 10
0.0
 20
0.0
 30
0.0
 70
   128
 71
     1
 72
     2
 73
    -3
 74
    -3
  0
VERTEX
  5
158
330
14E
100
AcDbEntity
  8
42
 62
   159
100
AcDbFaceRecord
 10
0.0
 20
0.0
 30
0.0
 70
   128
 71
    -1
 72
     3
 73
     4
 74
     4
  0
VERTEX
  5
159
330
14E
100
AcDbEntity
  8
42
 62
   159
100
AcDbFaceRecord
 10
0.0
 20
0.0
 30
0.0
 70
   128
 71
     2
 72
     5
 73
    -6
 74
    -6
  0
VERTEX
  5
15A
330
14E
100
AcDbEntity
  8
42
 62
   159
100
AcDbFaceRecord
 10
0.0
 20
0.0
 30
0.0
 70
   128
 71
    -2
 72
     6
 73
     3
 74
     3
  0
VERTEX
  5
15B
330
14E
100
AcDbEntity
  8
42
 62
   159
100
AcDbFaceRecord
 10
0.0
 20
0.0
 30
0.0
 70
   128
 71
     5
 72
     7
 73
    -8
 74
    -8
  0
VERTEX
  5
15C
330
14E
100
AcDbEntity
  8
42
 62
   159
100
AcDbFaceRecord
 10
0.0
 20
0.0
 30
0.0
 70
   128
 71
    -5
 72
     8
 73
     6
 74
     6
  0
VERTEX
  5
15D
330
14E
100
AcDbEntity
  8
42
 62
   159
100
AcDbFaceRecord
 10
0.0
 20
0.0
 30
0.0
 70
   128
 71
     7
 72
     1
 73
    -4
 74
    -4
  0
VERTEX
  5
15E
330
14E
100
AcDbEntity
  8
42
 62
   159
100
AcDbFaceRecord
 10
0.0
 20
0.0
 30
0.0
 70
   128
 71
    -7
 72
     4
 73
     8
 74
     8
  0
VERTEX
  5
15F
330
14E
100
AcDbEntity
  8
42
 62
   159
100
AcDbFaceRecord
 10
0.0
 20
0.0
 30
0.0
 70
   128
 71
     2
 72
     1
 73
    -7
 74
    -7
  0
VERTEX
  5
160
330
14E
100
AcDbEntity
  8
42
 62
   159
100
AcDbFaceRecord
 10
0.0
 20
0.0
 30
0.0
 70
   128
 71
    -2
 72
     7
 73
     5
 74
     5
  0
VERTEX
  5
161
330
14E
100
AcDbEntity
  8
42
 62
   159
100
AcDbFaceRecord
 10
0.0
 20
0.0
 30
0.0
 70
   128
 71
     4
 72
     3
 73
    -6
 74
    -6
  0
VERTEX
  5
162
330
14E
100
AcDbEntity
  8
42
 62
   159
100
AcDbFaceRecord
 10
0.0
 20
0.0
 30
0.0
 70
   128
 71
    -4
 72
     6
 73
     8
 74
     8
  0
SEQEND
  5
163
330
14E
100
AcDbEntity
  8
42
 62
   159
  0
POLYLINE
  5
164
330
1F
100
AcDbEntity
  8
42
 62
   159
420
  2702694
100
AcDbPolyFaceMesh
 66
     1
 10
0.0
 20
0.0
 30
0.0
 70
    64
 71
     8
 72
    12
1001
TeklaStructures
1000
ID
1000
144321875
  0
VERTEX
  5
165
330
164
100
AcDbEntity
  8
42
 62
   159
100
AcDbVertex
100
AcDbPolyFaceMeshVertex
 10
32983.99315012928
 20
9700.002471193768
 30
20250.00000000002
 70
   192
  0
VERTEX
  5
166
330
164
100
AcDbEntity
  8
42
 62
   159
100
AcDbVertex
100
AcDbPolyFaceMeshVertex
 10
32983.99315012928
 20
9700.002471193768
 30
20280.00000000002
 70
   192
  0
VERTEX
  5
167
330
164
100
AcDbEntity
  8
42
 62
   159
100
AcDbVertex
100
AcDbPolyFaceMeshVertex
 10
32983.99315706428
 20
10065.00244677991
 30
20280.00000000002
 70
   192
  0
VERTEX
  5
168
330
164
100
AcDbEntity
  8
42
 62
   159
100
AcDbVertex
100
AcDbPolyFaceMeshVertex
 10
32983.99315706428
 20
10065.00244677991
 30
20250.00000000002
 70
   192
  0
VERTEX
  5
169
330
164
100
AcDbEntity
  8
42
 62
   159
100
AcDbVertex
100
AcDbPolyFaceMeshVertex
 10
32975.99315012928
 20
9700.002471345766
 30
20280.00000000002
 70
   192
  0
VERTEX
  5
16A
330
164
100
AcDbEntity
  8
42
 62
   159
100
AcDbVertex
100
AcDbPolyFaceMeshVertex
 10
32975.99315706428
 20
10065.00244693191
 30
20280.00000000002
 70
   192
  0
VERTEX
  5
16B
330
164
100
AcDbEntity
  8
42
 62
   159
100
AcDbVertex
100
AcDbPolyFaceMeshVertex
 10
32975.99315012928
 20
9700.002471345766
 30
20250.00000000002
 70
   192
  0
VERTEX
  5
16C
330
164
100
AcDbEntity
  8
42
 62
   159
100
AcDbVertex
100
AcDbPolyFaceMeshVertex
 10
32975.99315706428
 20
10065.00244693191
 30
20250.00000000002
 70
   192
  0
VERTEX
  5
16D
330
164
100
AcDbEntity
  8
42
 62
   159
100
AcDbFaceRecord
 10
0.0
 20
0.0
 30
0.0
 70
   128
 71
     1
 72
     2
 73
    -3
 74
    -3
  0
VERTEX
  5
16E
330
164
100
AcDbEntity
  8
42
 62
   159
100
AcDbFaceRecord
 10
0.0
 20
0.0
 30
0.0
 70
   128
 71
    -1
 72
     3
 73
     4
 74
     4
  0
VERTEX
  5
16F
330
164
100
AcDbEntity
  8
42
 62
   159
100
AcDbFaceRecord
 10
0.0
 20
0.0
 30
0.0
 70
   128
 71
     2
 72
     5
 73
    -6
 74
    -6
  0
VERTEX
  5
170
330
164
100
AcDbEntity
  8
42
 62
   159
100
AcDbFaceRecord
 10
0.0
 20
0.0
 30
0.0
 70
   128
 71
    -2
 72
     6
 73
     3
 74
     3
  0
VERTEX
  5
171
330
164
100
AcDbEntity
  8
42
 62
   159
100
AcDbFaceRecord
 10
0.0
 20
0.0
 30
0.0
 70
   128
 71
     5
 72
     7
 73
    -8
 74
    -8
  0
VERTEX
  5
172
330
164
100
AcDbEntity
  8
42
 62
   159
100
AcDbFaceRecord
 10
0.0
 20
0.0
 30
0.0
 70
   128
 71
    -5
 72
     8
 73
     6
 74
     6
  0
VERTEX
  5
173
330
164
100
AcDbEntity
  8
42
 62
   159
100
AcDbFaceRecord
 10
0.0
 20
0.0
 30
0.0
 70
   128
 71
     7
 72
     1
 73
    -4
 74
    -4
  0
VERTEX
  5
174
330
164
100
AcDbEntity
  8
42
 62
   159
100
AcDbFaceRecord
 10
0.0
 20
0.0
 30
0.0
 70
   128
 71
    -7
 72
     4
 73
     8
 74
     8
  0
VERTEX
  5
175
330
164
100
AcDbEntity
  8
42
 62
   159
100
AcDbFaceRecord
 10
0.0
 20
0.0
 30
0.0
 70
   128
 71
     2
 72
     1
 73
    -7
 74
    -7
  0
VERTEX
  5
176
330
164
100
AcDbEntity
  8
42
 62
   159
100
AcDbFaceRecord
 10
0.0
 20
0.0
 30
0.0
 70
   128
 71
    -2
 72
     7
 73
     5
 74
     5
  0
VERTEX
  5
177
330
164
100
AcDbEntity
  8
42
 62
   159
100
AcDbFaceRecord
 10
0.0
 20
0.0
 30
0.0
 70
   128
 71
     4
 72
     3
 73
    -6
 74
    -6
  0
VERTEX
  5
178
330
164
100
AcDbEntity
  8
42
 62
   159
100
AcDbFaceRecord
 10
0.0
 20
0.0
 30
0.0
 70
   128
 71
    -4
 72
     6
 73
     8
 74
     8
  0
SEQEND
  5
179
330
164
100
AcDbEntity
  8
42
 62
   159
  0
POLYLINE
  5
17A
330
1F
100
AcDbEntity
  8
42
 62
   159
420
  2702694
100
AcDbPolyFaceMesh
 66
     1
 10
0.0
 20
0.0
 30
0.0
 70
    64
 71
     8
 72
    12
1001
TeklaStructures
1000
ID
1000
144321890
  0
VERTEX
  5
17B
330
17A
100
AcDbEntity
  8
42
 62
   159
100
AcDbVertex
100
AcDbPolyFaceMeshVertex
 10
32623.99328354708
 20
9700.003173867697
 30
20980.00000000002
 70
   192
  0
VERTEX
  5
17C
330
17A
100
AcDbEntity
  8
42
 62
   159
100
AcDbVertex
100
AcDbPolyFaceMeshVertex
 10
32623.99328354708
 20
9700.003173867697
 30
21010.00000000002
 70
   192
  0
VERTEX
  5
17D
330
17A
100
AcDbEntity
  8
42
 62
   159
100
AcDbVertex
100
AcDbPolyFaceMeshVertex
 10
32623.99329048208
 20
10065.00314945384
 30
21010.00000000002
 70
   192
  0
VERTEX
  5
17E
330
17A
100
AcDbEntity
  8
42
 62
   159
100
AcDbVertex
100
AcDbPolyFaceMeshVertex
 10
32623.99329048208
 20
10065.00314945384
 30
20980.00000000002
 70
   192
  0
VERTEX
  5
17F
330
17A
100
AcDbEntity
  8
42
 62
   159
100
AcDbVertex
100
AcDbPolyFaceMeshVertex
 10
32615.99328354708
 20
9700.003174019696
 30
21010.00000000002
 70
   192
  0
VERTEX
  5
180
330
17A
100
AcDbEntity
  8
42
 62
   159
100
AcDbVertex
100
AcDbPolyFaceMeshVertex
 10
32615.99329048208
 20
10065.00314960584
 30
21010.00000000002
 70
   192
  0
VERTEX
  5
181
330
17A
100
AcDbEntity
  8
42
 62
   159
100
AcDbVertex
100
AcDbPolyFaceMeshVertex
 10
32615.99328354708
 20
9700.003174019696
 30
20980.00000000002
 70
   192
  0
VERTEX
  5
182
330
17A
100
AcDbEntity
  8
42
 62
   159
100
AcDbVertex
100
AcDbPolyFaceMeshVertex
 10
32615.99329048208
 20
10065.00314960584
 30
20980.00000000002
 70
   192
  0
VERTEX
  5
183
330
17A
100
AcDbEntity
  8
42
 62
   159
100
AcDbFaceRecord
 10
0.0
 20
0.0
 30
0.0
 70
   128
 71
     1
 72
     2
 73
    -3
 74
    -3
  0
VERTEX
  5
184
330
17A
100
AcDbEntity
  8
42
 62
   159
100
AcDbFaceRecord
 10
0.0
 20
0.0
 30
0.0
 70
   128
 71
    -1
 72
     3
 73
     4
 74
     4
  0
VERTEX
  5
185
330
17A
100
AcDbEntity
  8
42
 62
   159
100
AcDbFaceRecord
 10
0.0
 20
0.0
 30
0.0
 70
   128
 71
     2
 72
     5
 73
    -6
 74
    -6
  0
VERTEX
  5
186
330
17A
100
AcDbEntity
  8
42
 62
   159
100
AcDbFaceRecord
 10
0.0
 20
0.0
 30
0.0
 70
   128
 71
    -2
 72
     6
 73
     3
 74
     3
  0
VERTEX
  5
187
330
17A
100
AcDbEntity
  8
42
 62
   159
100
AcDbFaceRecord
 10
0.0
 20
0.0
 30
0.0
 70
   128
 71
     5
 72
     7
 73
    -8
 74
    -8
  0
VERTEX
  5
188
330
17A
100
AcDbEntity
  8
42
 62
   159
100
AcDbFaceRecord
 10
0.0
 20
0.0
 30
0.0
 70
   128
 71
    -5
 72
     8
 73
     6
 74
     6
  0
VERTEX
  5
189
330
17A
100
AcDbEntity
  8
42
 62
   159
100
AcDbFaceRecord
 10
0.0
 20
0.0
 30
0.0
 70
   128
 71
     7
 72
     1
 73
    -4
 74
    -4
  0
VERTEX
  5
18A
330
17A
100
AcDbEntity
  8
42
 62
   159
100
AcDbFaceRecord
 10
0.0
 20
0.0
 30
0.0
 70
   128
 71
    -7
 72
     4
 73
     8
 74
     8
  0
VERTEX
  5
18B
330
17A
100
AcDbEntity
  8
42
 62
   159
100
AcDbFaceRecord
 10
0.0
 20
0.0
 30
0.0
 70
   128
 71
     2
 72
     1
 73
    -7
 74
    -7
  0
VERTEX
  5
18C
330
17A
100
AcDbEntity
  8
42
 62
   159
100
AcDbFaceRecord
 10
0.0
 20
0.0
 30
0.0
 70
   128
 71
    -2
 72
     7
 73
     5
 74
     5
  0
VERTEX
  5
18D
330
17A
100
AcDbEntity
  8
42
 62
   159
100
AcDbFaceRecord
 10
0.0
 20
0.0
 30
0.0
 70
   128
 71
     4
 72
     3
 73
    -6
 74
    -6
  0
VERTEX
  5
18E
330
17A
100
AcDbEntity
  8
42
 62
   159
100
AcDbFaceRecord
 10
0.0
 20
0.0
 30
0.0
 70
   128
 71
    -4
 72
     6
 73
     8
 74
     8
  0
SEQEND
  5
18F
330
17A
100
AcDbEntity
  8
42
 62
   159
  0
POLYLINE
  5
190
330
1F
100
AcDbEntity
  8
42
 62
   159
420
  2702694
100
AcDbPolyFaceMesh
 66
     1
 10
0.0
 20
0.0
 30
0.0
 70
    64
 71
     8
 72
    12
1001
TeklaStructures
1000
ID
1000
144321905
  0
VERTEX
  5
191
330
190
100
AcDbEntity
  8
42
 62
   159
100
AcDbVertex
100
AcDbPolyFaceMeshVertex
 10
32983.99315012928
 20
9700.002471193746
 30
20980.00000000002
 70
   192
  0
VERTEX
  5
192
330
190
100
AcDbEntity
  8
42
 62
   159
100
AcDbVertex
100
AcDbPolyFaceMeshVertex
 10
32983.99315012928
 20
9700.002471193746
 30
21010.00000000002
 70
   192
  0
VERTEX
  5
193
330
190
100
AcDbEntity
  8
42
 62
   159
100
AcDbVertex
100
AcDbPolyFaceMeshVertex
 10
32983.99315706428
 20
10065.00244677989
 30
21010.00000000002
 70
   192
  0
VERTEX
  5
194
330
190
100
AcDbEntity
  8
42
 62
   159
100
AcDbVertex
100
AcDbPolyFaceMeshVertex
 10
32983.99315706428
 20
10065.00244677989
 30
20980.00000000002
 70
   192
  0
VERTEX
  5
195
330
190
100
AcDbEntity
  8
42
 62
   159
100
AcDbVertex
100
AcDbPolyFaceMeshVertex
 10
32975.99315012928
 20
9700.002471345744
 30
21010.00000000002
 70
   192
  0
VERTEX
  5
196
330
190
100
AcDbEntity
  8
42
 62
   159
100
AcDbVertex
100
AcDbPolyFaceMeshVertex
 10
32975.99315706428
 20
10065.00244693188
 30
21010.00000000002
 70
   192
  0
VERTEX
  5
197
330
190
100
AcDbEntity
  8
42
 62
   159
100
AcDbVertex
100
AcDbPolyFaceMeshVertex
 10
32975.99315012928
 20
9700.002471345744
 30
20980.00000000002
 70
   192
  0
VERTEX
  5
198
330
190
100
AcDbEntity
  8
42
 62
   159
100
AcDbVertex
100
AcDbPolyFaceMeshVertex
 10
32975.99315706428
 20
10065.00244693188
 30
20980.00000000002
 70
   192
  0
VERTEX
  5
199
330
190
100
AcDbEntity
  8
42
 62
   159
100
AcDbFaceRecord
 10
0.0
 20
0.0
 30
0.0
 70
   128
 71
     1
 72
     2
 73
    -3
 74
    -3
  0
VERTEX
  5
19A
330
190
100
AcDbEntity
  8
42
 62
   159
100
AcDbFaceRecord
 10
0.0
 20
0.0
 30
0.0
 70
   128
 71
    -1
 72
     3
 73
     4
 74
     4
  0
VERTEX
  5
19B
330
190
100
AcDbEntity
  8
42
 62
   159
100
AcDbFaceRecord
 10
0.0
 20
0.0
 30
0.0
 70
   128
 71
     2
 72
     5
 73
    -6
 74
    -6
  0
VERTEX
  5
19C
330
190
100
AcDbEntity
  8
42
 62
   159
100
AcDbFaceRecord
 10
0.0
 20
0.0
 30
0.0
 70
   128
 71
    -2
 72
     6
 73
     3
 74
     3
  0
VERTEX
  5
19D
330
190
100
AcDbEntity
  8
42
 62
   159
100
AcDbFaceRecord
 10
0.0
 20
0.0
 30
0.0
 70
   128
 71
     5
 72
     7
 73
    -8
 74
    -8
  0
VERTEX
  5
19E
330
190
100
AcDbEntity
  8
42
 62
   159
100
AcDbFaceRecord
 10
0.0
 20
0.0
 30
0.0
 70
   128
 71
    -5
 72
     8
 73
     6
 74
     6
  0
VERTEX
  5
19F
330
190
100
AcDbEntity
  8
42
 62
   159
100
AcDbFaceRecord
 10
0.0
 20
0.0
 30
0.0
 70
   128
 71
     7
 72
     1
 73
    -4
 74
    -4
  0
VERTEX
  5
1A0
330
190
100
AcDbEntity
  8
42
 62
   159
100
AcDbFaceRecord
 10
0.0
 20
0.0
 30
0.0
 70
   128
 71
    -7
 72
     4
 73
     8
 74
     8
  0
VERTEX
  5
1A1
330
190
100
AcDbEntity
  8
42
 62
   159
100
AcDbFaceRecord
 10
0.0
 20
0.0
 30
0.0
 70
   128
 71
     2
 72
     1
 73
    -7
 74
    -7
  0
VERTEX
  5
1A2
330
190
100
AcDbEntity
  8
42
 62
   159
100
AcDbFaceRecord
 10
0.0
 20
0.0
 30
0.0
 70
   128
 71
    -2
 72
     7
 73
     5
 74
     5
  0
VERTEX
  5
1A3
330
190
100
AcDbEntity
  8
42
 62
   159
100
AcDbFaceRecord
 10
0.0
 20
0.0
 30
0.0
 70
   128
 71
     4
 72
     3
 73
    -6
 74
    -6
  0
VERTEX
  5
1A4
330
190
100
AcDbEntity
  8
42
 62
   159
100
AcDbFaceRecord
 10
0.0
 20
0.0
 30
0.0
 70
   128
 71
    -4
 72
     6
 73
     8
 74
     8
  0
SEQEND
  5
1A5
330
190
100
AcDbEntity
  8
42
 62
   159
  0
POLYLINE
  5
1A6
330
1F
100
AcDbEntity
  8
42
 62
   159
420
  2702694
100
AcDbPolyFaceMesh
 66
     1
 10
0.0
 20
0.0
 30
0.0
 70
    64
 71
     8
 72
    12
1001
TeklaStructures
1000
ID
1000
144321920
  0
VERTEX
  5
1A7
330
1A6
100
AcDbEntity
  8
42
 62
   159
100
AcDbVertex
100
AcDbPolyFaceMeshVertex
 10
32623.99322268254
 20
8734.998256904733
 30
20250.00000000002
 70
   192
  0
VERTEX
  5
1A8
330
1A6
100
AcDbEntity
  8
42
 62
   159
100
AcDbVertex
100
AcDbPolyFaceMeshVertex
 10
32623.99322268254
 20
8734.998256904733
 30
20280.00000000002
 70
   192
  0
VERTEX
  5
1A9
330
1A6
100
AcDbEntity
  8
42
 62
   159
100
AcDbVertex
100
AcDbPolyFaceMeshVertex
 10
32623.99322961754
 20
9099.998232490876
 30
20280.00000000002
 70
   192
  0
VERTEX
  5
1AA
330
1A6
100
AcDbEntity
  8
42
 62
   159
100
AcDbVertex
100
AcDbPolyFaceMeshVertex
 10
32623.99322961754
 20
9099.998232490876
 30
20250.00000000002
 70
   192
  0
VERTEX
  5
1AB
330
1A6
100
AcDbEntity
  8
42
 62
   159
100
AcDbVertex
100
AcDbPolyFaceMeshVertex
 10
32615.99322268254
 20
8734.998257056732
 30
20280.00000000002
 70
   192
  0
VERTEX
  5
1AC
330
1A6
100
AcDbEntity
  8
42
 62
   159
100
AcDbVertex
100
AcDbPolyFaceMeshVertex
 10
32615.99322961754
 20
9099.998232642874
 30
20280.00000000002
 70
   192
  0
VERTEX
  5
1AD
330
1A6
100
AcDbEntity
  8
42
 62
   159
100
AcDbVertex
100
AcDbPolyFaceMeshVertex
 10
32615.99322268254
 20
8734.998257056732
 30
20250.00000000002
 70
   192
  0
VERTEX
  5
1AE
330
1A6
100
AcDbEntity
  8
42
 62
   159
100
AcDbVertex
100
AcDbPolyFaceMeshVertex
 10
32615.99322961754
 20
9099.998232642874
 30
20250.00000000002
 70
   192
  0
VERTEX
  5
1AF
330
1A6
100
AcDbEntity
  8
42
 62
   159
100
AcDbFaceRecord
 10
0.0
 20
0.0
 30
0.0
 70
   128
 71
     1
 72
     2
 73
    -3
 74
    -3
  0
VERTEX
  5
1B0
330
1A6
100
AcDbEntity
  8
42
 62
   159
100
AcDbFaceRecord
 10
0.0
 20
0.0
 30
0.0
 70
   128
 71
    -1
 72
     3
 73
     4
 74
     4
  0
VERTEX
  5
1B1
330
1A6
100
AcDbEntity
  8
42
 62
   159
100
AcDbFaceRecord
 10
0.0
 20
0.0
 30
0.0
 70
   128
 71
     2
 72
     5
 73
    -6
 74
    -6
  0
VERTEX
  5
1B2
330
1A6
100
AcDbEntity
  8
42
 62
   159
100
AcDbFaceRecord
 10
0.0
 20
0.0
 30
0.0
 70
   128
 71
    -2
 72
     6
 73
     3
 74
     3
  0
VERTEX
  5
1B3
330
1A6
100
AcDbEntity
  8
42
 62
   159
100
AcDbFaceRecord
 10
0.0
 20
0.0
 30
0.0
 70
   128
 71
     5
 72
     7
 73
    -8
 74
    -8
  0
VERTEX
  5
1B4
330
1A6
100
AcDbEntity
  8
42
 62
   159
100
AcDbFaceRecord
 10
0.0
 20
0.0
 30
0.0
 70
   128
 71
    -5
 72
     8
 73
     6
 74
     6
  0
VERTEX
  5
1B5
330
1A6
100
AcDbEntity
  8
42
 62
   159
100
AcDbFaceRecord
 10
0.0
 20
0.0
 30
0.0
 70
   128
 71
     7
 72
     1
 73
    -4
 74
    -4
  0
VERTEX
  5
1B6
330
1A6
100
AcDbEntity
  8
42
 62
   159
100
AcDbFaceRecord
 10
0.0
 20
0.0
 30
0.0
 70
   128
 71
    -7
 72
     4
 73
     8
 74
     8
  0
VERTEX
  5
1B7
330
1A6
100
AcDbEntity
  8
42
 62
   159
100
AcDbFaceRecord
 10
0.0
 20
0.0
 30
0.0
 70
   128
 71
     2
 72
     1
 73
    -7
 74
    -7
  0
VERTEX
  5
1B8
330
1A6
100
AcDbEntity
  8
42
 62
   159
100
AcDbFaceRecord
 10
0.0
 20
0.0
 30
0.0
 70
   128
 71
    -2
 72
     7
 73
     5
 74
     5
  0
VERTEX
  5
1B9
330
1A6
100
AcDbEntity
  8
42
 62
   159
100
AcDbFaceRecord
 10
0.0
 20
0.0
 30
0.0
 70
   128
 71
     4
 72
     3
 73
    -6
 74
    -6
  0
VERTEX
  5
1BA
330
1A6
100
AcDbEntity
  8
42
 62
   159
100
AcDbFaceRecord
 10
0.0
 20
0.0
 30
0.0
 70
   128
 71
    -4
 72
     6
 73
     8
 74
     8
  0
SEQEND
  5
1BB
330
1A6
100
AcDbEntity
  8
42
 62
   159
  0
POLYLINE
  5
1BC
330
1F
100
AcDbEntity
  8
42
 62
   159
420
  2702694
100
AcDbPolyFaceMesh
 66
     1
 10
0.0
 20
0.0
 30
0.0
 70
    64
 71
     8
 72
    12
1001
TeklaStructures
1000
ID
1000
144321935
  0
VERTEX
  5
1BD
330
1BC
100
AcDbEntity
  8
42
 62
   159
100
AcDbVertex
100
AcDbPolyFaceMeshVertex
 10
32983.99308926476
 20
8734.997554230782
 30
20250.00000000002
 70
   192
  0
VERTEX
  5
1BE
330
1BC
100
AcDbEntity
  8
42
 62
   159
100
AcDbVertex
100
AcDbPolyFaceMeshVertex
 10
32983.99308926476
 20
8734.997554230782
 30
20280.00000000002
 70
   192
  0
VERTEX
  5
1BF
330
1BC
100
AcDbEntity
  8
42
 62
   159
100
AcDbVertex
100
AcDbPolyFaceMeshVertex
 10
32983.99309619976
 20
9099.997529816923
 30
20280.00000000002
 70
   192
  0
VERTEX
  5
1C0
330
1BC
100
AcDbEntity
  8
42
 62
   159
100
AcDbVertex
100
AcDbPolyFaceMeshVertex
 10
32983.99309619976
 20
9099.997529816923
 30
20250.00000000002
 70
   192
  0
VERTEX
  5
1C1
330
1BC
100
AcDbEntity
  8
42
 62
   159
100
AcDbVertex
100
AcDbPolyFaceMeshVertex
 10
32975.99308926476
 20
8734.99755438278
 30
20280.00000000002
 70
   192
  0
VERTEX
  5
1C2
330
1BC
100
AcDbEntity
  8
42
 62
   159
100
AcDbVertex
100
AcDbPolyFaceMeshVertex
 10
32975.99309619976
 20
9099.99752996892
 30
20280.00000000002
 70
   192
  0
VERTEX
  5
1C3
330
1BC
100
AcDbEntity
  8
42
 62
   159
100
AcDbVertex
100
AcDbPolyFaceMeshVertex
 10
32975.99308926476
 20
8734.99755438278
 30
20250.00000000002
 70
   192
  0
VERTEX
  5
1C4
330
1BC
100
AcDbEntity
  8
42
 62
   159
100
AcDbVertex
100
AcDbPolyFaceMeshVertex
 10
32975.99309619976
 20
9099.99752996892
 30
20250.00000000002
 70
   192
  0
VERTEX
  5
1C5
330
1BC
100
AcDbEntity
  8
42
 62
   159
100
AcDbFaceRecord
 10
0.0
 20
0.0
 30
0.0
 70
   128
 71
     1
 72
     2
 73
    -3
 74
    -3
  0
VERTEX
  5
1C6
330
1BC
100
AcDbEntity
  8
42
 62
   159
100
AcDbFaceRecord
 10
0.0
 20
0.0
 30
0.0
 70
   128
 71
    -1
 72
     3
 73
     4
 74
     4
  0
VERTEX
  5
1C7
330
1BC
100
AcDbEntity
  8
42
 62
   159
100
AcDbFaceRecord
 10
0.0
 20
0.0
 30
0.0
 70
   128
 71
     2
 72
     5
 73
    -6
 74
    -6
  0
VERTEX
  5
1C8
330
1BC
100
AcDbEntity
  8
42
 62
   159
100
AcDbFaceRecord
 10
0.0
 20
0.0
 30
0.0
 70
   128
 71
    -2
 72
     6
 73
     3
 74
     3
  0
VERTEX
  5
1C9
330
1BC
100
AcDbEntity
  8
42
 62
   159
100
AcDbFaceRecord
 10
0.0
 20
0.0
 30
0.0
 70
   128
 71
     5
 72
     7
 73
    -8
 74
    -8
  0
VERTEX
  5
1CA
330
1BC
100
AcDbEntity
  8
42
 62
   159
100
AcDbFaceRecord
 10
0.0
 20
0.0
 30
0.0
 70
   128
 71
    -5
 72
     8
 73
     6
 74
     6
  0
VERTEX
  5
1CB
330
1BC
100
AcDbEntity
  8
42
 62
   159
100
AcDbFaceRecord
 10
0.0
 20
0.0
 30
0.0
 70
   128
 71
     7
 72
     1
 73
    -4
 74
    -4
  0
VERTEX
  5
1CC
330
1BC
100
AcDbEntity
  8
42
 62
   159
100
AcDbFaceRecord
 10
0.0
 20
0.0
 30
0.0
 70
   128
 71
    -7
 72
     4
 73
     8
 74
     8
  0
VERTEX
  5
1CD
330
1BC
100
AcDbEntity
  8
42
 62
   159
100
AcDbFaceRecord
 10
0.0
 20
0.0
 30
0.0
 70
   128
 71
     2
 72
     1
 73
    -7
 74
    -7
  0
VERTEX
  5
1CE
330
1BC
100
AcDbEntity
  8
42
 62
   159
100
AcDbFaceRecord
 10
0.0
 20
0.0
 30
0.0
 70
   128
 71
    -2
 72
     7
 73
     5
 74
     5
  0
VERTEX
  5
1CF
330
1BC
100
AcDbEntity
  8
42
 62
   159
100
AcDbFaceRecord
 10
0.0
 20
0.0
 30
0.0
 70
   128
 71
     4
 72
     3
 73
    -6
 74
    -6
  0
VERTEX
  5
1D0
330
1BC
100
AcDbEntity
  8
42
 62
   159
100
AcDbFaceRecord
 10
0.0
 20
0.0
 30
0.0
 70
   128
 71
    -4
 72
     6
 73
     8
 74
     8
  0
SEQEND
  5
1D1
330
1BC
100
AcDbEntity
  8
42
 62
   159
  0
POLYLINE
  5
1D2
330
1F
100
AcDbEntity
  8
42
 62
   159
420
  2702694
100
AcDbPolyFaceMesh
 66
     1
 10
0.0
 20
0.0
 30
0.0
 70
    64
 71
     8
 72
    12
1001
TeklaStructures
1000
ID
1000
144321950
  0
VERTEX
  5
1D3
330
1D2
100
AcDbEntity
  8
42
 62
   159
100
AcDbVertex
100
AcDbPolyFaceMeshVertex
 10
32623.99322268256
 20
8734.998256904712
 30
20980.00000000002
 70
   192
  0
VERTEX
  5
1D4
330
1D2
100
AcDbEntity
  8
42
 62
   159
100
AcDbVertex
100
AcDbPolyFaceMeshVertex
 10
32623.99322268256
 20
8734.998256904712
 30
21010.00000000002
 70
   192
  0
VERTEX
  5
1D5
330
1D2
100
AcDbEntity
  8
42
 62
   159
100
AcDbVertex
100
AcDbPolyFaceMeshVertex
 10
32623.99322961756
 20
9099.998232490854
 30
21010.00000000002
 70
   192
  0
VERTEX
  5
1D6
330
1D2
100
AcDbEntity
  8
42
 62
   159
100
AcDbVertex
100
AcDbPolyFaceMeshVertex
 10
32623.99322961756
 20
9099.998232490854
 30
20980.00000000002
 70
   192
  0
VERTEX
  5
1D7
330
1D2
100
AcDbEntity
  8
42
 62
   159
100
AcDbVertex
100
AcDbPolyFaceMeshVertex
 10
32615.99322268256
 20
8734.99825705671
 30
21010.00000000002
 70
   192
  0
VERTEX
  5
1D8
330
1D2
100
AcDbEntity
  8
42
 62
   159
100
AcDbVertex
100
AcDbPolyFaceMeshVertex
 10
32615.99322961756
 20
9099.998232642853
 30
21010.00000000002
 70
   192
  0
VERTEX
  5
1D9
330
1D2
100
AcDbEntity
  8
42
 62
   159
100
AcDbVertex
100
AcDbPolyFaceMeshVertex
 10
32615.99322268256
 20
8734.99825705671
 30
20980.00000000002
 70
   192
  0
VERTEX
  5
1DA
330
1D2
100
AcDbEntity
  8
42
 62
   159
100
AcDbVertex
100
AcDbPolyFaceMeshVertex
 10
32615.99322961756
 20
9099.998232642853
 30
20980.00000000002
 70
   192
  0
VERTEX
  5
1DB
330
1D2
100
AcDbEntity
  8
42
 62
   159
100
AcDbFaceRecord
 10
0.0
 20
0.0
 30
0.0
 70
   128
 71
     1
 72
     2
 73
    -3
 74
    -3
  0
VERTEX
  5
1DC
330
1D2
100
AcDbEntity
  8
42
 62
   159
100
AcDbFaceRecord
 10
0.0
 20
0.0
 30
0.0
 70
   128
 71
    -1
 72
     3
 73
     4
 74
     4
  0
VERTEX
  5
1DD
330
1D2
100
AcDbEntity
  8
42
 62
   159
100
AcDbFaceRecord
 10
0.0
 20
0.0
 30
0.0
 70
   128
 71
     2
 72
     5
 73
    -6
 74
    -6
  0
VERTEX
  5
1DE
330
1D2
100
AcDbEntity
  8
42
 62
   159
100
AcDbFaceRecord
 10
0.0
 20
0.0
 30
0.0
 70
   128
 71
    -2
 72
     6
 73
     3
 74
     3
  0
VERTEX
  5
1DF
330
1D2
100
AcDbEntity
  8
42
 62
   159
100
AcDbFaceRecord
 10
0.0
 20
0.0
 30
0.0
 70
   128
 71
     5
 72
     7
 73
    -8
 74
    -8
  0
VERTEX
  5
1E0
330
1D2
100
AcDbEntity
  8
42
 62
   159
100
AcDbFaceRecord
 10
0.0
 20
0.0
 30
0.0
 70
   128
 71
    -5
 72
     8
 73
     6
 74
     6
  0
VERTEX
  5
1E1
330
1D2
100
AcDbEntity
  8
42
 62
   159
100
AcDbFaceRecord
 10
0.0
 20
0.0
 30
0.0
 70
   128
 71
     7
 72
     1
 73
    -4
 74
    -4
  0
VERTEX
  5
1E2
330
1D2
100
AcDbEntity
  8
42
 62
   159
100
AcDbFaceRecord
 10
0.0
 20
0.0
 30
0.0
 70
   128
 71
    -7
 72
     4
 73
     8
 74
     8
  0
VERTEX
  5
1E3
330
1D2
100
AcDbEntity
  8
42
 62
   159
100
AcDbFaceRecord
 10
0.0
 20
0.0
 30
0.0
 70
   128
 71
     2
 72
     1
 73
    -7
 74
    -7
  0
VERTEX
  5
1E4
330
1D2
100
AcDbEntity
  8
42
 62
   159
100
AcDbFaceRecord
 10
0.0
 20
0.0
 30
0.0
 70
   128
 71
    -2
 72
     7
 73
     5
 74
     5
  0
VERTEX
  5
1E5
330
1D2
100
AcDbEntity
  8
42
 62
   159
100
AcDbFaceRecord
 10
0.0
 20
0.0
 30
0.0
 70
   128
 71
     4
 72
     3
 73
    -6
 74
    -6
  0
VERTEX
  5
1E6
330
1D2
100
AcDbEntity
  8
42
 62
   159
100
AcDbFaceRecord
 10
0.0
 20
0.0
 30
0.0
 70
   128
 71
    -4
 72
     6
 73
     8
 74
     8
  0
SEQEND
  5
1E7
330
1D2
100
AcDbEntity
  8
42
 62
   159
  0
POLYLINE
  5
1E8
330
1F
100
AcDbEntity
  8
42
 62
   159
420
  2702694
100
AcDbPolyFaceMesh
 66
     1
 10
0.0
 20
0.0
 30
0.0
 70
    64
 71
     8
 72
    12
1001
TeklaStructures
1000
ID
1000
144321965
  0
VERTEX
  5
1E9
330
1E8
100
AcDbEntity
  8
42
 62
   159
100
AcDbVertex
100
AcDbPolyFaceMeshVertex
 10
32983.99308926476
 20
8734.99755423076
 30
20980.00000000002
 70
   192
  0
VERTEX
  5
1EA
330
1E8
100
AcDbEntity
  8
42
 62
   159
100
AcDbVertex
100
AcDbPolyFaceMeshVertex
 10
32983.99308926476
 20
8734.99755423076
 30
21010.00000000002
 70
   192
  0
VERTEX
  5
1EB
330
1E8
100
AcDbEntity
  8
42
 62
   159
100
AcDbVertex
100
AcDbPolyFaceMeshVertex
 10
32983.99309619976
 20
9099.9975298169
 30
21010.00000000002
 70
   192
  0
VERTEX
  5
1EC
330
1E8
100
AcDbEntity
  8
42
 62
   159
100
AcDbVertex
100
AcDbPolyFaceMeshVertex
 10
32983.99309619976
 20
9099.9975298169
 30
20980.00000000002
 70
   192
  0
VERTEX
  5
1ED
330
1E8
100
AcDbEntity
  8
42
 62
   159
100
AcDbVertex
100
AcDbPolyFaceMeshVertex
 10
32975.99308926476
 20
8734.997554382759
 30
21010.00000000002
 70
   192
  0
VERTEX
  5
1EE
330
1E8
100
AcDbEntity
  8
42
 62
   159
100
AcDbVertex
100
AcDbPolyFaceMeshVertex
 10
32975.99309619976
 20
9099.997529968898
 30
21010.00000000002
 70
   192
  0
VERTEX
  5
1EF
330
1E8
100
AcDbEntity
  8
42
 62
   159
100
AcDbVertex
100
AcDbPolyFaceMeshVertex
 10
32975.99308926476
 20
8734.997554382759
 30
20980.00000000002
 70
   192
  0
VERTEX
  5
1F0
330
1E8
100
AcDbEntity
  8
42
 62
   159
100
AcDbVertex
100
AcDbPolyFaceMeshVertex
 10
32975.99309619976
 20
9099.997529968898
 30
20980.00000000002
 70
   192
  0
VERTEX
  5
1F1
330
1E8
100
AcDbEntity
  8
42
 62
   159
100
AcDbFaceRecord
 10
0.0
 20
0.0
 30
0.0
 70
   128
 71
     1
 72
     2
 73
    -3
 74
    -3
  0
VERTEX
  5
1F2
330
1E8
100
AcDbEntity
  8
42
 62
   159
100
AcDbFaceRecord
 10
0.0
 20
0.0
 30
0.0
 70
   128
 71
    -1
 72
     3
 73
     4
 74
     4
  0
VERTEX
  5
1F3
330
1E8
100
AcDbEntity
  8
42
 62
   159
100
AcDbFaceRecord
 10
0.0
 20
0.0
 30
0.0
 70
   128
 71
     2
 72
     5
 73
    -6
 74
    -6
  0
VERTEX
  5
1F4
330
1E8
100
AcDbEntity
  8
42
 62
   159
100
AcDbFaceRecord
 10
0.0
 20
0.0
 30
0.0
 70
   128
 71
    -2
 72
     6
 73
     3
 74
     3
  0
VERTEX
  5
1F5
330
1E8
100
AcDbEntity
  8
42
 62
   159
100
AcDbFaceRecord
 10
0.0
 20
0.0
 30
0.0
 70
   128
 71
     5
 72
     7
 73
    -8
 74
    -8
  0
VERTEX
  5
1F6
330
1E8
100
AcDbEntity
  8
42
 62
   159
100
AcDbFaceRecord
 10
0.0
 20
0.0
 30
0.0
 70
   128
 71
    -5
 72
     8
 73
     6
 74
     6
  0
VERTEX
  5
1F7
330
1E8
100
AcDbEntity
  8
42
 62
   159
100
AcDbFaceRecord
 10
0.0
 20
0.0
 30
0.0
 70
   128
 71
     7
 72
     1
 73
    -4
 74
    -4
  0
VERTEX
  5
1F8
330
1E8
100
AcDbEntity
  8
42
 62
   159
100
AcDbFaceRecord
 10
0.0
 20
0.0
 30
0.0
 70
   128
 71
    -7
 72
     4
 73
     8
 74
     8
  0
VERTEX
  5
1F9
330
1E8
100
AcDbEntity
  8
42
 62
   159
100
AcDbFaceRecord
 10
0.0
 20
0.0
 30
0.0
 70
   128
 71
     2
 72
     1
 73
    -7
 74
    -7
  0
VERTEX
  5
1FA
330
1E8
100
AcDbEntity
  8
42
 62
   159
100
AcDbFaceRecord
 10
0.0
 20
0.0
 30
0.0
 70
   128
 71
    -2
 72
     7
 73
     5
 74
     5
  0
VERTEX
  5
1FB
330
1E8
100
AcDbEntity
  8
42
 62
   159
100
AcDbFaceRecord
 10
0.0
 20
0.0
 30
0.0
 70
   128
 71
     4
 72
     3
 73
    -6
 74
    -6
  0
VERTEX
  5
1FC
330
1E8
100
AcDbEntity
  8
42
 62
   159
100
AcDbFaceRecord
 10
0.0
 20
0.0
 30
0.0
 70
   128
 71
    -4
 72
     6
 73
     8
 74
     8
  0
SEQEND
  5
1FD
330
1E8
100
AcDbEntity
  8
42
 62
   159
  0
POLYLINE
  5
1FF
330
1F
100
AcDbEntity
  8
100
 62
    28
420
  6689812
100
AcDbPolyFaceMesh
 66
     1
 10
0.0
 20
0.0
 30
0.0
 70
    64
 71
     8
 72
    12
1001
TeklaStructures
1000
ID
1000
128050980
  0
VERTEX
  5
200
330
1FF
100
AcDbEntity
  8
100
 62
    28
100
AcDbVertex
100
AcDbPolyFaceMeshVertex
 10
32615.99664678235
 20
9811.999986492585
 30
20985.0
 70
   192
  0
VERTEX
  5
201
330
1FF
100
AcDbEntity
  8
100
 62
    28
100
AcDbVertex
100
AcDbPolyFaceMeshVertex
 10
32615.99664678235
 20
9811.999986492585
 30
20275.0
 70
   192
  0
VERTEX
  5
202
330
1FF
100
AcDbEntity
  8
100
 62
    28
100
AcDbVertex
100
AcDbPolyFaceMeshVertex
 10
32615.99664694235
 20
9827.999986492585
 30
20275.0
 70
   192
  0
VERTEX
  5
203
330
1FF
100
AcDbEntity
  8
100
 62
    28
100
AcDbVertex
100
AcDbPolyFaceMeshVertex
 10
32615.99664694235
 20
9827.999986492585
 30
20985.0
 70
   192
  0
VERTEX
  5
204
330
1FF
100
AcDbEntity
  8
100
 62
    28
100
AcDbVertex
100
AcDbPolyFaceMeshVertex
 10
32983.99664678235
 20
9811.999982812586
 30
20275.0
 70
   192
  0
VERTEX
  5
205
330
1FF
100
AcDbEntity
  8
100
 62
    28
100
AcDbVertex
100
AcDbPolyFaceMeshVertex
 10
32983.99664694235
 20
9827.999982812586
 30
20275.0
 70
   192
  0
VERTEX
  5
206
330
1FF
100
AcDbEntity
  8
100
 62
    28
100
AcDbVertex
100
AcDbPolyFaceMeshVertex
 10
32983.99664678235
 20
9811.999982812586
 30
20985.0
 70
   192
  0
VERTEX
  5
207
330
1FF
100
AcDbEntity
  8
100
 62
    28
100
AcDbVertex
100
AcDbPolyFaceMeshVertex
 10
32983.99664694235
 20
9827.999982812586
 30
20985.0
 70
   192
  0
VERTEX
  5
208
330
1FF
100
AcDbEntity
  8
100
 62
    28
100
AcDbFaceRecord
 10
0.0
 20
0.0
 30
0.0
 70
   128
 71
     1
 72
     2
 73
    -3
 74
    -3
  0
VERTEX
  5
209
330
1FF
100
AcDbEntity
  8
100
 62
    28
100
AcDbFaceRecord
 10
0.0
 20
0.0
 30
0.0
 70
   128
 71
    -1
 72
     3
 73
     4
 74
     4
  0
VERTEX
  5
20A
330
1FF
100
AcDbEntity
  8
100
 62
    28
100
AcDbFaceRecord
 10
0.0
 20
0.0
 30
0.0
 70
   128
 71
     2
 72
     5
 73
    -6
 74
    -6
  0
VERTEX
  5
20B
330
1FF
100
AcDbEntity
  8
100
 62
    28
100
AcDbFaceRecord
 10
0.0
 20
0.0
 30
0.0
 70
   128
 71
    -2
 72
     6
 73
     3
 74
     3
  0
VERTEX
  5
20C
330
1FF
100
AcDbEntity
  8
100
 62
    28
100
AcDbFaceRecord
 10
0.0
 20
0.0
 30
0.0
 70
   128
 71
     5
 72
     7
 73
    -8
 74
    -8
  0
VERTEX
  5
20D
330
1FF
100
AcDbEntity
  8
100
 62
    28
100
AcDbFaceRecord
 10
0.0
 20
0.0
 30
0.0
 70
   128
 71
    -5
 72
     8
 73
     6
 74
     6
  0
VERTEX
  5
20E
330
1FF
100
AcDbEntity
  8
100
 62
    28
100
AcDbFaceRecord
 10
0.0
 20
0.0
 30
0.0
 70
   128
 71
     7
 72
     1
 73
    -4
 74
    -4
  0
VERTEX
  5
20F
330
1FF
100
AcDbEntity
  8
100
 62
    28
100
AcDbFaceRecord
 10
0.0
 20
0.0
 30
0.0
 70
   128
 71
    -7
 72
     4
 73
     8
 74
     8
  0
VERTEX
  5
210
330
1FF
100
AcDbEntity
  8
100
 62
    28
100
AcDbFaceRecord
 10
0.0
 20
0.0
 30
0.0
 70
   128
 71
     2
 72
     1
 73
    -7
 74
    -7
  0
VERTEX
  5
211
330
1FF
100
AcDbEntity
  8
100
 62
    28
100
AcDbFaceRecord
 10
0.0
 20
0.0
 30
0.0
 70
   128
 71
    -2
 72
     7
 73
     5
 74
     5
  0
VERTEX
  5
212
330
1FF
100
AcDbEntity
  8
100
 62
    28
100
AcDbFaceRecord
 10
0.0
 20
0.0
 30
0.0
 70
   128
 71
     4
 72
     3
 73
    -6
 74
    -6
  0
VERTEX
  5
213
330
1FF
100
AcDbEntity
  8
100
 62
    28
100
AcDbFaceRecord
 10
0.0
 20
0.0
 30
0.0
 70
   128
 71
    -4
 72
     6
 73
     8
 74
     8
  0
SEQEND
  5
214
330
1FF
100
AcDbEntity
  8
100
 62
    28
  0
POLYLINE
  5
216
330
1F
100
AcDbEntity
  8
9
 62
   222
420
 13576614
100
AcDbPolyFaceMesh
 66
     1
 10
0.0
 20
0.0
 30
0.0
 70
    64
 71
    48
 72
    92
1001
TeklaStructures
1000
ID
1000
128050987
  0
VERTEX
  5
217
330
216
100
AcDbEntity
  8
9
 62
   222
100
AcDbVertex
100
AcDbPolyFaceMeshVertex
 10
32983.99663962829
 20
10099.99998256157
 30
20975.0
 70
   192
  0
VERTEX
  5
218
330
216
100
AcDbEntity
  8
9
 62
   222
100
AcDbVertex
100
AcDbPolyFaceMeshVertex
 10
32983.99663962829
 20
10099.99998256157
 30
20285.0
 70
   192
  0
VERTEX
  5
219
330
216
100
AcDbEntity
  8
9
 62
   222
100
AcDbVertex
100
AcDbPolyFaceMeshVertex
 10
32999.99663962829
 20
10099.99998280157
 30
20285.0
 70
   192
  0
VERTEX
  5
21A
330
216
100
AcDbEntity
  8
9
 62
   222
100
AcDbVertex
100
AcDbPolyFaceMeshVertex
 10
32999.99663962829
 20
10099.99998280157
 30
20975.0
 70
   192
  0
VERTEX
  5
21B
330
216
100
AcDbEntity
  8
9
 62
   222
100
AcDbVertex
100
AcDbPolyFaceMeshVertex
 10
32983.99663971042
 20
10094.52477628516
 30
20284.56909192083
 70
   192
  0
VERTEX
  5
21C
330
216
100
AcDbEntity
  8
9
 62
   222
100
AcDbVertex
100
AcDbPolyFaceMeshVertex
 10
32999.99663971042
 20
10094.52477652516
 30
20284.56909192083
 70
   192
  0
VERTEX
  5
21D
330
216
100
AcDbEntity
  8
9
 62
   222
100
AcDbVertex
100
AcDbPolyFaceMeshVertex
 10
32983.99663979052
 20
10089.18438775844
 30
20283.28697807033
 70
   192
  0
VERTEX
  5
21E
330
216
100
AcDbEntity
  8
9
 62
   222
100
AcDbVertex
100
AcDbPolyFaceMeshVertex
 10
32999.99663979052
 20
10089.18438799845
 30
20283.28697807033
 70
   192
  0
VERTEX
  5
21F
330
216
100
AcDbEntity
  8
9
 62
   222
100
AcDbVertex
100
AcDbPolyFaceMeshVertex
 10
32983.99663986663
 20
10084.11031507068
 30
20281.18522834659
 70
   192
  0
VERTEX
  5
220
330
216
100
AcDbEntity
  8
9
 62
   222
100
AcDbVertex
100
AcDbPolyFaceMeshVertex
 10
32999.99663986663
 20
10084.11031531068
 30
20281.18522834659
 70
   192
  0
VERTEX
  5
221
330
216
100
AcDbEntity
  8
9
 62
   222
100
AcDbVertex
100
AcDbPolyFaceMeshVertex
 10
32983.99663993687
 20
10079.42749873133
 30
20278.31559480312
 70
   192
  0
VERTEX
  5
222
330
216
100
AcDbEntity
  8
9
 62
   222
100
AcDbVertex
100
AcDbPolyFaceMeshVertex
 10
32999.99663993687
 20
10079.42749897133
 30
20278.31559480312
 70
   192
  0
VERTEX
  5
223
330
216
100
AcDbEntity
  8
9
 62
   222
100
AcDbVertex
100
AcDbPolyFaceMeshVertex
 10
32983.99663999952
 20
10075.25124522004
 30
20274.74873734153
 70
   192
  0
VERTEX
  5
224
330
216
100
AcDbEntity
  8
9
 62
   222
100
AcDbVertex
100
AcDbPolyFaceMeshVertex
 10
32999.99663999952
 20
10075.25124546004
 30
20274.74873734153
 70
   192
  0
VERTEX
  5
225
330
216
100
AcDbEntity
  8
9
 62
   222
100
AcDbVertex
100
AcDbPolyFaceMeshVertex
 10
32983.99664005302
 20
10071.68438775844
 30
20270.57248383024
 70
   192
  0
VERTEX
  5
226
330
216
100
AcDbEntity
  8
9
 62
   222
100
AcDbVertex
100
AcDbPolyFaceMeshVertex
 10
32999.99664005302
 20
10071.68438799845
 30
20270.57248383024
 70
   192
  0
VERTEX
  5
227
330
216
100
AcDbEntity
  8
9
 62
   222
100
AcDbVertex
100
AcDbPolyFaceMeshVertex
 10
32983.99664009606
 20
10068.81475421498
 30
20265.88966749088
 70
   192
  0
VERTEX
  5
228
330
216
100
AcDbEntity
  8
9
 62
   222
100
AcDbVertex
100
AcDbPolyFaceMeshVertex
 10
32999.99664009606
 20
10068.81475445497
 30
20265.88966749088
 70
   192
  0
VERTEX
  5
229
330
216
100
AcDbEntity
  8
9
 62
   222
100
AcDbVertex
100
AcDbPolyFaceMeshVertex
 10
32983.99664012759
 20
10066.71300449124
 30
20260.81559480312
 70
   192
  0
VERTEX
  5
22A
330
216
100
AcDbEntity
  8
9
 62
   222
100
AcDbVertex
100
AcDbPolyFaceMeshVertex
 10
32999.99664012759
 20
10066.71300473124
 30
20260.81559480312
 70
   192
  0
VERTEX
  5
22B
330
216
100
AcDbEntity
  8
9
 62
   222
100
AcDbVertex
100
AcDbPolyFaceMeshVertex
 10
32983.99664014682
 20
10065.43089064074
 30
20255.47520627641
 70
   192
  0
VERTEX
  5
22C
330
216
100
AcDbEntity
  8
9
 62
   222
100
AcDbVertex
100
AcDbPolyFaceMeshVertex
 10
32999.99664014682
 20
10065.43089088074
 30
20255.47520627641
 70
   192
  0
VERTEX
  5
22D
330
216
100
AcDbEntity
  8
9
 62
   222
100
AcDbVertex
100
AcDbPolyFaceMeshVertex
 10
32983.99664015328
 20
10064.99998256157
 30
20250.0
 70
   192
  0
VERTEX
  5
22E
330
216
100
AcDbEntity
  8
9
 62
   222
100
AcDbVertex
100
AcDbPolyFaceMeshVertex
 10
32999.99664015328
 20
10064.99998280157
 30
20250.0
 70
   192
  0
VERTEX
  5
22F
330
216
100
AcDbEntity
  8
9
 62
   222
100
AcDbVertex
100
AcDbPolyFaceMeshVertex
 10
32983.99664562829
 20
9699.999982561567
 30
20250.0
 70
   192
  0
VERTEX
  5
230
330
216
100
AcDbEntity
  8
9
 62
   222
100
AcDbVertex
100
AcDbPolyFaceMeshVertex
 10
32999.99664562829
 20
9699.999982801568
 30
20250.0
 70
   192
  0
VERTEX
  5
231
330
216
100
AcDbEntity
  8
9
 62
   222
100
AcDbVertex
100
AcDbPolyFaceMeshVertex
 10
32983.99664562829
 20
9699.999982561567
 30
21010.0
 70
   192
  0
VERTEX
  5
232
330
216
100
AcDbEntity
  8
9
 62
   222
100
AcDbVertex
100
AcDbPolyFaceMeshVertex
 10
32999.99664562829
 20
9699.999982801568
 30
21010.0
 70
   192
  0
VERTEX
  5
233
330
216
100
AcDbEntity
  8
9
 62
   222
100
AcDbVertex
100
AcDbPolyFaceMeshVertex
 10
32983.99664015328
 20
10064.99998256157
 30
21010.0
 70
   192
  0
VERTEX
  5
234
330
216
100
AcDbEntity
  8
9
 62
   222
100
AcDbVertex
100
AcDbPolyFaceMeshVertex
 10
32999.99664015328
 20
10064.99998280157
 30
21010.0
 70
   192
  0
VERTEX
  5
235
330
216
100
AcDbEntity
  8
9
 62
   222
100
AcDbVertex
100
AcDbPolyFaceMeshVertex
 10
32983.99664014682
 20
10065.43089064074
 30
21004.52479372359
 70
   192
  0
VERTEX
  5
236
330
216
100
AcDbEntity
  8
9
 62
   222
100
AcDbVertex
100
AcDbPolyFaceMeshVertex
 10
32999.99664014682
 20
10065.43089088074
 30
21004.52479372359
 70
   192
  0
VERTEX
  5
237
330
216
100
AcDbEntity
  8
9
 62
   222
100
AcDbVertex
100
AcDbPolyFaceMeshVertex
 10
32983.99664012759
 20
10066.71300449124
 30
20999.18440519688
 70
   192
  0
VERTEX
  5
238
330
216
100
AcDbEntity
  8
9
 62
   222
100
AcDbVertex
100
AcDbPolyFaceMeshVertex
 10
32999.99664012759
 20
10066.71300473124
 30
20999.18440519688
 70
   192
  0
VERTEX
  5
239
330
216
100
AcDbEntity
  8
9
 62
   222
100
AcDbVertex
100
AcDbPolyFaceMeshVertex
 10
32983.99664009606
 20
10068.81475421498
 30
20994.11033250912
 70
   192
  0
VERTEX
  5
23A
330
216
100
AcDbEntity
  8
9
 62
   222
100
AcDbVertex
100
AcDbPolyFaceMeshVertex
 10
32999.99664009606
 20
10068.81475445497
 30
20994.11033250912
 70
   192
  0
VERTEX
  5
23B
330
216
100
AcDbEntity
  8
9
 62
   222
100
AcDbVertex
100
AcDbPolyFaceMeshVertex
 10
32983.99664005302
 20
10071.68438775844
 30
20989.42751616976
 70
   192
  0
VERTEX
  5
23C
330
216
100
AcDbEntity
  8
9
 62
   222
100
AcDbVertex
100
AcDbPolyFaceMeshVertex
 10
32999.99664005302
 20
10071.68438799845
 30
20989.42751616976
 70
   192
  0
VERTEX
  5
23D
330
216
100
AcDbEntity
  8
9
 62
   222
100
AcDbVertex
100
AcDbPolyFaceMeshVertex
 10
32983.99663999952
 20
10075.25124522004
 30
20985.25126265847
 70
   192
  0
VERTEX
  5
23E
330
216
100
AcDbEntity
  8
9
 62
   222
100
AcDbVertex
100
AcDbPolyFaceMeshVertex
 10
32999.99663999952
 20
10075.25124546004
 30
20985.25126265847
 70
   192
  0
VERTEX
  5
23F
330
216
100
AcDbEntity
  8
9
 62
   222
100
AcDbVertex
100
AcDbPolyFaceMeshVertex
 10
32983.99663993687
 20
10079.42749873133
 30
20981.68440519688
 70
   192
  0
VERTEX
  5
240
330
216
100
AcDbEntity
  8
9
 62
   222
100
AcDbVertex
100
AcDbPolyFaceMeshVertex
 10
32999.99663993687
 20
10079.42749897133
 30
20981.68440519688
 70
   192
  0
VERTEX
  5
241
330
216
100
AcDbEntity
  8
9
 62
   222
100
AcDbVertex
100
AcDbPolyFaceMeshVertex
 10
32983.99663986663
 20
10084.11031507068
 30
20978.81477165341
 70
   192
  0
VERTEX
  5
242
330
216
100
AcDbEntity
  8
9
 62
   222
100
AcDbVertex
100
AcDbPolyFaceMeshVertex
 10
32999.99663986663
 20
10084.11031531068
 30
20978.81477165341
 70
   192
  0
VERTEX
  5
243
330
216
100
AcDbEntity
  8
9
 62
   222
100
AcDbVertex
100
AcDbPolyFaceMeshVertex
 10
32983.99663979052
 20
10089.18438775844
 30
20976.71302192967
 70
   192
  0
VERTEX
  5
244
330
216
100
AcDbEntity
  8
9
 62
   222
100
AcDbVertex
100
AcDbPolyFaceMeshVertex
 10
32999.99663979052
 20
10089.18438799845
 30
20976.71302192967
 70
   192
  0
VERTEX
  5
245
330
216
100
AcDbEntity
  8
9
 62
   222
100
AcDbVertex
100
AcDbPolyFaceMeshVertex
 10
32983.99663971042
 20
10094.52477628516
 30
20975.43090807917
 70
   192
  0
VERTEX
  5
246
330
216
100
AcDbEntity
  8
9
 62
   222
100
AcDbVertex
100
AcDbPolyFaceMeshVertex
 10
32999.99663971042
 20
10094.52477652516
 30
20975.43090807917
 70
   192
  0
VERTEX
  5
247
330
216
100
AcDbEntity
  8
9
 62
   222
100
AcDbFaceRecord
 10
0.0
 20
0.0
 30
0.0
 70
   128
 71
     1
 72
     2
 73
    -3
 74
    -3
  0
VERTEX
  5
248
330
216
100
AcDbEntity
  8
9
 62
   222
100
AcDbFaceRecord
 10
0.0
 20
0.0
 30
0.0
 70
   128
 71
    -1
 72
     3
 73
     4
 74
     4
  0
VERTEX
  5
249
330
216
100
AcDbEntity
  8
9
 62
   222
100
AcDbFaceRecord
 10
0.0
 20
0.0
 30
0.0
 70
   128
 71
     2
 72
     5
 73
    -6
 74
    -6
  0
VERTEX
  5
24A
330
216
100
AcDbEntity
  8
9
 62
   222
100
AcDbFaceRecord
 10
0.0
 20
0.0
 30
0.0
 70
   128
 71
    -2
 72
     6
 73
     3
 74
     3
  0
VERTEX
  5
24B
330
216
100
AcDbEntity
  8
9
 62
   222
100
AcDbFaceRecord
 10
0.0
 20
0.0
 30
0.0
 70
   128
 71
     5
 72
     7
 73
    -8
 74
    -8
  0
VERTEX
  5
24C
330
216
100
AcDbEntity
  8
9
 62
   222
100
AcDbFaceRecord
 10
0.0
 20
0.0
 30
0.0
 70
   128
 71
    -5
 72
     8
 73
     6
 74
     6
  0
VERTEX
  5
24D
330
216
100
AcDbEntity
  8
9
 62
   222
100
AcDbFaceRecord
 10
0.0
 20
0.0
 30
0.0
 70
   128
 71
     7
 72
     9
 73
   -10
 74
   -10
  0
VERTEX
  5
24E
330
216
100
AcDbEntity
  8
9
 62
   222
100
AcDbFaceRecord
 10
0.0
 20
0.0
 30
0.0
 70
   128
 71
    -7
 72
    10
 73
     8
 74
     8
  0
VERTEX
  5
24F
330
216
100
AcDbEntity
  8
9
 62
   222
100
AcDbFaceRecord
 10
0.0
 20
0.0
 30
0.0
 70
   128
 71
     9
 72
    11
 73
   -12
 74
   -12
  0
VERTEX
  5
250
330
216
100
AcDbEntity
  8
9
 62
   222
100
AcDbFaceRecord
 10
0.0
 20
0.0
 30
0.0
 70
   128
 71
    -9
 72
    12
 73
    10
 74
    10
  0
VERTEX
  5
251
330
216
100
AcDbEntity
  8
9
 62
   222
100
AcDbFaceRecord
 10
0.0
 20
0.0
 30
0.0
 70
   128
 71
    11
 72
    13
 73
   -14
 74
   -14
  0
VERTEX
  5
252
330
216
100
AcDbEntity
  8
9
 62
   222
100
AcDbFaceRecord
 10
0.0
 20
0.0
 30
0.0
 70
   128
 71
   -11
 72
    14
 73
    12
 74
    12
  0
VERTEX
  5
253
330
216
100
AcDbEntity
  8
9
 62
   222
100
AcDbFaceRecord
 10
0.0
 20
0.0
 30
0.0
 70
   128
 71
    13
 72
    15
 73
   -16
 74
   -16
  0
VERTEX
  5
254
330
216
100
AcDbEntity
  8
9
 62
   222
100
AcDbFaceRecord
 10
0.0
 20
0.0
 30
0.0
 70
   128
 71
   -13
 72
    16
 73
    14
 74
    14
  0
VERTEX
  5
255
330
216
100
AcDbEntity
  8
9
 62
   222
100
AcDbFaceRecord
 10
0.0
 20
0.0
 30
0.0
 70
   128
 71
    15
 72
    17
 73
   -18
 74
   -18
  0
VERTEX
  5
256
330
216
100
AcDbEntity
  8
9
 62
   222
100
AcDbFaceRecord
 10
0.0
 20
0.0
 30
0.0
 70
   128
 71
   -15
 72
    18
 73
    16
 74
    16
  0
VERTEX
  5
257
330
216
100
AcDbEntity
  8
9
 62
   222
100
AcDbFaceRecord
 10
0.0
 20
0.0
 30
0.0
 70
   128
 71
    17
 72
    19
 73
   -20
 74
   -20
  0
VERTEX
  5
258
330
216
100
AcDbEntity
  8
9
 62
   222
100
AcDbFaceRecord
 10
0.0
 20
0.0
 30
0.0
 70
   128
 71
   -17
 72
    20
 73
    18
 74
    18
  0
VERTEX
  5
259
330
216
100
AcDbEntity
  8
9
 62
   222
100
AcDbFaceRecord
 10
0.0
 20
0.0
 30
0.0
 70
   128
 71
    19
 72
    21
 73
   -22
 74
   -22
  0
VERTEX
  5
25A
330
216
100
AcDbEntity
  8
9
 62
   222
100
AcDbFaceRecord
 10
0.0
 20
0.0
 30
0.0
 70
   128
 71
   -19
 72
    22
 73
    20
 74
    20
  0
VERTEX
  5
25B
330
216
100
AcDbEntity
  8
9
 62
   222
100
AcDbFaceRecord
 10
0.0
 20
0.0
 30
0.0
 70
   128
 71
    21
 72
    23
 73
   -24
 74
   -24
  0
VERTEX
  5
25C
330
216
100
AcDbEntity
  8
9
 62
   222
100
AcDbFaceRecord
 10
0.0
 20
0.0
 30
0.0
 70
   128
 71
   -21
 72
    24
 73
    22
 74
    22
  0
VERTEX
  5
25D
330
216
100
AcDbEntity
  8
9
 62
   222
100
AcDbFaceRecord
 10
0.0
 20
0.0
 30
0.0
 70
   128
 71
    23
 72
    25
 73
   -26
 74
   -26
  0
VERTEX
  5
25E
330
216
100
AcDbEntity
  8
9
 62
   222
100
AcDbFaceRecord
 10
0.0
 20
0.0
 30
0.0
 70
   128
 71
   -23
 72
    26
 73
    24
 74
    24
  0
VERTEX
  5
25F
330
216
100
AcDbEntity
  8
9
 62
   222
100
AcDbFaceRecord
 10
0.0
 20
0.0
 30
0.0
 70
   128
 71
    25
 72
    27
 73
   -28
 74
   -28
  0
VERTEX
  5
260
330
216
100
AcDbEntity
  8
9
 62
   222
100
AcDbFaceRecord
 10
0.0
 20
0.0
 30
0.0
 70
   128
 71
   -25
 72
    28
 73
    26
 74
    26
  0
VERTEX
  5
261
330
216
100
AcDbEntity
  8
9
 62
   222
100
AcDbFaceRecord
 10
0.0
 20
0.0
 30
0.0
 70
   128
 71
    27
 72
    29
 73
   -30
 74
   -30
  0
VERTEX
  5
262
330
216
100
AcDbEntity
  8
9
 62
   222
100
AcDbFaceRecord
 10
0.0
 20
0.0
 30
0.0
 70
   128
 71
   -27
 72
    30
 73
    28
 74
    28
  0
VERTEX
  5
263
330
216
100
AcDbEntity
  8
9
 62
   222
100
AcDbFaceRecord
 10
0.0
 20
0.0
 30
0.0
 70
   128
 71
    29
 72
    31
 73
   -32
 74
   -32
  0
VERTEX
  5
264
330
216
100
AcDbEntity
  8
9
 62
   222
100
AcDbFaceRecord
 10
0.0
 20
0.0
 30
0.0
 70
   128
 71
   -29
 72
    32
 73
    30
 74
    30
  0
VERTEX
  5
265
330
216
100
AcDbEntity
  8
9
 62
   222
100
AcDbFaceRecord
 10
0.0
 20
0.0
 30
0.0
 70
   128
 71
    31
 72
    33
 73
   -34
 74
   -34
  0
VERTEX
  5
266
330
216
100
AcDbEntity
  8
9
 62
   222
100
AcDbFaceRecord
 10
0.0
 20
0.0
 30
0.0
 70
   128
 71
   -31
 72
    34
 73
    32
 74
    32
  0
VERTEX
  5
267
330
216
100
AcDbEntity
  8
9
 62
   222
100
AcDbFaceRecord
 10
0.0
 20
0.0
 30
0.0
 70
   128
 71
    33
 72
    35
 73
   -36
 74
   -36
  0
VERTEX
  5
268
330
216
100
AcDbEntity
  8
9
 62
   222
100
AcDbFaceRecord
 10
0.0
 20
0.0
 30
0.0
 70
   128
 71
   -33
 72
    36
 73
    34
 74
    34
  0
VERTEX
  5
269
330
216
100
AcDbEntity
  8
9
 62
   222
100
AcDbFaceRecord
 10
0.0
 20
0.0
 30
0.0
 70
   128
 71
    35
 72
    37
 73
   -38
 74
   -38
  0
VERTEX
  5
26A
330
216
100
AcDbEntity
  8
9
 62
   222
100
AcDbFaceRecord
 10
0.0
 20
0.0
 30
0.0
 70
   128
 71
   -35
 72
    38
 73
    36
 74
    36
  0
VERTEX
  5
26B
330
216
100
AcDbEntity
  8
9
 62
   222
100
AcDbFaceRecord
 10
0.0
 20
0.0
 30
0.0
 70
   128
 71
    37
 72
    39
 73
   -40
 74
   -40
  0
VERTEX
  5
26C
330
216
100
AcDbEntity
  8
9
 62
   222
100
AcDbFaceRecord
 10
0.0
 20
0.0
 30
0.0
 70
   128
 71
   -37
 72
    40
 73
    38
 74
    38
  0
VERTEX
  5
26D
330
216
100
AcDbEntity
  8
9
 62
   222
100
AcDbFaceRecord
 10
0.0
 20
0.0
 30
0.0
 70
   128
 71
    39
 72
    41
 73
   -42
 74
   -42
  0
VERTEX
  5
26E
330
216
100
AcDbEntity
  8
9
 62
   222
100
AcDbFaceRecord
 10
0.0
 20
0.0
 30
0.0
 70
   128
 71
   -39
 72
    42
 73
    40
 74
    40
  0
VERTEX
  5
26F
330
216
100
AcDbEntity
  8
9
 62
   222
100
AcDbFaceRecord
 10
0.0
 20
0.0
 30
0.0
 70
   128
 71
    41
 72
    43
 73
   -44
 74
   -44
  0
VERTEX
  5
270
330
216
100
AcDbEntity
  8
9
 62
   222
100
AcDbFaceRecord
 10
0.0
 20
0.0
 30
0.0
 70
   128
 71
   -41
 72
    44
 73
    42
 74
    42
  0
VERTEX
  5
271
330
216
100
AcDbEntity
  8
9
 62
   222
100
AcDbFaceRecord
 10
0.0
 20
0.0
 30
0.0
 70
   128
 71
    43
 72
    45
 73
   -46
 74
   -46
  0
VERTEX
  5
272
330
216
100
AcDbEntity
  8
9
 62
   222
100
AcDbFaceRecord
 10
0.0
 20
0.0
 30
0.0
 70
   128
 71
   -43
 72
    46
 73
    44
 74
    44
  0
VERTEX
  5
273
330
216
100
AcDbEntity
  8
9
 62
   222
100
AcDbFaceRecord
 10
0.0
 20
0.0
 30
0.0
 70
   128
 71
    45
 72
    47
 73
   -48
 74
   -48
  0
VERTEX
  5
274
330
216
100
AcDbEntity
  8
9
 62
   222
100
AcDbFaceRecord
 10
0.0
 20
0.0
 30
0.0
 70
   128
 71
   -45
 72
    48
 73
    46
 74
    46
  0
VERTEX
  5
275
330
216
100
AcDbEntity
  8
9
 62
   222
100
AcDbFaceRecord
 10
0.0
 20
0.0
 30
0.0
 70
   128
 71
    47
 72
     1
 73
    -4
 74
    -4
  0
VERTEX
  5
276
330
216
100
AcDbEntity
  8
9
 62
   222
100
AcDbFaceRecord
 10
0.0
 20
0.0
 30
0.0
 70
   128
 71
   -47
 72
     4
 73
    48
 74
    48
  0
VERTEX
  5
277
330
216
100
AcDbEntity
  8
9
 62
   222
100
AcDbFaceRecord
 10
0.0
 20
0.0
 30
0.0
 70
   128
 71
   -21
 72
    25
 73
    23
 74
    23
  0
VERTEX
  5
278
330
216
100
AcDbEntity
  8
9
 62
   222
100
AcDbFaceRecord
 10
0.0
 20
0.0
 30
0.0
 70
   128
 71
   -25
 72
   -21
 73
    27
 74
    27
  0
VERTEX
  5
279
330
216
100
AcDbEntity
  8
9
 62
   222
100
AcDbFaceRecord
 10
0.0
 20
0.0
 30
0.0
 70
   128
 71
   -27
 72
    21
 73
   -19
 74
   -19
  0
VERTEX
  5
27A
330
216
100
AcDbEntity
  8
9
 62
   222
100
AcDbFaceRecord
 10
0.0
 20
0.0
 30
0.0
 70
   128
 71
   -27
 72
    19
 73
   -17
 74
   -17
  0
VERTEX
  5
27B
330
216
100
AcDbEntity
  8
9
 62
   222
100
AcDbFaceRecord
 10
0.0
 20
0.0
 30
0.0
 70
   128
 71
   -27
 72
    17
 73
   -15
 74
   -15
  0
VERTEX
  5
27C
330
216
100
AcDbEntity
  8
9
 62
   222
100
AcDbFaceRecord
 10
0.0
 20
0.0
 30
0.0
 70
   128
 71
   -27
 72
    15
 73
   -13
 74
   -13
  0
VERTEX
  5
27D
330
216
100
AcDbEntity
  8
9
 62
   222
100
AcDbFaceRecord
 10
0.0
 20
0.0
 30
0.0
 70
   128
 71
   -27
 72
    13
 73
   -11
 74
   -11
  0
VERTEX
  5
27E
330
216
100
AcDbEntity
  8
9
 62
   222
100
AcDbFaceRecord
 10
0.0
 20
0.0
 30
0.0
 70
   128
 71
   -27
 72
    11
 73
    -9
 74
    -9
  0
VERTEX
  5
27F
330
216
100
AcDbEntity
  8
9
 62
   222
100
AcDbFaceRecord
 10
0.0
 20
0.0
 30
0.0
 70
   128
 71
   -27
 72
     9
 73
    -7
 74
    -7
  0
VERTEX
  5
280
330
216
100
AcDbEntity
  8
9
 62
   222
100
AcDbFaceRecord
 10
0.0
 20
0.0
 30
0.0
 70
   128
 71
   -27
 72
     7
 73
    -5
 74
    -5
  0
VERTEX
  5
281
330
216
100
AcDbEntity
  8
9
 62
   222
100
AcDbFaceRecord
 10
0.0
 20
0.0
 30
0.0
 70
   128
 71
   -27
 72
     5
 73
    -2
 74
    -2
  0
VERTEX
  5
282
330
216
100
AcDbEntity
  8
9
 62
   222
100
AcDbFaceRecord
 10
0.0
 20
0.0
 30
0.0
 70
   128
 71
   -27
 72
    -2
 73
   -47
 74
   -47
  0
VERTEX
  5
283
330
216
100
AcDbEntity
  8
9
 62
   222
100
AcDbFaceRecord
 10
0.0
 20
0.0
 30
0.0
 70
   128
 71
   -47
 72
     2
 73
     1
 74
     1
  0
VERTEX
  5
284
330
216
100
AcDbEntity
  8
9
 62
   222
100
AcDbFaceRecord
 10
0.0
 20
0.0
 30
0.0
 70
   128
 71
   -27
 72
    47
 73
   -45
 74
   -45
  0
VERTEX
  5
285
330
216
100
AcDbEntity
  8
9
 62
   222
100
AcDbFaceRecord
 10
0.0
 20
0.0
 30
0.0
 70
   128
 71
   -27
 72
    45
 73
   -43
 74
   -43
  0
VERTEX
  5
286
330
216
100
AcDbEntity
  8
9
 62
   222
100
AcDbFaceRecord
 10
0.0
 20
0.0
 30
0.0
 70
   128
 71
   -27
 72
    43
 73
   -41
 74
   -41
  0
VERTEX
  5
287
330
216
100
AcDbEntity
  8
9
 62
   222
100
AcDbFaceRecord
 10
0.0
 20
0.0
 30
0.0
 70
   128
 71
   -27
 72
    41
 73
   -39
 74
   -39
  0
VERTEX
  5
288
330
216
100
AcDbEntity
  8
9
 62
   222
100
AcDbFaceRecord
 10
0.0
 20
0.0
 30
0.0
 70
   128
 71
   -27
 72
    39
 73
   -37
 74
   -37
  0
VERTEX
  5
289
330
216
100
AcDbEntity
  8
9
 62
   222
100
AcDbFaceRecord
 10
0.0
 20
0.0
 30
0.0
 70
   128
 71
   -27
 72
    37
 73
   -35
 74
   -35
  0
VERTEX
  5
28A
330
216
100
AcDbEntity
  8
9
 62
   222
100
AcDbFaceRecord
 10
0.0
 20
0.0
 30
0.0
 70
   128
 71
   -27
 72
    35
 73
   -33
 74
   -33
  0
VERTEX
  5
28B
330
216
100
AcDbEntity
  8
9
 62
   222
100
AcDbFaceRecord
 10
0.0
 20
0.0
 30
0.0
 70
   128
 71
   -27
 72
    33
 73
   -31
 74
   -31
  0
VERTEX
  5
28C
330
216
100
AcDbEntity
  8
9
 62
   222
100
AcDbFaceRecord
 10
0.0
 20
0.0
 30
0.0
 70
   128
 71
   -27
 72
    31
 73
    29
 74
    29
  0
VERTEX
  5
28D
330
216
100
AcDbEntity
  8
9
 62
   222
100
AcDbFaceRecord
 10
0.0
 20
0.0
 30
0.0
 70
   128
 71
   -32
 72
    28
 73
    30
 74
    30
  0
VERTEX
  5
28E
330
216
100
AcDbEntity
  8
9
 62
   222
100
AcDbFaceRecord
 10
0.0
 20
0.0
 30
0.0
 70
   128
 71
   -28
 72
   -32
 73
    26
 74
    26
  0
VERTEX
  5
28F
330
216
100
AcDbEntity
  8
9
 62
   222
100
AcDbFaceRecord
 10
0.0
 20
0.0
 30
0.0
 70
   128
 71
   -26
 72
    32
 73
   -34
 74
   -34
  0
VERTEX
  5
290
330
216
100
AcDbEntity
  8
9
 62
   222
100
AcDbFaceRecord
 10
0.0
 20
0.0
 30
0.0
 70
   128
 71
   -26
 72
    34
 73
   -36
 74
   -36
  0
VERTEX
  5
291
330
216
100
AcDbEntity
  8
9
 62
   222
100
AcDbFaceRecord
 10
0.0
 20
0.0
 30
0.0
 70
   128
 71
   -26
 72
    36
 73
   -38
 74
   -38
  0
VERTEX
  5
292
330
216
100
AcDbEntity
  8
9
 62
   222
100
AcDbFaceRecord
 10
0.0
 20
0.0
 30
0.0
 70
   128
 71
   -26
 72
    38
 73
   -40
 74
   -40
  0
VERTEX
  5
293
330
216
100
AcDbEntity
  8
9
 62
   222
100
AcDbFaceRecord
 10
0.0
 20
0.0
 30
0.0
 70
   128
 71
   -26
 72
    40
 73
   -42
 74
   -42
  0
VERTEX
  5
294
330
216
100
AcDbEntity
  8
9
 62
   222
100
AcDbFaceRecord
 10
0.0
 20
0.0
 30
0.0
 70
   128
 71
   -26
 72
    42
 73
   -44
 74
   -44
  0
VERTEX
  5
295
330
216
100
AcDbEntity
  8
9
 62
   222
100
AcDbFaceRecord
 10
0.0
 20
0.0
 30
0.0
 70
   128
 71
   -26
 72
    44
 73
   -46
 74
   -46
  0
VERTEX
  5
296
330
216
100
AcDbEntity
  8
9
 62
   222
100
AcDbFaceRecord
 10
0.0
 20
0.0
 30
0.0
 70
   128
 71
   -26
 72
    46
 73
   -48
 74
   -48
  0
VERTEX
  5
297
330
216
100
AcDbEntity
  8
9
 62
   222
100
AcDbFaceRecord
 10
0.0
 20
0.0
 30
0.0
 70
   128
 71
   -26
 72
    48
 73
    -4
 74
    -4
  0
VERTEX
  5
298
330
216
100
AcDbEntity
  8
9
 62
   222
100
AcDbFaceRecord
 10
0.0
 20
0.0
 30
0.0
 70
   128
 71
   -26
 72
    -4
 73
    -6
 74
    -6
  0
VERTEX
  5
299
330
216
100
AcDbEntity
  8
9
 62
   222
100
AcDbFaceRecord
 10
0.0
 20
0.0
 30
0.0
 70
   128
 71
    -6
 72
     4
 73
     3
 74
     3
  0
VERTEX
  5
29A
330
216
100
AcDbEntity
  8
9
 62
   222
100
AcDbFaceRecord
 10
0.0
 20
0.0
 30
0.0
 70
   128
 71
   -26
 72
     6
 73
    -8
 74
    -8
  0
VERTEX
  5
29B
330
216
100
AcDbEntity
  8
9
 62
   222
100
AcDbFaceRecord
 10
0.0
 20
0.0
 30
0.0
 70
   128
 71
   -26
 72
     8
 73
   -10
 74
   -10
  0
VERTEX
  5
29C
330
216
100
AcDbEntity
  8
9
 62
   222
100
AcDbFaceRecord
 10
0.0
 20
0.0
 30
0.0
 70
   128
 71
   -26
 72
    10
 73
   -12
 74
   -12
  0
VERTEX
  5
29D
330
216
100
AcDbEntity
  8
9
 62
   222
100
AcDbFaceRecord
 10
0.0
 20
0.0
 30
0.0
 70
   128
 71
   -26
 72
    12
 73
   -14
 74
   -14
  0
VERTEX
  5
29E
330
216
100
AcDbEntity
  8
9
 62
   222
100
AcDbFaceRecord
 10
0.0
 20
0.0
 30
0.0
 70
   128
 71
   -26
 72
    14
 73
   -16
 74
   -16
  0
VERTEX
  5
29F
330
216
100
AcDbEntity
  8
9
 62
   222
100
AcDbFaceRecord
 10
0.0
 20
0.0
 30
0.0
 70
   128
 71
   -26
 72
    16
 73
   -18
 74
   -18
  0
VERTEX
  5
2A0
330
216
100
AcDbEntity
  8
9
 62
   222
100
AcDbFaceRecord
 10
0.0
 20
0.0
 30
0.0
 70
   128
 71
   -26
 72
    18
 73
   -20
 74
   -20
  0
VERTEX
  5
2A1
330
216
100
AcDbEntity
  8
9
 62
   222
100
AcDbFaceRecord
 10
0.0
 20
0.0
 30
0.0
 70
   128
 71
   -26
 72
    20
 73
   -22
 74
   -22
  0
VERTEX
  5
2A2
330
216
100
AcDbEntity
  8
9
 62
   222
100
AcDbFaceRecord
 10
0.0
 20
0.0
 30
0.0
 70
   128
 71
   -26
 72
    22
 73
    24
 74
    24
  0
SEQEND
  5
2A3
330
216
100
AcDbEntity
  8
9
 62
   222
  0
POLYLINE
  5
2A4
330
1F
100
AcDbEntity
  8
9
 62
   222
420
 13576614
100
AcDbPolyFaceMesh
 66
     1
 10
0.0
 20
0.0
 30
0.0
 70
    64
 71
    48
 72
    92
1001
TeklaStructures
1000
ID
1000
128050994
  0
VERTEX
  5
2A5
330
2A4
100
AcDbEntity
  8
9
 62
   222
100
AcDbVertex
100
AcDbPolyFaceMeshVertex
 10
32599.99663962828
 20
10099.9999866469
 30
20975.0
 70
   192
  0
VERTEX
  5
2A6
330
2A4
100
AcDbEntity
  8
9
 62
   222
100
AcDbVertex
100
AcDbPolyFaceMeshVertex
 10
32599.99663962828
 20
10099.9999866469
 30
20285.0
 70
   192
  0
VERTEX
  5
2A7
330
2A4
100
AcDbEntity
  8
9
 62
   222
100
AcDbVertex
100
AcDbPolyFaceMeshVertex
 10
32615.99663962828
 20
10099.9999868869
 30
20285.0
 70
   192
  0
VERTEX
  5
2A8
330
2A4
100
AcDbEntity
  8
9
 62
   222
100
AcDbVertex
100
AcDbPolyFaceMeshVertex
 10
32615.99663962828
 20
10099.9999868869
 30
20975.0
 70
   192
  0
VERTEX
  5
2A9
330
2A4
100
AcDbEntity
  8
9
 62
   222
100
AcDbVertex
100
AcDbPolyFaceMeshVertex
 10
32599.99663971041
 20
10094.52478037049
 30
20284.56909192083
 70
   192
  0
VERTEX
  5
2AA
330
2A4
100
AcDbEntity
  8
9
 62
   222
100
AcDbVertex
100
AcDbPolyFaceMeshVertex
 10
32615.99663971041
 20
10094.52478061049
 30
20284.56909192083
 70
   192
  0
VERTEX
  5
2AB
330
2A4
100
AcDbEntity
  8
9
 62
   222
100
AcDbVertex
100
AcDbPolyFaceMeshVertex
 10
32599.99663979052
 20
10089.18439184378
 30
20283.28697807033
 70
   192
  0
VERTEX
  5
2AC
330
2A4
100
AcDbEntity
  8
9
 62
   222
100
AcDbVertex
100
AcDbPolyFaceMeshVertex
 10
32615.99663979052
 20
10089.18439208378
 30
20283.28697807033
 70
   192
  0
VERTEX
  5
2AD
330
2A4
100
AcDbEntity
  8
9
 62
   222
100
AcDbVertex
100
AcDbPolyFaceMeshVertex
 10
32599.99663986663
 20
10084.11031915601
 30
20281.18522834659
 70
   192
  0
VERTEX
  5
2AE
330
2A4
100
AcDbEntity
  8
9
 62
   222
100
AcDbVertex
100
AcDbPolyFaceMeshVertex
 10
32615.99663986663
 20
10084.11031939601
 30
20281.18522834659
 70
   192
  0
VERTEX
  5
2AF
330
2A4
100
AcDbEntity
  8
9
 62
   222
100
AcDbVertex
100
AcDbPolyFaceMeshVertex
 10
32599.99663993687
 20
10079.42750281666
 30
20278.31559480312
 70
   192
  0
VERTEX
  5
2B0
330
2A4
100
AcDbEntity
  8
9
 62
   222
100
AcDbVertex
100
AcDbPolyFaceMeshVertex
 10
32615.99663993687
 20
10079.42750305666
 30
20278.31559480312
 70
   192
  0
VERTEX
  5
2B1
330
2A4
100
AcDbEntity
  8
9
 62
   222
100
AcDbVertex
100
AcDbPolyFaceMeshVertex
 10
32599.99663999951
 20
10075.25124930537
 30
20274.74873734153
 70
   192
  0
VERTEX
  5
2B2
330
2A4
100
AcDbEntity
  8
9
 62
   222
100
AcDbVertex
100
AcDbPolyFaceMeshVertex
 10
32615.99663999951
 20
10075.25124954537
 30
20274.74873734153
 70
   192
  0
VERTEX
  5
2B3
330
2A4
100
AcDbEntity
  8
9
 62
   222
100
AcDbVertex
100
AcDbPolyFaceMeshVertex
 10
32599.99664005302
 20
10071.68439184378
 30
20270.57248383024
 70
   192
  0
VERTEX
  5
2B4
330
2A4
100
AcDbEntity
  8
9
 62
   222
100
AcDbVertex
100
AcDbPolyFaceMeshVertex
 10
32615.99664005302
 20
10071.68439208378
 30
20270.57248383024
 70
   192
  0
VERTEX
  5
2B5
330
2A4
100
AcDbEntity
  8
9
 62
   222
100
AcDbVertex
100
AcDbPolyFaceMeshVertex
 10
32599.99664009606
 20
10068.81475830031
 30
20265.88966749088
 70
   192
  0
VERTEX
  5
2B6
330
2A4
100
AcDbEntity
  8
9
 62
   222
100
AcDbVertex
100
AcDbPolyFaceMeshVertex
 10
32615.99664009606
 20
10068.8147585403
 30
20265.88966749088
 70
   192
  0
VERTEX
  5
2B7
330
2A4
100
AcDbEntity
  8
9
 62
   222
100
AcDbVertex
100
AcDbPolyFaceMeshVertex
 10
32599.99664012759
 20
10066.71300857657
 30
20260.81559480312
 70
   192
  0
VERTEX
  5
2B8
330
2A4
100
AcDbEntity
  8
9
 62
   222
100
AcDbVertex
100
AcDbPolyFaceMeshVertex
 10
32615.99664012759
 20
10066.71300881657
 30
20260.81559480312
 70
   192
  0
VERTEX
  5
2B9
330
2A4
100
AcDbEntity
  8
9
 62
   222
100
AcDbVertex
100
AcDbPolyFaceMeshVertex
 10
32599.99664014682
 20
10065.43089472607
 30
20255.47520627641
 70
   192
  0
VERTEX
  5
2BA
330
2A4
100
AcDbEntity
  8
9
 62
   222
100
AcDbVertex
100
AcDbPolyFaceMeshVertex
 10
32615.99664014682
 20
10065.43089496607
 30
20255.47520627641
 70
   192
  0
VERTEX
  5
2BB
330
2A4
100
AcDbEntity
  8
9
 62
   222
100
AcDbVertex
100
AcDbPolyFaceMeshVertex
 10
32599.99664015328
 20
10064.9999866469
 30
20250.0
 70
   192
  0
VERTEX
  5
2BC
330
2A4
100
AcDbEntity
  8
9
 62
   222
100
AcDbVertex
100
AcDbPolyFaceMeshVertex
 10
32615.99664015328
 20
10064.9999868869
 30
20250.0
 70
   192
  0
VERTEX
  5
2BD
330
2A4
100
AcDbEntity
  8
9
 62
   222
100
AcDbVertex
100
AcDbPolyFaceMeshVertex
 10
32599.99664562828
 20
9699.999986646899
 30
20250.0
 70
   192
  0
VERTEX
  5
2BE
330
2A4
100
AcDbEntity
  8
9
 62
   222
100
AcDbVertex
100
AcDbPolyFaceMeshVertex
 10
32615.99664562828
 20
9699.999986886898
 30
20250.0
 70
   192
  0
VERTEX
  5
2BF
330
2A4
100
AcDbEntity
  8
9
 62
   222
100
AcDbVertex
100
AcDbPolyFaceMeshVertex
 10
32599.99664562828
 20
9699.999986646899
 30
21010.0
 70
   192
  0
VERTEX
  5
2C0
330
2A4
100
AcDbEntity
  8
9
 62
   222
100
AcDbVertex
100
AcDbPolyFaceMeshVertex
 10
32615.99664562828
 20
9699.999986886898
 30
21010.0
 70
   192
  0
VERTEX
  5
2C1
330
2A4
100
AcDbEntity
  8
9
 62
   222
100
AcDbVertex
100
AcDbPolyFaceMeshVertex
 10
32599.99664015328
 20
10064.9999866469
 30
21010.0
 70
   192
  0
VERTEX
  5
2C2
330
2A4
100
AcDbEntity
  8
9
 62
   222
100
AcDbVertex
100
AcDbPolyFaceMeshVertex
 10
32615.99664015328
 20
10064.9999868869
 30
21010.0
 70
   192
  0
VERTEX
  5
2C3
330
2A4
100
AcDbEntity
  8
9
 62
   222
100
AcDbVertex
100
AcDbPolyFaceMeshVertex
 10
32599.99664014682
 20
10065.43089472607
 30
21004.52479372359
 70
   192
  0
VERTEX
  5
2C4
330
2A4
100
AcDbEntity
  8
9
 62
   222
100
AcDbVertex
100
AcDbPolyFaceMeshVertex
 10
32615.99664014682
 20
10065.43089496607
 30
21004.52479372359
 70
   192
  0
VERTEX
  5
2C5
330
2A4
100
AcDbEntity
  8
9
 62
   222
100
AcDbVertex
100
AcDbPolyFaceMeshVertex
 10
32599.99664012759
 20
10066.71300857657
 30
20999.18440519688
 70
   192
  0
VERTEX
  5
2C6
330
2A4
100
AcDbEntity
  8
9
 62
   222
100
AcDbVertex
100
AcDbPolyFaceMeshVertex
 10
32615.99664012759
 20
10066.71300881657
 30
20999.18440519688
 70
   192
  0
VERTEX
  5
2C7
330
2A4
100
AcDbEntity
  8
9
 62
   222
100
AcDbVertex
100
AcDbPolyFaceMeshVertex
 10
32599.99664009606
 20
10068.81475830031
 30
20994.11033250912
 70
   192
  0
VERTEX
  5
2C8
330
2A4
100
AcDbEntity
  8
9
 62
   222
100
AcDbVertex
100
AcDbPolyFaceMeshVertex
 10
32615.99664009606
 20
10068.8147585403
 30
20994.11033250912
 70
   192
  0
VERTEX
  5
2C9
330
2A4
100
AcDbEntity
  8
9
 62
   222
100
AcDbVertex
100
AcDbPolyFaceMeshVertex
 10
32599.99664005302
 20
10071.68439184378
 30
20989.42751616976
 70
   192
  0
VERTEX
  5
2CA
330
2A4
100
AcDbEntity
  8
9
 62
   222
100
AcDbVertex
100
AcDbPolyFaceMeshVertex
 10
32615.99664005302
 20
10071.68439208378
 30
20989.42751616976
 70
   192
  0
VERTEX
  5
2CB
330
2A4
100
AcDbEntity
  8
9
 62
   222
100
AcDbVertex
100
AcDbPolyFaceMeshVertex
 10
32599.99663999951
 20
10075.25124930537
 30
20985.25126265847
 70
   192
  0
VERTEX
  5
2CC
330
2A4
100
AcDbEntity
  8
9
 62
   222
100
AcDbVertex
100
AcDbPolyFaceMeshVertex
 10
32615.99663999951
 20
10075.25124954537
 30
20985.25126265847
 70
   192
  0
VERTEX
  5
2CD
330
2A4
100
AcDbEntity
  8
9
 62
   222
100
AcDbVertex
100
AcDbPolyFaceMeshVertex
 10
32599.99663993687
 20
10079.42750281666
 30
20981.68440519688
 70
   192
  0
VERTEX
  5
2CE
330
2A4
100
AcDbEntity
  8
9
 62
   222
100
AcDbVertex
100
AcDbPolyFaceMeshVertex
 10
32615.99663993687
 20
10079.42750305666
 30
20981.68440519688
 70
   192
  0
VERTEX
  5
2CF
330
2A4
100
AcDbEntity
  8
9
 62
   222
100
AcDbVertex
100
AcDbPolyFaceMeshVertex
 10
32599.99663986663
 20
10084.11031915601
 30
20978.81477165341
 70
   192
  0
VERTEX
  5
2D0
330
2A4
100
AcDbEntity
  8
9
 62
   222
100
AcDbVertex
100
AcDbPolyFaceMeshVertex
 10
32615.99663986663
 20
10084.11031939601
 30
20978.81477165341
 70
   192
  0
VERTEX
  5
2D1
330
2A4
100
AcDbEntity
  8
9
 62
   222
100
AcDbVertex
100
AcDbPolyFaceMeshVertex
 10
32599.99663979052
 20
10089.18439184378
 30
20976.71302192967
 70
   192
  0
VERTEX
  5
2D2
330
2A4
100
AcDbEntity
  8
9
 62
   222
100
AcDbVertex
100
AcDbPolyFaceMeshVertex
 10
32615.99663979052
 20
10089.18439208378
 30
20976.71302192967
 70
   192
  0
VERTEX
  5
2D3
330
2A4
100
AcDbEntity
  8
9
 62
   222
100
AcDbVertex
100
AcDbPolyFaceMeshVertex
 10
32599.99663971041
 20
10094.52478037049
 30
20975.43090807917
 70
   192
  0
VERTEX
  5
2D4
330
2A4
100
AcDbEntity
  8
9
 62
   222
100
AcDbVertex
100
AcDbPolyFaceMeshVertex
 10
32615.99663971041
 20
10094.52478061049
 30
20975.43090807917
 70
   192
  0
VERTEX
  5
2D5
330
2A4
100
AcDbEntity
  8
9
 62
   222
100
AcDbFaceRecord
 10
0.0
 20
0.0
 30
0.0
 70
   128
 71
     1
 72
     2
 73
    -3
 74
    -3
  0
VERTEX
  5
2D6
330
2A4
100
AcDbEntity
  8
9
 62
   222
100
AcDbFaceRecord
 10
0.0
 20
0.0
 30
0.0
 70
   128
 71
    -1
 72
     3
 73
     4
 74
     4
  0
VERTEX
  5
2D7
330
2A4
100
AcDbEntity
  8
9
 62
   222
100
AcDbFaceRecord
 10
0.0
 20
0.0
 30
0.0
 70
   128
 71
     2
 72
     5
 73
    -6
 74
    -6
  0
VERTEX
  5
2D8
330
2A4
100
AcDbEntity
  8
9
 62
   222
100
AcDbFaceRecord
 10
0.0
 20
0.0
 30
0.0
 70
   128
 71
    -2
 72
     6
 73
     3
 74
     3
  0
VERTEX
  5
2D9
330
2A4
100
AcDbEntity
  8
9
 62
   222
100
AcDbFaceRecord
 10
0.0
 20
0.0
 30
0.0
 70
   128
 71
     5
 72
     7
 73
    -8
 74
    -8
  0
VERTEX
  5
2DA
330
2A4
100
AcDbEntity
  8
9
 62
   222
100
AcDbFaceRecord
 10
0.0
 20
0.0
 30
0.0
 70
   128
 71
    -5
 72
     8
 73
     6
 74
     6
  0
VERTEX
  5
2DB
330
2A4
100
AcDbEntity
  8
9
 62
   222
100
AcDbFaceRecord
 10
0.0
 20
0.0
 30
0.0
 70
   128
 71
     7
 72
     9
 73
   -10
 74
   -10
  0
VERTEX
  5
2DC
330
2A4
100
AcDbEntity
  8
9
 62
   222
100
AcDbFaceRecord
 10
0.0
 20
0.0
 30
0.0
 70
   128
 71
    -7
 72
    10
 73
     8
 74
     8
  0
VERTEX
  5
2DD
330
2A4
100
AcDbEntity
  8
9
 62
   222
100
AcDbFaceRecord
 10
0.0
 20
0.0
 30
0.0
 70
   128
 71
     9
 72
    11
 73
   -12
 74
   -12
  0
VERTEX
  5
2DE
330
2A4
100
AcDbEntity
  8
9
 62
   222
100
AcDbFaceRecord
 10
0.0
 20
0.0
 30
0.0
 70
   128
 71
    -9
 72
    12
 73
    10
 74
    10
  0
VERTEX
  5
2DF
330
2A4
100
AcDbEntity
  8
9
 62
   222
100
AcDbFaceRecord
 10
0.0
 20
0.0
 30
0.0
 70
   128
 71
    11
 72
    13
 73
   -14
 74
   -14
  0
VERTEX
  5
2E0
330
2A4
100
AcDbEntity
  8
9
 62
   222
100
AcDbFaceRecord
 10
0.0
 20
0.0
 30
0.0
 70
   128
 71
   -11
 72
    14
 73
    12
 74
    12
  0
VERTEX
  5
2E1
330
2A4
100
AcDbEntity
  8
9
 62
   222
100
AcDbFaceRecord
 10
0.0
 20
0.0
 30
0.0
 70
   128
 71
    13
 72
    15
 73
   -16
 74
   -16
  0
VERTEX
  5
2E2
330
2A4
100
AcDbEntity
  8
9
 62
   222
100
AcDbFaceRecord
 10
0.0
 20
0.0
 30
0.0
 70
   128
 71
   -13
 72
    16
 73
    14
 74
    14
  0
VERTEX
  5
2E3
330
2A4
100
AcDbEntity
  8
9
 62
   222
100
AcDbFaceRecord
 10
0.0
 20
0.0
 30
0.0
 70
   128
 71
    15
 72
    17
 73
   -18
 74
   -18
  0
VERTEX
  5
2E4
330
2A4
100
AcDbEntity
  8
9
 62
   222
100
AcDbFaceRecord
 10
0.0
 20
0.0
 30
0.0
 70
   128
 71
   -15
 72
    18
 73
    16
 74
    16
  0
VERTEX
  5
2E5
330
2A4
100
AcDbEntity
  8
9
 62
   222
100
AcDbFaceRecord
 10
0.0
 20
0.0
 30
0.0
 70
   128
 71
    17
 72
    19
 73
   -20
 74
   -20
  0
VERTEX
  5
2E6
330
2A4
100
AcDbEntity
  8
9
 62
   222
100
AcDbFaceRecord
 10
0.0
 20
0.0
 30
0.0
 70
   128
 71
   -17
 72
    20
 73
    18
 74
    18
  0
VERTEX
  5
2E7
330
2A4
100
AcDbEntity
  8
9
 62
   222
100
AcDbFaceRecord
 10
0.0
 20
0.0
 30
0.0
 70
   128
 71
    19
 72
    21
 73
   -22
 74
   -22
  0
VERTEX
  5
2E8
330
2A4
100
AcDbEntity
  8
9
 62
   222
100
AcDbFaceRecord
 10
0.0
 20
0.0
 30
0.0
 70
   128
 71
   -19
 72
    22
 73
    20
 74
    20
  0
VERTEX
  5
2E9
330
2A4
100
AcDbEntity
  8
9
 62
   222
100
AcDbFaceRecord
 10
0.0
 20
0.0
 30
0.0
 70
   128
 71
    21
 72
    23
 73
   -24
 74
   -24
  0
VERTEX
  5
2EA
330
2A4
100
AcDbEntity
  8
9
 62
   222
100
AcDbFaceRecord
 10
0.0
 20
0.0
 30
0.0
 70
   128
 71
   -21
 72
    24
 73
    22
 74
    22
  0
VERTEX
  5
2EB
330
2A4
100
AcDbEntity
  8
9
 62
   222
100
AcDbFaceRecord
 10
0.0
 20
0.0
 30
0.0
 70
   128
 71
    23
 72
    25
 73
   -26
 74
   -26
  0
VERTEX
  5
2EC
330
2A4
100
AcDbEntity
  8
9
 62
   222
100
AcDbFaceRecord
 10
0.0
 20
0.0
 30
0.0
 70
   128
 71
   -23
 72
    26
 73
    24
 74
    24
  0
VERTEX
  5
2ED
330
2A4
100
AcDbEntity
  8
9
 62
   222
100
AcDbFaceRecord
 10
0.0
 20
0.0
 30
0.0
 70
   128
 71
    25
 72
    27
 73
   -28
 74
   -28
  0
VERTEX
  5
2EE
330
2A4
100
AcDbEntity
  8
9
 62
   222
100
AcDbFaceRecord
 10
0.0
 20
0.0
 30
0.0
 70
   128
 71
   -25
 72
    28
 73
    26
 74
    26
  0
VERTEX
  5
2EF
330
2A4
100
AcDbEntity
  8
9
 62
   222
100
AcDbFaceRecord
 10
0.0
 20
0.0
 30
0.0
 70
   128
 71
    27
 72
    29
 73
   -30
 74
   -30
  0
VERTEX
  5
2F0
330
2A4
100
AcDbEntity
  8
9
 62
   222
100
AcDbFaceRecord
 10
0.0
 20
0.0
 30
0.0
 70
   128
 71
   -27
 72
    30
 73
    28
 74
    28
  0
VERTEX
  5
2F1
330
2A4
100
AcDbEntity
  8
9
 62
   222
100
AcDbFaceRecord
 10
0.0
 20
0.0
 30
0.0
 70
   128
 71
    29
 72
    31
 73
   -32
 74
   -32
  0
VERTEX
  5
2F2
330
2A4
100
AcDbEntity
  8
9
 62
   222
100
AcDbFaceRecord
 10
0.0
 20
0.0
 30
0.0
 70
   128
 71
   -29
 72
    32
 73
    30
 74
    30
  0
VERTEX
  5
2F3
330
2A4
100
AcDbEntity
  8
9
 62
   222
100
AcDbFaceRecord
 10
0.0
 20
0.0
 30
0.0
 70
   128
 71
    31
 72
    33
 73
   -34
 74
   -34
  0
VERTEX
  5
2F4
330
2A4
100
AcDbEntity
  8
9
 62
   222
100
AcDbFaceRecord
 10
0.0
 20
0.0
 30
0.0
 70
   128
 71
   -31
 72
    34
 73
    32
 74
    32
  0
VERTEX
  5
2F5
330
2A4
100
AcDbEntity
  8
9
 62
   222
100
AcDbFaceRecord
 10
0.0
 20
0.0
 30
0.0
 70
   128
 71
    33
 72
    35
 73
   -36
 74
   -36
  0
VERTEX
  5
2F6
330
2A4
100
AcDbEntity
  8
9
 62
   222
100
AcDbFaceRecord
 10
0.0
 20
0.0
 30
0.0
 70
   128
 71
   -33
 72
    36
 73
    34
 74
    34
  0
VERTEX
  5
2F7
330
2A4
100
AcDbEntity
  8
9
 62
   222
100
AcDbFaceRecord
 10
0.0
 20
0.0
 30
0.0
 70
   128
 71
    35
 72
    37
 73
   -38
 74
   -38
  0
VERTEX
  5
2F8
330
2A4
100
AcDbEntity
  8
9
 62
   222
100
AcDbFaceRecord
 10
0.0
 20
0.0
 30
0.0
 70
   128
 71
   -35
 72
    38
 73
    36
 74
    36
  0
VERTEX
  5
2F9
330
2A4
100
AcDbEntity
  8
9
 62
   222
100
AcDbFaceRecord
 10
0.0
 20
0.0
 30
0.0
 70
   128
 71
    37
 72
    39
 73
   -40
 74
   -40
  0
VERTEX
  5
2FA
330
2A4
100
AcDbEntity
  8
9
 62
   222
100
AcDbFaceRecord
 10
0.0
 20
0.0
 30
0.0
 70
   128
 71
   -37
 72
    40
 73
    38
 74
    38
  0
VERTEX
  5
2FB
330
2A4
100
AcDbEntity
  8
9
 62
   222
100
AcDbFaceRecord
 10
0.0
 20
0.0
 30
0.0
 70
   128
 71
    39
 72
    41
 73
   -42
 74
   -42
  0
VERTEX
  5
2FC
330
2A4
100
AcDbEntity
  8
9
 62
   222
100
AcDbFaceRecord
 10
0.0
 20
0.0
 30
0.0
 70
   128
 71
   -39
 72
    42
 73
    40
 74
    40
  0
VERTEX
  5
2FD
330
2A4
100
AcDbEntity
  8
9
 62
   222
100
AcDbFaceRecord
 10
0.0
 20
0.0
 30
0.0
 70
   128
 71
    41
 72
    43
 73
   -44
 74
   -44
  0
VERTEX
  5
2FE
330
2A4
100
AcDbEntity
  8
9
 62
   222
100
AcDbFaceRecord
 10
0.0
 20
0.0
 30
0.0
 70
   128
 71
   -41
 72
    44
 73
    42
 74
    42
  0
VERTEX
  5
2FF
330
2A4
100
AcDbEntity
  8
9
 62
   222
100
AcDbFaceRecord
 10
0.0
 20
0.0
 30
0.0
 70
   128
 71
    43
 72
    45
 73
   -46
 74
   -46
  0
VERTEX
  5
300
330
2A4
100
AcDbEntity
  8
9
 62
   222
100
AcDbFaceRecord
 10
0.0
 20
0.0
 30
0.0
 70
   128
 71
   -43
 72
    46
 73
    44
 74
    44
  0
VERTEX
  5
301
330
2A4
100
AcDbEntity
  8
9
 62
   222
100
AcDbFaceRecord
 10
0.0
 20
0.0
 30
0.0
 70
   128
 71
    45
 72
    47
 73
   -48
 74
   -48
  0
VERTEX
  5
302
330
2A4
100
AcDbEntity
  8
9
 62
   222
100
AcDbFaceRecord
 10
0.0
 20
0.0
 30
0.0
 70
   128
 71
   -45
 72
    48
 73
    46
 74
    46
  0
VERTEX
  5
303
330
2A4
100
AcDbEntity
  8
9
 62
   222
100
AcDbFaceRecord
 10
0.0
 20
0.0
 30
0.0
 70
   128
 71
    47
 72
     1
 73
    -4
 74
    -4
  0
VERTEX
  5
304
330
2A4
100
AcDbEntity
  8
9
 62
   222
100
AcDbFaceRecord
 10
0.0
 20
0.0
 30
0.0
 70
   128
 71
   -47
 72
     4
 73
    48
 74
    48
  0
VERTEX
  5
305
330
2A4
100
AcDbEntity
  8
9
 62
   222
100
AcDbFaceRecord
 10
0.0
 20
0.0
 30
0.0
 70
   128
 71
   -21
 72
    25
 73
    23
 74
    23
  0
VERTEX
  5
306
330
2A4
100
AcDbEntity
  8
9
 62
   222
100
AcDbFaceRecord
 10
0.0
 20
0.0
 30
0.0
 70
   128
 71
   -25
 72
   -21
 73
    27
 74
    27
  0
VERTEX
  5
307
330
2A4
100
AcDbEntity
  8
9
 62
   222
100
AcDbFaceRecord
 10
0.0
 20
0.0
 30
0.0
 70
   128
 71
   -27
 72
    21
 73
   -19
 74
   -19
  0
VERTEX
  5
308
330
2A4
100
AcDbEntity
  8
9
 62
   222
100
AcDbFaceRecord
 10
0.0
 20
0.0
 30
0.0
 70
   128
 71
   -27
 72
    19
 73
   -17
 74
   -17
  0
VERTEX
  5
309
330
2A4
100
AcDbEntity
  8
9
 62
   222
100
AcDbFaceRecord
 10
0.0
 20
0.0
 30
0.0
 70
   128
 71
   -27
 72
    17
 73
   -15
 74
   -15
  0
VERTEX
  5
30A
330
2A4
100
AcDbEntity
  8
9
 62
   222
100
AcDbFaceRecord
 10
0.0
 20
0.0
 30
0.0
 70
   128
 71
   -27
 72
    15
 73
   -13
 74
   -13
  0
VERTEX
  5
30B
330
2A4
100
AcDbEntity
  8
9
 62
   222
100
AcDbFaceRecord
 10
0.0
 20
0.0
 30
0.0
 70
   128
 71
   -27
 72
    13
 73
   -11
 74
   -11
  0
VERTEX
  5
30C
330
2A4
100
AcDbEntity
  8
9
 62
   222
100
AcDbFaceRecord
 10
0.0
 20
0.0
 30
0.0
 70
   128
 71
   -27
 72
    11
 73
    -9
 74
    -9
  0
VERTEX
  5
30D
330
2A4
100
AcDbEntity
  8
9
 62
   222
100
AcDbFaceRecord
 10
0.0
 20
0.0
 30
0.0
 70
   128
 71
   -27
 72
     9
 73
    -7
 74
    -7
  0
VERTEX
  5
30E
330
2A4
100
AcDbEntity
  8
9
 62
   222
100
AcDbFaceRecord
 10
0.0
 20
0.0
 30
0.0
 70
   128
 71
   -27
 72
     7
 73
    -5
 74
    -5
  0
VERTEX
  5
30F
330
2A4
100
AcDbEntity
  8
9
 62
   222
100
AcDbFaceRecord
 10
0.0
 20
0.0
 30
0.0
 70
   128
 71
   -27
 72
     5
 73
    -2
 74
    -2
  0
VERTEX
  5
310
330
2A4
100
AcDbEntity
  8
9
 62
   222
100
AcDbFaceRecord
 10
0.0
 20
0.0
 30
0.0
 70
   128
 71
   -27
 72
    -2
 73
   -47
 74
   -47
  0
VERTEX
  5
311
330
2A4
100
AcDbEntity
  8
9
 62
   222
100
AcDbFaceRecord
 10
0.0
 20
0.0
 30
0.0
 70
   128
 71
   -47
 72
     2
 73
     1
 74
     1
  0
VERTEX
  5
312
330
2A4
100
AcDbEntity
  8
9
 62
   222
100
AcDbFaceRecord
 10
0.0
 20
0.0
 30
0.0
 70
   128
 71
   -27
 72
    47
 73
   -45
 74
   -45
  0
VERTEX
  5
313
330
2A4
100
AcDbEntity
  8
9
 62
   222
100
AcDbFaceRecord
 10
0.0
 20
0.0
 30
0.0
 70
   128
 71
   -27
 72
    45
 73
   -43
 74
   -43
  0
VERTEX
  5
314
330
2A4
100
AcDbEntity
  8
9
 62
   222
100
AcDbFaceRecord
 10
0.0
 20
0.0
 30
0.0
 70
   128
 71
   -27
 72
    43
 73
   -41
 74
   -41
  0
VERTEX
  5
315
330
2A4
100
AcDbEntity
  8
9
 62
   222
100
AcDbFaceRecord
 10
0.0
 20
0.0
 30
0.0
 70
   128
 71
   -27
 72
    41
 73
   -39
 74
   -39
  0
VERTEX
  5
316
330
2A4
100
AcDbEntity
  8
9
 62
   222
100
AcDbFaceRecord
 10
0.0
 20
0.0
 30
0.0
 70
   128
 71
   -27
 72
    39
 73
   -37
 74
   -37
  0
VERTEX
  5
317
330
2A4
100
AcDbEntity
  8
9
 62
   222
100
AcDbFaceRecord
 10
0.0
 20
0.0
 30
0.0
 70
   128
 71
   -27
 72
    37
 73
   -35
 74
   -35
  0
VERTEX
  5
318
330
2A4
100
AcDbEntity
  8
9
 62
   222
100
AcDbFaceRecord
 10
0.0
 20
0.0
 30
0.0
 70
   128
 71
   -27
 72
    35
 73
   -33
 74
   -33
  0
VERTEX
  5
319
330
2A4
100
AcDbEntity
  8
9
 62
   222
100
AcDbFaceRecord
 10
0.0
 20
0.0
 30
0.0
 70
   128
 71
   -27
 72
    33
 73
   -31
 74
   -31
  0
VERTEX
  5
31A
330
2A4
100
AcDbEntity
  8
9
 62
   222
100
AcDbFaceRecord
 10
0.0
 20
0.0
 30
0.0
 70
   128
 71
   -27
 72
    31
 73
    29
 74
    29
  0
VERTEX
  5
31B
330
2A4
100
AcDbEntity
  8
9
 62
   222
100
AcDbFaceRecord
 10
0.0
 20
0.0
 30
0.0
 70
   128
 71
   -32
 72
    28
 73
    30
 74
    30
  0
VERTEX
  5
31C
330
2A4
100
AcDbEntity
  8
9
 62
   222
100
AcDbFaceRecord
 10
0.0
 20
0.0
 30
0.0
 70
   128
 71
   -28
 72
   -32
 73
    26
 74
    26
  0
VERTEX
  5
31D
330
2A4
100
AcDbEntity
  8
9
 62
   222
100
AcDbFaceRecord
 10
0.0
 20
0.0
 30
0.0
 70
   128
 71
   -26
 72
    32
 73
   -34
 74
   -34
  0
VERTEX
  5
31E
330
2A4
100
AcDbEntity
  8
9
 62
   222
100
AcDbFaceRecord
 10
0.0
 20
0.0
 30
0.0
 70
   128
 71
   -26
 72
    34
 73
   -36
 74
   -36
  0
VERTEX
  5
31F
330
2A4
100
AcDbEntity
  8
9
 62
   222
100
AcDbFaceRecord
 10
0.0
 20
0.0
 30
0.0
 70
   128
 71
   -26
 72
    36
 73
   -38
 74
   -38
  0
VERTEX
  5
320
330
2A4
100
AcDbEntity
  8
9
 62
   222
100
AcDbFaceRecord
 10
0.0
 20
0.0
 30
0.0
 70
   128
 71
   -26
 72
    38
 73
   -40
 74
   -40
  0
VERTEX
  5
321
330
2A4
100
AcDbEntity
  8
9
 62
   222
100
AcDbFaceRecord
 10
0.0
 20
0.0
 30
0.0
 70
   128
 71
   -26
 72
    40
 73
   -42
 74
   -42
  0
VERTEX
  5
322
330
2A4
100
AcDbEntity
  8
9
 62
   222
100
AcDbFaceRecord
 10
0.0
 20
0.0
 30
0.0
 70
   128
 71
   -26
 72
    42
 73
   -44
 74
   -44
  0
VERTEX
  5
323
330
2A4
100
AcDbEntity
  8
9
 62
   222
100
AcDbFaceRecord
 10
0.0
 20
0.0
 30
0.0
 70
   128
 71
   -26
 72
    44
 73
   -46
 74
   -46
  0
VERTEX
  5
324
330
2A4
100
AcDbEntity
  8
9
 62
   222
100
AcDbFaceRecord
 10
0.0
 20
0.0
 30
0.0
 70
   128
 71
   -26
 72
    46
 73
   -48
 74
   -48
  0
VERTEX
  5
325
330
2A4
100
AcDbEntity
  8
9
 62
   222
100
AcDbFaceRecord
 10
0.0
 20
0.0
 30
0.0
 70
   128
 71
   -26
 72
    48
 73
    -4
 74
    -4
  0
VERTEX
  5
326
330
2A4
100
AcDbEntity
  8
9
 62
   222
100
AcDbFaceRecord
 10
0.0
 20
0.0
 30
0.0
 70
   128
 71
   -26
 72
    -4
 73
    -6
 74
    -6
  0
VERTEX
  5
327
330
2A4
100
AcDbEntity
  8
9
 62
   222
100
AcDbFaceRecord
 10
0.0
 20
0.0
 30
0.0
 70
   128
 71
    -6
 72
     4
 73
     3
 74
     3
  0
VERTEX
  5
328
330
2A4
100
AcDbEntity
  8
9
 62
   222
100
AcDbFaceRecord
 10
0.0
 20
0.0
 30
0.0
 70
   128
 71
   -26
 72
     6
 73
    -8
 74
    -8
  0
VERTEX
  5
329
330
2A4
100
AcDbEntity
  8
9
 62
   222
100
AcDbFaceRecord
 10
0.0
 20
0.0
 30
0.0
 70
   128
 71
   -26
 72
     8
 73
   -10
 74
   -10
  0
VERTEX
  5
32A
330
2A4
100
AcDbEntity
  8
9
 62
   222
100
AcDbFaceRecord
 10
0.0
 20
0.0
 30
0.0
 70
   128
 71
   -26
 72
    10
 73
   -12
 74
   -12
  0
VERTEX
  5
32B
330
2A4
100
AcDbEntity
  8
9
 62
   222
100
AcDbFaceRecord
 10
0.0
 20
0.0
 30
0.0
 70
   128
 71
   -26
 72
    12
 73
   -14
 74
   -14
  0
VERTEX
  5
32C
330
2A4
100
AcDbEntity
  8
9
 62
   222
100
AcDbFaceRecord
 10
0.0
 20
0.0
 30
0.0
 70
   128
 71
   -26
 72
    14
 73
   -16
 74
   -16
  0
VERTEX
  5
32D
330
2A4
100
AcDbEntity
  8
9
 62
   222
100
AcDbFaceRecord
 10
0.0
 20
0.0
 30
0.0
 70
   128
 71
   -26
 72
    16
 73
   -18
 74
   -18
  0
VERTEX
  5
32E
330
2A4
100
AcDbEntity
  8
9
 62
   222
100
AcDbFaceRecord
 10
0.0
 20
0.0
 30
0.0
 70
   128
 71
   -26
 72
    18
 73
   -20
 74
   -20
  0
VERTEX
  5
32F
330
2A4
100
AcDbEntity
  8
9
 62
   222
100
AcDbFaceRecord
 10
0.0
 20
0.0
 30
0.0
 70
   128
 71
   -26
 72
    20
 73
   -22
 74
   -22
  0
VERTEX
  5
330
330
2A4
100
AcDbEntity
  8
9
 62
   222
100
AcDbFaceRecord
 10
0.0
 20
0.0
 30
0.0
 70
   128
 71
   -26
 72
    22
 73
    24
 74
    24
  0
SEQEND
  5
331
330
2A4
100
AcDbEntity
  8
9
 62
   222
  0
POLYLINE
  5
333
330
1F
100
AcDbEntity
  8
1
 62
   251
420
  6710886
100
AcDbPolyFaceMesh
 66
     1
 10
0.0
 20
0.0
 30
0.0
 70
    64
 71
     8
 72
    12
1001
TeklaStructures
1000
ID
1000
128051001
  0
VERTEX
  5
334
330
333
100
AcDbEntity
  8
1
 62
   251
100
AcDbVertex
100
AcDbPolyFaceMeshVertex
 10
32615.9966406283
 20
9827.99939721101
 30
20250.0
 70
   192
  0
VERTEX
  5
335
330
333
100
AcDbEntity
  8
1
 62
   251
100
AcDbVertex
100
AcDbPolyFaceMeshVertex
 10
32615.9966406283
 20
9827.99939721101
 30
20300.0
 70
   192
  0
VERTEX
  5
336
330
333
100
AcDbEntity
  8
1
 62
   251
100
AcDbVertex
100
AcDbPolyFaceMeshVertex
 10
32983.99664052666
 20
9828.008069867008
 30
20300.0
 70
   192
  0
VERTEX
  5
337
330
333
100
AcDbEntity
  8
1
 62
   251
100
AcDbVertex
100
AcDbPolyFaceMeshVertex
 10
32983.99664052666
 20
9828.008069867008
 30
20250.0
 70
   192
  0
VERTEX
  5
338
330
333
100
AcDbEntity
  8
1
 62
   251
100
AcDbVertex
100
AcDbPolyFaceMeshVertex
 10
32615.9959807523
 20
9855.999397203235
 30
20300.0
 70
   192
  0
VERTEX
  5
339
330
333
100
AcDbEntity
  8
1
 62
   251
100
AcDbVertex
100
AcDbPolyFaceMeshVertex
 10
32983.99598065066
 20
9856.008069859234
 30
20300.0
 70
   192
  0
VERTEX
  5
33A
330
333
100
AcDbEntity
  8
1
 62
   251
100
AcDbVertex
100
AcDbPolyFaceMeshVertex
 10
32615.9959807523
 20
9855.999397203235
 30
20250.0
 70
   192
  0
VERTEX
  5
33B
330
333
100
AcDbEntity
  8
1
 62
   251
100
AcDbVertex
100
AcDbPolyFaceMeshVertex
 10
32983.99598065066
 20
9856.008069859234
 30
20250.0
 70
   192
  0
VERTEX
  5
33C
330
333
100
AcDbEntity
  8
1
 62
   251
100
AcDbFaceRecord
 10
0.0
 20
0.0
 30
0.0
 70
   128
 71
     1
 72
     2
 73
    -3
 74
    -3
  0
VERTEX
  5
33D
330
333
100
AcDbEntity
  8
1
 62
   251
100
AcDbFaceRecord
 10
0.0
 20
0.0
 30
0.0
 70
   128
 71
    -1
 72
     3
 73
     4
 74
     4
  0
VERTEX
  5
33E
330
333
100
AcDbEntity
  8
1
 62
   251
100
AcDbFaceRecord
 10
0.0
 20
0.0
 30
0.0
 70
   128
 71
     2
 72
     5
 73
    -6
 74
    -6
  0
VERTEX
  5
33F
330
333
100
AcDbEntity
  8
1
 62
   251
100
AcDbFaceRecord
 10
0.0
 20
0.0
 30
0.0
 70
   128
 71
    -2
 72
     6
 73
     3
 74
     3
  0
VERTEX
  5
340
330
333
100
AcDbEntity
  8
1
 62
   251
100
AcDbFaceRecord
 10
0.0
 20
0.0
 30
0.0
 70
   128
 71
     5
 72
     7
 73
    -8
 74
    -8
  0
VERTEX
  5
341
330
333
100
AcDbEntity
  8
1
 62
   251
100
AcDbFaceRecord
 10
0.0
 20
0.0
 30
0.0
 70
   128
 71
    -5
 72
     8
 73
     6
 74
     6
  0
VERTEX
  5
342
330
333
100
AcDbEntity
  8
1
 62
   251
100
AcDbFaceRecord
 10
0.0
 20
0.0
 30
0.0
 70
   128
 71
     7
 72
     1
 73
    -4
 74
    -4
  0
VERTEX
  5
343
330
333
100
AcDbEntity
  8
1
 62
   251
100
AcDbFaceRecord
 10
0.0
 20
0.0
 30
0.0
 70
   128
 71
    -7
 72
     4
 73
     8
 74
     8
  0
VERTEX
  5
344
330
333
100
AcDbEntity
  8
1
 62
   251
100
AcDbFaceRecord
 10
0.0
 20
0.0
 30
0.0
 70
   128
 71
     2
 72
     1
 73
    -7
 74
    -7
  0
VERTEX
  5
345
330
333
100
AcDbEntity
  8
1
 62
   251
100
AcDbFaceRecord
 10
0.0
 20
0.0
 30
0.0
 70
   128
 71
    -2
 72
     7
 73
     5
 74
     5
  0
VERTEX
  5
346
330
333
100
AcDbEntity
  8
1
 62
   251
100
AcDbFaceRecord
 10
0.0
 20
0.0
 30
0.0
 70
   128
 71
     4
 72
     3
 73
    -6
 74
    -6
  0
VERTEX
  5
347
330
333
100
AcDbEntity
  8
1
 62
   251
100
AcDbFaceRecord
 10
0.0
 20
0.0
 30
0.0
 70
   128
 71
    -4
 72
     6
 73
     8
 74
     8
  0
SEQEND
  5
348
330
333
100
AcDbEntity
  8
1
 62
   251
  0
POLYLINE
  5
349
330
1F
100
AcDbEntity
  8
1
 62
   251
420
  6710886
100
AcDbPolyFaceMesh
 66
     1
 10
0.0
 20
0.0
 30
0.0
 70
    64
 71
     8
 72
    12
1001
TeklaStructures
1000
ID
1000
128051008
  0
VERTEX
  5
34A
330
349
100
AcDbEntity
  8
1
 62
   251
100
AcDbVertex
100
AcDbPolyFaceMeshVertex
 10
32615.99664020543
 20
9783.999119390333
 30
20250.0
 70
   192
  0
VERTEX
  5
34B
330
349
100
AcDbEntity
  8
1
 62
   251
100
AcDbVertex
100
AcDbPolyFaceMeshVertex
 10
32615.99664020543
 20
9783.999119390333
 30
20300.0
 70
   192
  0
VERTEX
  5
34C
330
349
100
AcDbEntity
  8
1
 62
   251
100
AcDbVertex
100
AcDbPolyFaceMeshVertex
 10
32983.99664010381
 20
9784.007792046332
 30
20300.0
 70
   192
  0
VERTEX
  5
34D
330
349
100
AcDbEntity
  8
1
 62
   251
100
AcDbVertex
100
AcDbPolyFaceMeshVertex
 10
32983.99664010381
 20
9784.007792046332
 30
20250.0
 70
   192
  0
VERTEX
  5
34E
330
349
100
AcDbEntity
  8
1
 62
   251
100
AcDbVertex
100
AcDbPolyFaceMeshVertex
 10
32615.99598032943
 20
9811.99911938256
 30
20300.0
 70
   192
  0
VERTEX
  5
34F
330
349
100
AcDbEntity
  8
1
 62
   251
100
AcDbVertex
100
AcDbPolyFaceMeshVertex
 10
32983.99598022781
 20
9812.007792038557
 30
20300.0
 70
   192
  0
VERTEX
  5
350
330
349
100
AcDbEntity
  8
1
 62
   251
100
AcDbVertex
100
AcDbPolyFaceMeshVertex
 10
32615.99598032943
 20
9811.99911938256
 30
20250.0
 70
   192
  0
VERTEX
  5
351
330
349
100
AcDbEntity
  8
1
 62
   251
100
AcDbVertex
100
AcDbPolyFaceMeshVertex
 10
32983.99598022781
 20
9812.007792038557
 30
20250.0
 70
   192
  0
VERTEX
  5
352
330
349
100
AcDbEntity
  8
1
 62
   251
100
AcDbFaceRecord
 10
0.0
 20
0.0
 30
0.0
 70
   128
 71
     1
 72
     2
 73
    -3
 74
    -3
  0
VERTEX
  5
353
330
349
100
AcDbEntity
  8
1
 62
   251
100
AcDbFaceRecord
 10
0.0
 20
0.0
 30
0.0
 70
   128
 71
    -1
 72
     3
 73
     4
 74
     4
  0
VERTEX
  5
354
330
349
100
AcDbEntity
  8
1
 62
   251
100
AcDbFaceRecord
 10
0.0
 20
0.0
 30
0.0
 70
   128
 71
     2
 72
     5
 73
    -6
 74
    -6
  0
VERTEX
  5
355
330
349
100
AcDbEntity
  8
1
 62
   251
100
AcDbFaceRecord
 10
0.0
 20
0.0
 30
0.0
 70
   128
 71
    -2
 72
     6
 73
     3
 74
     3
  0
VERTEX
  5
356
330
349
100
AcDbEntity
  8
1
 62
   251
100
AcDbFaceRecord
 10
0.0
 20
0.0
 30
0.0
 70
   128
 71
     5
 72
     7
 73
    -8
 74
    -8
  0
VERTEX
  5
357
330
349
100
AcDbEntity
  8
1
 62
   251
100
AcDbFaceRecord
 10
0.0
 20
0.0
 30
0.0
 70
   128
 71
    -5
 72
     8
 73
     6
 74
     6
  0
VERTEX
  5
358
330
349
100
AcDbEntity
  8
1
 62
   251
100
AcDbFaceRecord
 10
0.0
 20
0.0
 30
0.0
 70
   128
 71
     7
 72
     1
 73
    -4
 74
    -4
  0
VERTEX
  5
359
330
349
100
AcDbEntity
  8
1
 62
   251
100
AcDbFaceRecord
 10
0.0
 20
0.0
 30
0.0
 70
   128
 71
    -7
 72
     4
 73
     8
 74
     8
  0
VERTEX
  5
35A
330
349
100
AcDbEntity
  8
1
 62
   251
100
AcDbFaceRecord
 10
0.0
 20
0.0
 30
0.0
 70
   128
 71
     2
 72
     1
 73
    -7
 74
    -7
  0
VERTEX
  5
35B
330
349
100
AcDbEntity
  8
1
 62
   251
100
AcDbFaceRecord
 10
0.0
 20
0.0
 30
0.0
 70
   128
 71
    -2
 72
     7
 73
     5
 74
     5
  0
VERTEX
  5
35C
330
349
100
AcDbEntity
  8
1
 62
   251
100
AcDbFaceRecord
 10
0.0
 20
0.0
 30
0.0
 70
   128
 71
     4
 72
     3
 73
    -6
 74
    -6
  0
VERTEX
  5
35D
330
349
100
AcDbEntity
  8
1
 62
   251
100
AcDbFaceRecord
 10
0.0
 20
0.0
 30
0.0
 70
   128
 71
    -4
 72
     6
 73
     8
 74
     8
  0
SEQEND
  5
35E
330
349
100
AcDbEntity
  8
1
 62
   251
  0
POLYLINE
  5
360
330
1F
100
AcDbEntity
  8
99
 62
   251
420
  6710886
100
AcDbPolyFaceMesh
 66
     1
 10
0.0
 20
0.0
 30
0.0
 70
    64
 71
    12
 72
    20
1001
TeklaStructures
1000
ID
1000
128051015
  0
VERTEX
  5
361
330
360
100
AcDbEntity
  8
99
 62
   251
100
AcDbVertex
100
AcDbPolyFaceMeshVertex
 10
33099.99665762762
 20
9803.999981841174
 30
21010.0
 70
   192
  0
VERTEX
  5
362
330
360
100
AcDbEntity
  8
99
 62
   251
100
AcDbVertex
100
AcDbPolyFaceMeshVertex
 10
33099.99666079912
 20
9700.000012358752
 30
21010.0
 70
   192
  0
VERTEX
  5
363
330
360
100
AcDbEntity
  8
99
 62
   251
100
AcDbVertex
100
AcDbPolyFaceMeshVertex
 10
33099.99666079912
 20
9700.000012358752
 30
21030.0
 70
   192
  0
VERTEX
  5
364
330
360
100
AcDbEntity
  8
99
 62
   251
100
AcDbVertex
100
AcDbPolyFaceMeshVertex
 10
33099.99665762762
 20
9803.999981841174
 30
21030.0
 70
   192
  0
VERTEX
  5
365
330
360
100
AcDbEntity
  8
99
 62
   251
100
AcDbVertex
100
AcDbPolyFaceMeshVertex
 10
32499.99664460104
 20
9699.999987841175
 30
21010.0
 70
   192
  0
VERTEX
  5
366
330
360
100
AcDbEntity
  8
99
 62
   251
100
AcDbVertex
100
AcDbPolyFaceMeshVertex
 10
32499.99664460104
 20
9699.999987841175
 30
21030.0
 70
   192
  0
VERTEX
  5
367
330
360
100
AcDbEntity
  8
99
 62
   251
100
AcDbVertex
100
AcDbPolyFaceMeshVertex
 10
32499.98921888318
 20
9803.999988595982
 30
21010.0
 70
   192
  0
VERTEX
  5
368
330
360
100
AcDbEntity
  8
99
 62
   251
100
AcDbVertex
100
AcDbPolyFaceMeshVertex
 10
32499.98921888318
 20
9803.999988595982
 30
21030.0
 70
   192
  0
VERTEX
  5
369
330
360
100
AcDbEntity
  8
99
 62
   251
100
AcDbVertex
100
AcDbPolyFaceMeshVertex
 10
32573.96808414792
 20
10099.99998710146
 30
21010.0
 70
   192
  0
VERTEX
  5
36A
330
360
100
AcDbEntity
  8
99
 62
   251
100
AcDbVertex
100
AcDbPolyFaceMeshVertex
 10
32573.96808414792
 20
10099.99998710146
 30
21030.0
 70
   192
  0
VERTEX
  5
36B
330
360
100
AcDbEntity
  8
99
 62
   251
100
AcDbVertex
100
AcDbPolyFaceMeshVertex
 10
33025.99664860104
 20
10099.99998258117
 30
21010.0
 70
   192
  0
VERTEX
  5
36C
330
360
100
AcDbEntity
  8
99
 62
   251
100
AcDbVertex
100
AcDbPolyFaceMeshVertex
 10
33025.99664860104
 20
10099.99998258117
 30
21030.0
 70
   192
  0
VERTEX
  5
36D
330
360
100
AcDbEntity
  8
99
 62
   251
100
AcDbFaceRecord
 10
0.0
 20
0.0
 30
0.0
 70
   128
 71
     1
 72
     2
 73
    -3
 74
    -3
  0
VERTEX
  5
36E
330
360
100
AcDbEntity
  8
99
 62
   251
100
AcDbFaceRecord
 10
0.0
 20
0.0
 30
0.0
 70
   128
 71
    -1
 72
     3
 73
     4
 74
     4
  0
VERTEX
  5
36F
330
360
100
AcDbEntity
  8
99
 62
   251
100
AcDbFaceRecord
 10
0.0
 20
0.0
 30
0.0
 70
   128
 71
     2
 72
     5
 73
    -6
 74
    -6
  0
VERTEX
  5
370
330
360
100
AcDbEntity
  8
99
 62
   251
100
AcDbFaceRecord
 10
0.0
 20
0.0
 30
0.0
 70
   128
 71
    -2
 72
     6
 73
     3
 74
     3
  0
VERTEX
  5
371
330
360
100
AcDbEntity
  8
99
 62
   251
100
AcDbFaceRecord
 10
0.0
 20
0.0
 30
0.0
 70
   128
 71
     5
 72
     7
 73
    -8
 74
    -8
  0
VERTEX
  5
372
330
360
100
AcDbEntity
  8
99
 62
   251
100
AcDbFaceRecord
 10
0.0
 20
0.0
 30
0.0
 70
   128
 71
    -5
 72
     8
 73
     6
 74
     6
  0
VERTEX
  5
373
330
360
100
AcDbEntity
  8
99
 62
   251
100
AcDbFaceRecord
 10
0.0
 20
0.0
 30
0.0
 70
   128
 71
     7
 72
     9
 73
   -10
 74
   -10
  0
VERTEX
  5
374
330
360
100
AcDbEntity
  8
99
 62
   251
100
AcDbFaceRecord
 10
0.0
 20
0.0
 30
0.0
 70
   128
 71
    -7
 72
    10
 73
     8
 74
     8
  0
VERTEX
  5
375
330
360
100
AcDbEntity
  8
99
 62
   251
100
AcDbFaceRecord
 10
0.0
 20
0.0
 30
0.0
 70
   128
 71
     9
 72
    11
 73
   -12
 74
   -12
  0
VERTEX
  5
376
330
360
100
AcDbEntity
  8
99
 62
   251
100
AcDbFaceRecord
 10
0.0
 20
0.0
 30
0.0
 70
   128
 71
    -9
 72
    12
 73
    10
 74
    10
  0
VERTEX
  5
377
330
360
100
AcDbEntity
  8
99
 62
   251
100
AcDbFaceRecord
 10
0.0
 20
0.0
 30
0.0
 70
   128
 71
    11
 72
     1
 73
    -4
 74
    -4
  0
VERTEX
  5
378
330
360
100
AcDbEntity
  8
99
 62
   251
100
AcDbFaceRecord
 10
0.0
 20
0.0
 30
0.0
 70
   128
 71
   -11
 72
     4
 73
    12
 74
    12
  0
VERTEX
  5
379
330
360
100
AcDbEntity
  8
99
 62
   251
100
AcDbFaceRecord
 10
0.0
 20
0.0
 30
0.0
 70
   128
 71
    -2
 72
     7
 73
     5
 74
     5
  0
VERTEX
  5
37A
330
360
100
AcDbEntity
  8
99
 62
   251
100
AcDbFaceRecord
 10
0.0
 20
0.0
 30
0.0
 70
   128
 71
    -7
 72
     2
 73
    -1
 74
    -1
  0
VERTEX
  5
37B
330
360
100
AcDbEntity
  8
99
 62
   251
100
AcDbFaceRecord
 10
0.0
 20
0.0
 30
0.0
 70
   128
 71
    -7
 72
     1
 73
   -11
 74
   -11
  0
VERTEX
  5
37C
330
360
100
AcDbEntity
  8
99
 62
   251
100
AcDbFaceRecord
 10
0.0
 20
0.0
 30
0.0
 70
   128
 71
    -7
 72
    11
 73
     9
 74
     9
  0
VERTEX
  5
37D
330
360
100
AcDbEntity
  8
99
 62
   251
100
AcDbFaceRecord
 10
0.0
 20
0.0
 30
0.0
 70
   128
 71
   -12
 72
     8
 73
    10
 74
    10
  0
VERTEX
  5
37E
330
360
100
AcDbEntity
  8
99
 62
   251
100
AcDbFaceRecord
 10
0.0
 20
0.0
 30
0.0
 70
   128
 71
    -8
 72
    12
 73
    -4
 74
    -4
  0
VERTEX
  5
37F
330
360
100
AcDbEntity
  8
99
 62
   251
100
AcDbFaceRecord
 10
0.0
 20
0.0
 30
0.0
 70
   128
 71
    -8
 72
    -4
 73
     6
 74
     6
  0
VERTEX
  5
380
330
360
100
AcDbEntity
  8
99
 62
   251
100
AcDbFaceRecord
 10
0.0
 20
0.0
 30
0.0
 70
   128
 71
    -6
 72
     4
 73
     3
 74
     3
  0
SEQEND
  5
381
330
360
100
AcDbEntity
  8
99
 62
   251
  0
POLYLINE
  5
382
330
1F
100
AcDbEntity
  8
99
 62
   251
420
  6710886
100
AcDbPolyFaceMesh
 66
     1
 10
0.0
 20
0.0
 30
0.0
 70
    64
 71
    12
 72
    20
1001
TeklaStructures
1000
ID
1000
128051023
  0
VERTEX
  5
383
330
382
100
AcDbEntity
  8
99
 62
   251
100
AcDbVertex
100
AcDbPolyFaceMeshVertex
 10
33099.99665762762
 20
9803.999981841174
 30
20230.0
 70
   192
  0
VERTEX
  5
384
330
382
100
AcDbEntity
  8
99
 62
   251
100
AcDbVertex
100
AcDbPolyFaceMeshVertex
 10
33099.99666079912
 20
9700.000012358752
 30
20230.0
 70
   192
  0
VERTEX
  5
385
330
382
100
AcDbEntity
  8
99
 62
   251
100
AcDbVertex
100
AcDbPolyFaceMeshVertex
 10
33099.99666079912
 20
9700.000012358752
 30
20250.0
 70
   192
  0
VERTEX
  5
386
330
382
100
AcDbEntity
  8
99
 62
   251
100
AcDbVertex
100
AcDbPolyFaceMeshVertex
 10
33099.99665762762
 20
9803.999981841174
 30
20250.0
 70
   192
  0
VERTEX
  5
387
330
382
100
AcDbEntity
  8
99
 62
   251
100
AcDbVertex
100
AcDbPolyFaceMeshVertex
 10
32499.99664460104
 20
9699.999987841175
 30
20230.0
 70
   192
  0
VERTEX
  5
388
330
382
100
AcDbEntity
  8
99
 62
   251
100
AcDbVertex
100
AcDbPolyFaceMeshVertex
 10
32499.99664460104
 20
9699.999987841175
 30
20250.0
 70
   192
  0
VERTEX
  5
389
330
382
100
AcDbEntity
  8
99
 62
   251
100
AcDbVertex
100
AcDbPolyFaceMeshVertex
 10
32499.98921888318
 20
9803.999988595982
 30
20230.0
 70
   192
  0
VERTEX
  5
38A
330
382
100
AcDbEntity
  8
99
 62
   251
100
AcDbVertex
100
AcDbPolyFaceMeshVertex
 10
32499.98921888318
 20
9803.999988595982
 30
20250.0
 70
   192
  0
VERTEX
  5
38B
330
382
100
AcDbEntity
  8
99
 62
   251
100
AcDbVertex
100
AcDbPolyFaceMeshVertex
 10
32573.96808414792
 20
10099.99998710146
 30
20230.0
 70
   192
  0
VERTEX
  5
38C
330
382
100
AcDbEntity
  8
99
 62
   251
100
AcDbVertex
100
AcDbPolyFaceMeshVertex
 10
32573.96808414792
 20
10099.99998710146
 30
20250.0
 70
   192
  0
VERTEX
  5
38D
330
382
100
AcDbEntity
  8
99
 62
   251
100
AcDbVertex
100
AcDbPolyFaceMeshVertex
 10
33025.99664860104
 20
10099.99998258117
 30
20230.0
 70
   192
  0
VERTEX
  5
38E
330
382
100
AcDbEntity
  8
99
 62
   251
100
AcDbVertex
100
AcDbPolyFaceMeshVertex
 10
33025.99664860104
 20
10099.99998258117
 30
20250.0
 70
   192
  0
VERTEX
  5
38F
330
382
100
AcDbEntity
  8
99
 62
   251
100
AcDbFaceRecord
 10
0.0
 20
0.0
 30
0.0
 70
   128
 71
     1
 72
     2
 73
    -3
 74
    -3
  0
VERTEX
  5
390
330
382
100
AcDbEntity
  8
99
 62
   251
100
AcDbFaceRecord
 10
0.0
 20
0.0
 30
0.0
 70
   128
 71
    -1
 72
     3
 73
     4
 74
     4
  0
VERTEX
  5
391
330
382
100
AcDbEntity
  8
99
 62
   251
100
AcDbFaceRecord
 10
0.0
 20
0.0
 30
0.0
 70
   128
 71
     2
 72
     5
 73
    -6
 74
    -6
  0
VERTEX
  5
392
330
382
100
AcDbEntity
  8
99
 62
   251
100
AcDbFaceRecord
 10
0.0
 20
0.0
 30
0.0
 70
   128
 71
    -2
 72
     6
 73
     3
 74
     3
  0
VERTEX
  5
393
330
382
100
AcDbEntity
  8
99
 62
   251
100
AcDbFaceRecord
 10
0.0
 20
0.0
 30
0.0
 70
   128
 71
     5
 72
     7
 73
    -8
 74
    -8
  0
VERTEX
  5
394
330
382
100
AcDbEntity
  8
99
 62
   251
100
AcDbFaceRecord
 10
0.0
 20
0.0
 30
0.0
 70
   128
 71
    -5
 72
     8
 73
     6
 74
     6
  0
VERTEX
  5
395
330
382
100
AcDbEntity
  8
99
 62
   251
100
AcDbFaceRecord
 10
0.0
 20
0.0
 30
0.0
 70
   128
 71
     7
 72
     9
 73
   -10
 74
   -10
  0
VERTEX
  5
396
330
382
100
AcDbEntity
  8
99
 62
   251
100
AcDbFaceRecord
 10
0.0
 20
0.0
 30
0.0
 70
   128
 71
    -7
 72
    10
 73
     8
 74
     8
  0
VERTEX
  5
397
330
382
100
AcDbEntity
  8
99
 62
   251
100
AcDbFaceRecord
 10
0.0
 20
0.0
 30
0.0
 70
   128
 71
     9
 72
    11
 73
   -12
 74
   -12
  0
VERTEX
  5
398
330
382
100
AcDbEntity
  8
99
 62
   251
100
AcDbFaceRecord
 10
0.0
 20
0.0
 30
0.0
 70
   128
 71
    -9
 72
    12
 73
    10
 74
    10
  0
VERTEX
  5
399
330
382
100
AcDbEntity
  8
99
 62
   251
100
AcDbFaceRecord
 10
0.0
 20
0.0
 30
0.0
 70
   128
 71
    11
 72
     1
 73
    -4
 74
    -4
  0
VERTEX
  5
39A
330
382
100
AcDbEntity
  8
99
 62
   251
100
AcDbFaceRecord
 10
0.0
 20
0.0
 30
0.0
 70
   128
 71
   -11
 72
     4
 73
    12
 74
    12
  0
VERTEX
  5
39B
330
382
100
AcDbEntity
  8
99
 62
   251
100
AcDbFaceRecord
 10
0.0
 20
0.0
 30
0.0
 70
   128
 71
    -2
 72
     7
 73
     5
 74
     5
  0
VERTEX
  5
39C
330
382
100
AcDbEntity
  8
99
 62
   251
100
AcDbFaceRecord
 10
0.0
 20
0.0
 30
0.0
 70
   128
 71
    -7
 72
     2
 73
    -1
 74
    -1
  0
VERTEX
  5
39D
330
382
100
AcDbEntity
  8
99
 62
   251
100
AcDbFaceRecord
 10
0.0
 20
0.0
 30
0.0
 70
   128
 71
    -7
 72
     1
 73
   -11
 74
   -11
  0
VERTEX
  5
39E
330
382
100
AcDbEntity
  8
99
 62
   251
100
AcDbFaceRecord
 10
0.0
 20
0.0
 30
0.0
 70
   128
 71
    -7
 72
    11
 73
     9
 74
     9
  0
VERTEX
  5
39F
330
382
100
AcDbEntity
  8
99
 62
   251
100
AcDbFaceRecord
 10
0.0
 20
0.0
 30
0.0
 70
   128
 71
   -12
 72
     8
 73
    10
 74
    10
  0
VERTEX
  5
3A0
330
382
100
AcDbEntity
  8
99
 62
   251
100
AcDbFaceRecord
 10
0.0
 20
0.0
 30
0.0
 70
   128
 71
    -8
 72
    12
 73
    -4
 74
    -4
  0
VERTEX
  5
3A1
330
382
100
AcDbEntity
  8
99
 62
   251
100
AcDbFaceRecord
 10
0.0
 20
0.0
 30
0.0
 70
   128
 71
    -8
 72
    -4
 73
     6
 74
     6
  0
VERTEX
  5
3A2
330
382
100
AcDbEntity
  8
99
 62
   251
100
AcDbFaceRecord
 10
0.0
 20
0.0
 30
0.0
 70
   128
 71
    -6
 72
     4
 73
     3
 74
     3
  0
SEQEND
  5
3A3
330
382
100
AcDbEntity
  8
99
 62
   251
  0
POLYLINE
  5
3A5
330
1F
100
AcDbEntity
  8
2
 62
    28
420
  6689812
100
AcDbPolyFaceMesh
 66
     1
 10
0.0
 20
0.0
 30
0.0
 70
    64
 71
    48
 72
    92
1001
TeklaStructures
1000
ID
1000
128051211
  0
VERTEX
  5
3A6
330
3A5
100
AcDbEntity
  8
2
 62
    28
100
AcDbVertex
100
AcDbPolyFaceMeshVertex
 10
32537.55288663303
 20
9902.999474199236
 30
20253.00004921773
 70
   192
  0
VERTEX
  5
3A7
330
3A5
100
AcDbEntity
  8
2
 62
    28
100
AcDbVertex
100
AcDbPolyFaceMeshVertex
 10
32537.55284533598
 20
9902.120829346435
 30
20250.8787144587
 70
   192
  0
VERTEX
  5
3A8
330
3A5
100
AcDbEntity
  8
2
 62
    28
100
AcDbVertex
100
AcDbPolyFaceMeshVertex
 10
32587.55284465938
 20
9902.11847931765
 30
20250.87871445869
 70
   192
  0
VERTEX
  5
3A9
330
3A5
100
AcDbEntity
  8
2
 62
    28
100
AcDbVertex
100
AcDbPolyFaceMeshVertex
 10
32587.55288595619
 20
9902.99712417062
 30
20253.00004921758
 70
   192
  0
VERTEX
  5
3AA
330
3A5
100
AcDbEntity
  8
2
 62
    28
100
AcDbVertex
100
AcDbPolyFaceMeshVertex
 10
32537.55274563338
 20
9899.999523421124
 30
20249.99999999999
 70
   192
  0
VERTEX
  5
3AB
330
3A5
100
AcDbEntity
  8
2
 62
    28
100
AcDbVertex
100
AcDbPolyFaceMeshVertex
 10
32587.55274495678
 20
9899.997173392338
 30
20249.99999999998
 70
   192
  0
VERTEX
  5
3AC
330
3A5
100
AcDbEntity
  8
2
 62
    28
100
AcDbVertex
100
AcDbPolyFaceMeshVertex
 10
32537.55264592943
 20
9897.878188664576
 30
20250.87864485393
 70
   192
  0
VERTEX
  5
3AD
330
3A5
100
AcDbEntity
  8
2
 62
    28
100
AcDbVertex
100
AcDbPolyFaceMeshVertex
 10
32587.55264525282
 20
9897.875838635788
 30
20250.87864485392
 70
   192
  0
VERTEX
  5
3AE
330
3A5
100
AcDbEntity
  8
2
 62
    28
100
AcDbVertex
100
AcDbPolyFaceMeshVertex
 10
32537.55260462934
 20
9896.999474206841
 30
20252.99995078159
 70
   192
  0
VERTEX
  5
3AF
330
3A5
100
AcDbEntity
  8
2
 62
    28
100
AcDbVertex
100
AcDbPolyFaceMeshVertex
 10
32587.55260395273
 20
9896.997124178053
 30
20252.99995078158
 70
   192
  0
VERTEX
  5
3B0
330
3A5
100
AcDbEntity
  8
2
 62
    28
100
AcDbVertex
100
AcDbPolyFaceMeshVertex
 10
32537.55264592616
 20
9897.878119059813
 30
20255.12128554048
 70
   192
  0
VERTEX
  5
3B1
330
3A5
100
AcDbEntity
  8
2
 62
    28
100
AcDbVertex
100
AcDbPolyFaceMeshVertex
 10
32587.55264524955
 20
9897.875769031025
 30
20255.12128554047
 70
   192
  0
VERTEX
  5
3B2
330
3A5
100
AcDbEntity
  8
2
 62
    28
100
AcDbVertex
100
AcDbPolyFaceMeshVertex
 10
32537.55274562876
 20
9899.999424985124
 30
20255.99999999919
 70
   192
  0
VERTEX
  5
3B3
330
3A5
100
AcDbEntity
  8
2
 62
    28
100
AcDbVertex
100
AcDbPolyFaceMeshVertex
 10
32587.55274495215
 20
9899.997074956338
 30
20255.99999999918
 70
   192
  0
VERTEX
  5
3B4
330
3A5
100
AcDbEntity
  8
2
 62
    28
100
AcDbVertex
100
AcDbPolyFaceMeshVertex
 10
32537.55284533271
 20
9902.120759741674
 30
20255.12135514525
 70
   192
  0
VERTEX
  5
3B5
330
3A5
100
AcDbEntity
  8
2
 62
    28
100
AcDbVertex
100
AcDbPolyFaceMeshVertex
 10
32587.55284465611
 20
9902.118409712886
 30
20255.12135514524
 70
   192
  0
VERTEX
  5
3B6
330
3A5
100
AcDbEntity
  8
2
 62
    28
100
AcDbVertex
100
AcDbPolyFaceMeshVertex
 10
32532.33274460723
 20
9902.121074693996
 30
20252.77859926066
 70
   192
  0
VERTEX
  5
3B7
330
3A5
100
AcDbEntity
  8
2
 62
    28
100
AcDbVertex
100
AcDbPolyFaceMeshVertex
 10
32531.76783555721
 20
9899.999795315038
 30
20252.10545031704
 70
   192
  0
VERTEX
  5
3B8
330
3A5
100
AcDbEntity
  8
2
 62
    28
100
AcDbVertex
100
AcDbPolyFaceMeshVertex
 10
32533.696311551
 20
9902.999655460473
 30
20254.40367124837
 70
   192
  0
VERTEX
  5
3B9
330
3A5
100
AcDbEntity
  8
2
 62
    28
100
AcDbVertex
100
AcDbPolyFaceMeshVertex
 10
32535.05977736607
 20
9902.120876917117
 30
20256.02872114958
 70
   192
  0
VERTEX
  5
3BA
330
3A5
100
AcDbEntity
  8
2
 62
    28
100
AcDbVertex
100
AcDbPolyFaceMeshVertex
 10
32535.62444226981
 20
9899.999515616297
 30
20256.7018167717
 70
   192
  0
VERTEX
  5
3BB
330
3A5
100
AcDbEntity
  8
2
 62
    28
100
AcDbVertex
100
AcDbPolyFaceMeshVertex
 10
32535.05953321979
 20
9897.878236237346
 30
20256.02866782807
 70
   192
  0
VERTEX
  5
3BC
330
3A5
100
AcDbEntity
  8
2
 62
    28
100
AcDbVertex
100
AcDbPolyFaceMeshVertex
 10
32533.69596627602
 20
9896.999655470861
 30
20254.40359584038
 70
   192
  0
VERTEX
  5
3BD
330
3A5
100
AcDbEntity
  8
2
 62
    28
100
AcDbVertex
100
AcDbPolyFaceMeshVertex
 10
32532.33250046095
 20
9897.878434014217
 30
20252.77854593916
 70
   192
  0
VERTEX
  5
3BE
330
3A5
100
AcDbEntity
  8
2
 62
    28
100
AcDbVertex
100
AcDbPolyFaceMeshVertex
 10
32528.68955675959
 20
9899.999939995898
 30
20257.43670770407
 70
   192
  0
VERTEX
  5
3BF
330
3A5
100
AcDbEntity
  8
2
 62
    28
100
AcDbVertex
100
AcDbPolyFaceMeshVertex
 10
32529.55474542162
 20
9897.878564570296
 30
20257.58932756303
 70
   192
  0
VERTEX
  5
3C0
330
3A5
100
AcDbEntity
  8
2
 62
    28
100
AcDbVertex
100
AcDbPolyFaceMeshVertex
 10
32531.64376357679
 20
9896.99975192556
 30
20257.95779658673
 70
   192
  0
VERTEX
  5
3C1
330
3A5
100
AcDbEntity
  8
2
 62
    28
100
AcDbVertex
100
AcDbPolyFaceMeshVertex
 10
32533.73289272182
 20
9897.878298590202
 30
20258.32627061839
 70
   192
  0
VERTEX
  5
3C2
330
3A5
100
AcDbEntity
  8
2
 62
    28
100
AcDbVertex
100
AcDbPolyFaceMeshVertex
 10
32534.59834933712
 20
9899.999563843248
 30
20258.47890256765
 70
   192
  0
VERTEX
  5
3C3
330
3A5
100
AcDbEntity
  8
2
 62
    28
100
AcDbVertex
100
AcDbPolyFaceMeshVertex
 10
32533.73316067509
 20
9902.120939268854
 30
20258.32628270868
 70
   192
  0
VERTEX
  5
3C4
330
3A5
100
AcDbEntity
  8
2
 62
    28
100
AcDbVertex
100
AcDbPolyFaceMeshVertex
 10
32531.64414251992
 20
9902.999751913583
 30
20257.95781368499
 70
   192
  0
VERTEX
  5
3C5
330
3A5
100
AcDbEntity
  8
2
 62
    28
100
AcDbVertex
100
AcDbPolyFaceMeshVertex
 10
32529.55501337489
 20
9902.121205248946
 30
20257.58933965332
 70
   192
  0
VERTEX
  5
3C6
330
3A5
100
AcDbEntity
  8
2
 62
    28
100
AcDbVertex
100
AcDbPolyFaceMeshVertex
 10
32529.75816770094
 20
9899.999889770546
 30
20263.49939492651
 70
   192
  0
VERTEX
  5
3C7
330
3A5
100
AcDbEntity
  8
2
 62
    28
100
AcDbVertex
100
AcDbPolyFaceMeshVertex
 10
32530.51903086247
 20
9897.878519248303
 30
20263.06013157111
 70
   192
  0
VERTEX
  5
3C8
330
3A5
100
AcDbEntity
  8
2
 62
    28
100
AcDbVertex
100
AcDbPolyFaceMeshVertex
 10
32532.35617671493
 20
9896.999718441712
 30
20261.99962122333
 70
   192
  0
VERTEX
  5
3C9
330
3A5
100
AcDbEntity
  8
2
 62
    28
100
AcDbVertex
100
AcDbPolyFaceMeshVertex
 10
32534.19343013398
 20
9897.878276944659
 30
20260.93909646189
 70
   192
  0
VERTEX
  5
3CA
330
3A5
100
AcDbEntity
  8
2
 62
    28
100
AcDbVertex
100
AcDbPolyFaceMeshVertex
 10
32534.95455298428
 20
9899.999547101448
 30
20260.49979830878
 70
   192
  0
VERTEX
  5
3CB
330
3A5
100
AcDbEntity
  8
2
 62
    28
100
AcDbVertex
100
AcDbPolyFaceMeshVertex
 10
32534.19368982276
 20
9902.1209176237
 30
20260.93906166418
 70
   192
  0
VERTEX
  5
3CC
330
3A5
100
AcDbEntity
  8
2
 62
    28
100
AcDbVertex
100
AcDbPolyFaceMeshVertex
 10
32532.35654397003
 20
9902.999718430492
 30
20261.99957201206
 70
   192
  0
VERTEX
  5
3CD
330
3A5
100
AcDbEntity
  8
2
 62
    28
100
AcDbVertex
100
AcDbPolyFaceMeshVertex
 10
32530.51929055124
 20
9902.121159927345
 30
20263.0600967734
 70
   192
  0
VERTEX
  5
3CE
330
3A5
100
AcDbEntity
  8
2
 62
    28
100
AcDbVertex
100
AcDbPolyFaceMeshVertex
 10
32547.35452618763
 20
9902.99901351664
 30
20287.98149700035
 70
   192
  0
VERTEX
  5
3CF
330
3A5
100
AcDbEntity
  8
2
 62
    28
100
AcDbVertex
100
AcDbPolyFaceMeshVertex
 10
32545.51727276856
 20
9902.120455013692
 30
20289.0420217618
 70
   192
  0
VERTEX
  5
3D0
330
3A5
100
AcDbEntity
  8
2
 62
    28
100
AcDbVertex
100
AcDbPolyFaceMeshVertex
 10
32544.75614991827
 20
9899.999184856904
 30
20289.48131991491
 70
   192
  0
VERTEX
  5
3D1
330
3A5
100
AcDbEntity
  8
2
 62
    28
100
AcDbVertex
100
AcDbPolyFaceMeshVertex
 10
32545.51701307982
 20
9897.877814334664
 30
20289.0420565595
 70
   192
  0
VERTEX
  5
3D2
330
3A5
100
AcDbEntity
  8
2
 62
    28
100
AcDbVertex
100
AcDbPolyFaceMeshVertex
 10
32547.35415893228
 20
9896.99901352808
 30
20287.98154621172
 70
   192
  0
VERTEX
  5
3D3
330
3A5
100
AcDbEntity
  8
2
 62
    28
100
AcDbVertex
100
AcDbPolyFaceMeshVertex
 10
32549.19141235135
 20
9897.877572031028
 30
20286.92102145026
 70
   192
  0
VERTEX
  5
3D4
330
3A5
100
AcDbEntity
  8
2
 62
    28
100
AcDbVertex
100
AcDbPolyFaceMeshVertex
 10
32549.95253520165
 20
9899.998842187815
 30
20286.48172329716
 70
   192
  0
VERTEX
  5
3D5
330
3A5
100
AcDbEntity
  8
2
 62
    28
100
AcDbVertex
100
AcDbPolyFaceMeshVertex
 10
32549.1916720401
 20
9902.120212710057
 30
20286.92098665257
 70
   192
  0
VERTEX
  5
3D6
330
3A5
100
AcDbEntity
  8
2
 62
    28
100
AcDbFaceRecord
 10
0.0
 20
0.0
 30
0.0
 70
   128
 71
     1
 72
     2
 73
    -3
 74
    -3
  0
VERTEX
  5
3D7
330
3A5
100
AcDbEntity
  8
2
 62
    28
100
AcDbFaceRecord
 10
0.0
 20
0.0
 30
0.0
 70
   128
 71
    -1
 72
     3
 73
     4
 74
     4
  0
VERTEX
  5
3D8
330
3A5
100
AcDbEntity
  8
2
 62
    28
100
AcDbFaceRecord
 10
0.0
 20
0.0
 30
0.0
 70
   128
 71
     2
 72
     5
 73
    -6
 74
    -6
  0
VERTEX
  5
3D9
330
3A5
100
AcDbEntity
  8
2
 62
    28
100
AcDbFaceRecord
 10
0.0
 20
0.0
 30
0.0
 70
   128
 71
    -2
 72
     6
 73
     3
 74
     3
  0
VERTEX
  5
3DA
330
3A5
100
AcDbEntity
  8
2
 62
    28
100
AcDbFaceRecord
 10
0.0
 20
0.0
 30
0.0
 70
   128
 71
     5
 72
     7
 73
    -8
 74
    -8
  0
VERTEX
  5
3DB
330
3A5
100
AcDbEntity
  8
2
 62
    28
100
AcDbFaceRecord
 10
0.0
 20
0.0
 30
0.0
 70
   128
 71
    -5
 72
     8
 73
     6
 74
     6
  0
VERTEX
  5
3DC
330
3A5
100
AcDbEntity
  8
2
 62
    28
100
AcDbFaceRecord
 10
0.0
 20
0.0
 30
0.0
 70
   128
 71
     7
 72
     9
 73
   -10
 74
   -10
  0
VERTEX
  5
3DD
330
3A5
100
AcDbEntity
  8
2
 62
    28
100
AcDbFaceRecord
 10
0.0
 20
0.0
 30
0.0
 70
   128
 71
    -7
 72
    10
 73
     8
 74
     8
  0
VERTEX
  5
3DE
330
3A5
100
AcDbEntity
  8
2
 62
    28
100
AcDbFaceRecord
 10
0.0
 20
0.0
 30
0.0
 70
   128
 71
     9
 72
    11
 73
   -12
 74
   -12
  0
VERTEX
  5
3DF
330
3A5
100
AcDbEntity
  8
2
 62
    28
100
AcDbFaceRecord
 10
0.0
 20
0.0
 30
0.0
 70
   128
 71
    -9
 72
    12
 73
    10
 74
    10
  0
VERTEX
  5
3E0
330
3A5
100
AcDbEntity
  8
2
 62
    28
100
AcDbFaceRecord
 10
0.0
 20
0.0
 30
0.0
 70
   128
 71
    11
 72
    13
 73
   -14
 74
   -14
  0
VERTEX
  5
3E1
330
3A5
100
AcDbEntity
  8
2
 62
    28
100
AcDbFaceRecord
 10
0.0
 20
0.0
 30
0.0
 70
   128
 71
   -11
 72
    14
 73
    12
 74
    12
  0
VERTEX
  5
3E2
330
3A5
100
AcDbEntity
  8
2
 62
    28
100
AcDbFaceRecord
 10
0.0
 20
0.0
 30
0.0
 70
   128
 71
    13
 72
    15
 73
   -16
 74
   -16
  0
VERTEX
  5
3E3
330
3A5
100
AcDbEntity
  8
2
 62
    28
100
AcDbFaceRecord
 10
0.0
 20
0.0
 30
0.0
 70
   128
 71
   -13
 72
    16
 73
    14
 74
    14
  0
VERTEX
  5
3E4
330
3A5
100
AcDbEntity
  8
2
 62
    28
100
AcDbFaceRecord
 10
0.0
 20
0.0
 30
0.0
 70
   128
 71
    15
 72
     1
 73
    -4
 74
    -4
  0
VERTEX
  5
3E5
330
3A5
100
AcDbEntity
  8
2
 62
    28
100
AcDbFaceRecord
 10
0.0
 20
0.0
 30
0.0
 70
   128
 71
   -15
 72
     4
 73
    16
 74
    16
  0
VERTEX
  5
3E6
330
3A5
100
AcDbEntity
  8
2
 62
    28
100
AcDbFaceRecord
 10
0.0
 20
0.0
 30
0.0
 70
   128
 71
    -4
 72
    14
 73
    16
 74
    16
  0
VERTEX
  5
3E7
330
3A5
100
AcDbEntity
  8
2
 62
    28
100
AcDbFaceRecord
 10
0.0
 20
0.0
 30
0.0
 70
   128
 71
   -14
 72
    -4
 73
    12
 74
    12
  0
VERTEX
  5
3E8
330
3A5
100
AcDbEntity
  8
2
 62
    28
100
AcDbFaceRecord
 10
0.0
 20
0.0
 30
0.0
 70
   128
 71
   -12
 72
     4
 73
    -3
 74
    -3
  0
VERTEX
  5
3E9
330
3A5
100
AcDbEntity
  8
2
 62
    28
100
AcDbFaceRecord
 10
0.0
 20
0.0
 30
0.0
 70
   128
 71
   -12
 72
    -3
 73
    10
 74
    10
  0
VERTEX
  5
3EA
330
3A5
100
AcDbEntity
  8
2
 62
    28
100
AcDbFaceRecord
 10
0.0
 20
0.0
 30
0.0
 70
   128
 71
   -10
 72
    -3
 73
     8
 74
     8
  0
VERTEX
  5
3EB
330
3A5
100
AcDbEntity
  8
2
 62
    28
100
AcDbFaceRecord
 10
0.0
 20
0.0
 30
0.0
 70
   128
 71
    -8
 72
     3
 73
     6
 74
     6
  0
VERTEX
  5
3EC
330
3A5
100
AcDbEntity
  8
2
 62
    28
100
AcDbFaceRecord
 10
0.0
 20
0.0
 30
0.0
 70
   128
 71
    17
 72
    18
 73
    -5
 74
    -5
  0
VERTEX
  5
3ED
330
3A5
100
AcDbEntity
  8
2
 62
    28
100
AcDbFaceRecord
 10
0.0
 20
0.0
 30
0.0
 70
   128
 71
   -17
 72
     5
 73
     2
 74
     2
  0
VERTEX
  5
3EE
330
3A5
100
AcDbEntity
  8
2
 62
    28
100
AcDbFaceRecord
 10
0.0
 20
0.0
 30
0.0
 70
   128
 71
    19
 72
    17
 73
    -2
 74
    -2
  0
VERTEX
  5
3EF
330
3A5
100
AcDbEntity
  8
2
 62
    28
100
AcDbFaceRecord
 10
0.0
 20
0.0
 30
0.0
 70
   128
 71
   -19
 72
     2
 73
     1
 74
     1
  0
VERTEX
  5
3F0
330
3A5
100
AcDbEntity
  8
2
 62
    28
100
AcDbFaceRecord
 10
0.0
 20
0.0
 30
0.0
 70
   128
 71
    20
 72
    19
 73
    -1
 74
    -1
  0
VERTEX
  5
3F1
330
3A5
100
AcDbEntity
  8
2
 62
    28
100
AcDbFaceRecord
 10
0.0
 20
0.0
 30
0.0
 70
   128
 71
   -20
 72
     1
 73
    15
 74
    15
  0
VERTEX
  5
3F2
330
3A5
100
AcDbEntity
  8
2
 62
    28
100
AcDbFaceRecord
 10
0.0
 20
0.0
 30
0.0
 70
   128
 71
    21
 72
    20
 73
   -15
 74
   -15
  0
VERTEX
  5
3F3
330
3A5
100
AcDbEntity
  8
2
 62
    28
100
AcDbFaceRecord
 10
0.0
 20
0.0
 30
0.0
 70
   128
 71
   -21
 72
    15
 73
    13
 74
    13
  0
VERTEX
  5
3F4
330
3A5
100
AcDbEntity
  8
2
 62
    28
100
AcDbFaceRecord
 10
0.0
 20
0.0
 30
0.0
 70
   128
 71
    22
 72
    21
 73
   -13
 74
   -13
  0
VERTEX
  5
3F5
330
3A5
100
AcDbEntity
  8
2
 62
    28
100
AcDbFaceRecord
 10
0.0
 20
0.0
 30
0.0
 70
   128
 71
   -22
 72
    13
 73
    11
 74
    11
  0
VERTEX
  5
3F6
330
3A5
100
AcDbEntity
  8
2
 62
    28
100
AcDbFaceRecord
 10
0.0
 20
0.0
 30
0.0
 70
   128
 71
    23
 72
    22
 73
   -11
 74
   -11
  0
VERTEX
  5
3F7
330
3A5
100
AcDbEntity
  8
2
 62
    28
100
AcDbFaceRecord
 10
0.0
 20
0.0
 30
0.0
 70
   128
 71
   -23
 72
    11
 73
     9
 74
     9
  0
VERTEX
  5
3F8
330
3A5
100
AcDbEntity
  8
2
 62
    28
100
AcDbFaceRecord
 10
0.0
 20
0.0
 30
0.0
 70
   128
 71
    24
 72
    23
 73
    -9
 74
    -9
  0
VERTEX
  5
3F9
330
3A5
100
AcDbEntity
  8
2
 62
    28
100
AcDbFaceRecord
 10
0.0
 20
0.0
 30
0.0
 70
   128
 71
   -24
 72
     9
 73
     7
 74
     7
  0
VERTEX
  5
3FA
330
3A5
100
AcDbEntity
  8
2
 62
    28
100
AcDbFaceRecord
 10
0.0
 20
0.0
 30
0.0
 70
   128
 71
    18
 72
    24
 73
    -7
 74
    -7
  0
VERTEX
  5
3FB
330
3A5
100
AcDbEntity
  8
2
 62
    28
100
AcDbFaceRecord
 10
0.0
 20
0.0
 30
0.0
 70
   128
 71
   -18
 72
     7
 73
     5
 74
     5
  0
VERTEX
  5
3FC
330
3A5
100
AcDbEntity
  8
2
 62
    28
100
AcDbFaceRecord
 10
0.0
 20
0.0
 30
0.0
 70
   128
 71
    18
 72
    25
 73
   -26
 74
   -26
  0
VERTEX
  5
3FD
330
3A5
100
AcDbEntity
  8
2
 62
    28
100
AcDbFaceRecord
 10
0.0
 20
0.0
 30
0.0
 70
   128
 71
   -18
 72
    26
 73
    24
 74
    24
  0
VERTEX
  5
3FE
330
3A5
100
AcDbEntity
  8
2
 62
    28
100
AcDbFaceRecord
 10
0.0
 20
0.0
 30
0.0
 70
   128
 71
    24
 72
    26
 73
   -27
 74
   -27
  0
VERTEX
  5
3FF
330
3A5
100
AcDbEntity
  8
2
 62
    28
100
AcDbFaceRecord
 10
0.0
 20
0.0
 30
0.0
 70
   128
 71
   -24
 72
    27
 73
    23
 74
    23
  0
VERTEX
  5
400
330
3A5
100
AcDbEntity
  8
2
 62
    28
100
AcDbFaceRecord
 10
0.0
 20
0.0
 30
0.0
 70
   128
 71
    23
 72
    27
 73
   -28
 74
   -28
  0
VERTEX
  5
401
330
3A5
100
AcDbEntity
  8
2
 62
    28
100
AcDbFaceRecord
 10
0.0
 20
0.0
 30
0.0
 70
   128
 71
   -23
 72
    28
 73
    22
 74
    22
  0
VERTEX
  5
402
330
3A5
100
AcDbEntity
  8
2
 62
    28
100
AcDbFaceRecord
 10
0.0
 20
0.0
 30
0.0
 70
   128
 71
    22
 72
    28
 73
   -29
 74
   -29
  0
VERTEX
  5
403
330
3A5
100
AcDbEntity
  8
2
 62
    28
100
AcDbFaceRecord
 10
0.0
 20
0.0
 30
0.0
 70
   128
 71
   -22
 72
    29
 73
    21
 74
    21
  0
VERTEX
  5
404
330
3A5
100
AcDbEntity
  8
2
 62
    28
100
AcDbFaceRecord
 10
0.0
 20
0.0
 30
0.0
 70
   128
 71
    21
 72
    29
 73
   -30
 74
   -30
  0
VERTEX
  5
405
330
3A5
100
AcDbEntity
  8
2
 62
    28
100
AcDbFaceRecord
 10
0.0
 20
0.0
 30
0.0
 70
   128
 71
   -21
 72
    30
 73
    20
 74
    20
  0
VERTEX
  5
406
330
3A5
100
AcDbEntity
  8
2
 62
    28
100
AcDbFaceRecord
 10
0.0
 20
0.0
 30
0.0
 70
   128
 71
    20
 72
    30
 73
   -31
 74
   -31
  0
VERTEX
  5
407
330
3A5
100
AcDbEntity
  8
2
 62
    28
100
AcDbFaceRecord
 10
0.0
 20
0.0
 30
0.0
 70
   128
 71
   -20
 72
    31
 73
    19
 74
    19
  0
VERTEX
  5
408
330
3A5
100
AcDbEntity
  8
2
 62
    28
100
AcDbFaceRecord
 10
0.0
 20
0.0
 30
0.0
 70
   128
 71
    19
 72
    31
 73
   -32
 74
   -32
  0
VERTEX
  5
409
330
3A5
100
AcDbEntity
  8
2
 62
    28
100
AcDbFaceRecord
 10
0.0
 20
0.0
 30
0.0
 70
   128
 71
   -19
 72
    32
 73
    17
 74
    17
  0
VERTEX
  5
40A
330
3A5
100
AcDbEntity
  8
2
 62
    28
100
AcDbFaceRecord
 10
0.0
 20
0.0
 30
0.0
 70
   128
 71
    17
 72
    32
 73
   -25
 74
   -25
  0
VERTEX
  5
40B
330
3A5
100
AcDbEntity
  8
2
 62
    28
100
AcDbFaceRecord
 10
0.0
 20
0.0
 30
0.0
 70
   128
 71
   -17
 72
    25
 73
    18
 74
    18
  0
VERTEX
  5
40C
330
3A5
100
AcDbEntity
  8
2
 62
    28
100
AcDbFaceRecord
 10
0.0
 20
0.0
 30
0.0
 70
   128
 71
    25
 72
    33
 73
   -34
 74
   -34
  0
VERTEX
  5
40D
330
3A5
100
AcDbEntity
  8
2
 62
    28
100
AcDbFaceRecord
 10
0.0
 20
0.0
 30
0.0
 70
   128
 71
   -25
 72
    34
 73
    26
 74
    26
  0
VERTEX
  5
40E
330
3A5
100
AcDbEntity
  8
2
 62
    28
100
AcDbFaceRecord
 10
0.0
 20
0.0
 30
0.0
 70
   128
 71
    26
 72
    34
 73
   -35
 74
   -35
  0
VERTEX
  5
40F
330
3A5
100
AcDbEntity
  8
2
 62
    28
100
AcDbFaceRecord
 10
0.0
 20
0.0
 30
0.0
 70
   128
 71
   -26
 72
    35
 73
    27
 74
    27
  0
VERTEX
  5
410
330
3A5
100
AcDbEntity
  8
2
 62
    28
100
AcDbFaceRecord
 10
0.0
 20
0.0
 30
0.0
 70
   128
 71
    27
 72
    35
 73
   -36
 74
   -36
  0
VERTEX
  5
411
330
3A5
100
AcDbEntity
  8
2
 62
    28
100
AcDbFaceRecord
 10
0.0
 20
0.0
 30
0.0
 70
   128
 71
   -27
 72
    36
 73
    28
 74
    28
  0
VERTEX
  5
412
330
3A5
100
AcDbEntity
  8
2
 62
    28
100
AcDbFaceRecord
 10
0.0
 20
0.0
 30
0.0
 70
   128
 71
    28
 72
    36
 73
   -37
 74
   -37
  0
VERTEX
  5
413
330
3A5
100
AcDbEntity
  8
2
 62
    28
100
AcDbFaceRecord
 10
0.0
 20
0.0
 30
0.0
 70
   128
 71
   -28
 72
    37
 73
    29
 74
    29
  0
VERTEX
  5
414
330
3A5
100
AcDbEntity
  8
2
 62
    28
100
AcDbFaceRecord
 10
0.0
 20
0.0
 30
0.0
 70
   128
 71
    29
 72
    37
 73
   -38
 74
   -38
  0
VERTEX
  5
415
330
3A5
100
AcDbEntity
  8
2
 62
    28
100
AcDbFaceRecord
 10
0.0
 20
0.0
 30
0.0
 70
   128
 71
   -29
 72
    38
 73
    30
 74
    30
  0
VERTEX
  5
416
330
3A5
100
AcDbEntity
  8
2
 62
    28
100
AcDbFaceRecord
 10
0.0
 20
0.0
 30
0.0
 70
   128
 71
    30
 72
    38
 73
   -39
 74
   -39
  0
VERTEX
  5
417
330
3A5
100
AcDbEntity
  8
2
 62
    28
100
AcDbFaceRecord
 10
0.0
 20
0.0
 30
0.0
 70
   128
 71
   -30
 72
    39
 73
    31
 74
    31
  0
VERTEX
  5
418
330
3A5
100
AcDbEntity
  8
2
 62
    28
100
AcDbFaceRecord
 10
0.0
 20
0.0
 30
0.0
 70
   128
 71
    31
 72
    39
 73
   -40
 74
   -40
  0
VERTEX
  5
419
330
3A5
100
AcDbEntity
  8
2
 62
    28
100
AcDbFaceRecord
 10
0.0
 20
0.0
 30
0.0
 70
   128
 71
   -31
 72
    40
 73
    32
 74
    32
  0
VERTEX
  5
41A
330
3A5
100
AcDbEntity
  8
2
 62
    28
100
AcDbFaceRecord
 10
0.0
 20
0.0
 30
0.0
 70
   128
 71
    32
 72
    40
 73
   -33
 74
   -33
  0
VERTEX
  5
41B
330
3A5
100
AcDbEntity
  8
2
 62
    28
100
AcDbFaceRecord
 10
0.0
 20
0.0
 30
0.0
 70
   128
 71
   -32
 72
    33
 73
    25
 74
    25
  0
VERTEX
  5
41C
330
3A5
100
AcDbEntity
  8
2
 62
    28
100
AcDbFaceRecord
 10
0.0
 20
0.0
 30
0.0
 70
   128
 71
    41
 72
    42
 73
   -40
 74
   -40
  0
VERTEX
  5
41D
330
3A5
100
AcDbEntity
  8
2
 62
    28
100
AcDbFaceRecord
 10
0.0
 20
0.0
 30
0.0
 70
   128
 71
   -41
 72
    40
 73
    39
 74
    39
  0
VERTEX
  5
41E
330
3A5
100
AcDbEntity
  8
2
 62
    28
100
AcDbFaceRecord
 10
0.0
 20
0.0
 30
0.0
 70
   128
 71
    42
 72
    43
 73
   -33
 74
   -33
  0
VERTEX
  5
41F
330
3A5
100
AcDbEntity
  8
2
 62
    28
100
AcDbFaceRecord
 10
0.0
 20
0.0
 30
0.0
 70
   128
 71
   -42
 72
    33
 73
    40
 74
    40
  0
VERTEX
  5
420
330
3A5
100
AcDbEntity
  8
2
 62
    28
100
AcDbFaceRecord
 10
0.0
 20
0.0
 30
0.0
 70
   128
 71
    43
 72
    44
 73
   -34
 74
   -34
  0
VERTEX
  5
421
330
3A5
100
AcDbEntity
  8
2
 62
    28
100
AcDbFaceRecord
 10
0.0
 20
0.0
 30
0.0
 70
   128
 71
   -43
 72
    34
 73
    33
 74
    33
  0
VERTEX
  5
422
330
3A5
100
AcDbEntity
  8
2
 62
    28
100
AcDbFaceRecord
 10
0.0
 20
0.0
 30
0.0
 70
   128
 71
    44
 72
    45
 73
   -35
 74
   -35
  0
VERTEX
  5
423
330
3A5
100
AcDbEntity
  8
2
 62
    28
100
AcDbFaceRecord
 10
0.0
 20
0.0
 30
0.0
 70
   128
 71
   -44
 72
    35
 73
    34
 74
    34
  0
VERTEX
  5
424
330
3A5
100
AcDbEntity
  8
2
 62
    28
100
AcDbFaceRecord
 10
0.0
 20
0.0
 30
0.0
 70
   128
 71
    45
 72
    46
 73
   -36
 74
   -36
  0
VERTEX
  5
425
330
3A5
100
AcDbEntity
  8
2
 62
    28
100
AcDbFaceRecord
 10
0.0
 20
0.0
 30
0.0
 70
   128
 71
   -45
 72
    36
 73
    35
 74
    35
  0
VERTEX
  5
426
330
3A5
100
AcDbEntity
  8
2
 62
    28
100
AcDbFaceRecord
 10
0.0
 20
0.0
 30
0.0
 70
   128
 71
    46
 72
    47
 73
   -37
 74
   -37
  0
VERTEX
  5
427
330
3A5
100
AcDbEntity
  8
2
 62
    28
100
AcDbFaceRecord
 10
0.0
 20
0.0
 30
0.0
 70
   128
 71
   -46
 72
    37
 73
    36
 74
    36
  0
VERTEX
  5
428
330
3A5
100
AcDbEntity
  8
2
 62
    28
100
AcDbFaceRecord
 10
0.0
 20
0.0
 30
0.0
 70
   128
 71
    47
 72
    48
 73
   -38
 74
   -38
  0
VERTEX
  5
429
330
3A5
100
AcDbEntity
  8
2
 62
    28
100
AcDbFaceRecord
 10
0.0
 20
0.0
 30
0.0
 70
   128
 71
   -47
 72
    38
 73
    37
 74
    37
  0
VERTEX
  5
42A
330
3A5
100
AcDbEntity
  8
2
 62
    28
100
AcDbFaceRecord
 10
0.0
 20
0.0
 30
0.0
 70
   128
 71
    48
 72
    41
 73
   -39
 74
   -39
  0
VERTEX
  5
42B
330
3A5
100
AcDbEntity
  8
2
 62
    28
100
AcDbFaceRecord
 10
0.0
 20
0.0
 30
0.0
 70
   128
 71
   -48
 72
    39
 73
    38
 74
    38
  0
VERTEX
  5
42C
330
3A5
100
AcDbEntity
  8
2
 62
    28
100
AcDbFaceRecord
 10
0.0
 20
0.0
 30
0.0
 70
   128
 71
   -42
 72
    44
 73
    43
 74
    43
  0
VERTEX
  5
42D
330
3A5
100
AcDbEntity
  8
2
 62
    28
100
AcDbFaceRecord
 10
0.0
 20
0.0
 30
0.0
 70
   128
 71
   -44
 72
   -42
 73
    45
 74
    45
  0
VERTEX
  5
42E
330
3A5
100
AcDbEntity
  8
2
 62
    28
100
AcDbFaceRecord
 10
0.0
 20
0.0
 30
0.0
 70
   128
 71
   -45
 72
   -42
 73
    46
 74
    46
  0
VERTEX
  5
42F
330
3A5
100
AcDbEntity
  8
2
 62
    28
100
AcDbFaceRecord
 10
0.0
 20
0.0
 30
0.0
 70
   128
 71
   -46
 72
    42
 73
   -41
 74
   -41
  0
VERTEX
  5
430
330
3A5
100
AcDbEntity
  8
2
 62
    28
100
AcDbFaceRecord
 10
0.0
 20
0.0
 30
0.0
 70
   128
 71
   -46
 72
    41
 73
   -48
 74
   -48
  0
VERTEX
  5
431
330
3A5
100
AcDbEntity
  8
2
 62
    28
100
AcDbFaceRecord
 10
0.0
 20
0.0
 30
0.0
 70
   128
 71
   -46
 72
    48
 73
    47
 74
    47
  0
SEQEND
  5
432
330
3A5
100
AcDbEntity
  8
2
 62
    28
  0
POLYLINE
  5
433
330
1F
100
AcDbEntity
  8
1
 62
   251
420
  6710886
100
AcDbPolyFaceMesh
 66
     1
 10
0.0
 20
0.0
 30
0.0
 70
    64
 71
     8
 72
    12
1001
TeklaStructures
1000
ID
1000
128051255
  0
VERTEX
  5
434
330
433
100
AcDbEntity
  8
1
 62
   251
100
AcDbVertex
100
AcDbPolyFaceMeshVertex
 10
32615.9966406283
 20
9827.99939721101
 30
20960.0
 70
   192
  0
VERTEX
  5
435
330
433
100
AcDbEntity
  8
1
 62
   251
100
AcDbVertex
100
AcDbPolyFaceMeshVertex
 10
32615.9966406283
 20
9827.99939721101
 30
21010.0
 70
   192
  0
VERTEX
  5
436
330
433
100
AcDbEntity
  8
1
 62
   251
100
AcDbVertex
100
AcDbPolyFaceMeshVertex
 10
32983.99664052666
 20
9828.008069867008
 30
21010.0
 70
   192
  0
VERTEX
  5
437
330
433
100
AcDbEntity
  8
1
 62
   251
100
AcDbVertex
100
AcDbPolyFaceMeshVertex
 10
32983.99664052666
 20
9828.008069867008
 30
20960.0
 70
   192
  0
VERTEX
  5
438
330
433
100
AcDbEntity
  8
1
 62
   251
100
AcDbVertex
100
AcDbPolyFaceMeshVertex
 10
32615.9959807523
 20
9855.999397203235
 30
21010.0
 70
   192
  0
VERTEX
  5
439
330
433
100
AcDbEntity
  8
1
 62
   251
100
AcDbVertex
100
AcDbPolyFaceMeshVertex
 10
32983.99598065066
 20
9856.008069859234
 30
21010.0
 70
   192
  0
VERTEX
  5
43A
330
433
100
AcDbEntity
  8
1
 62
   251
100
AcDbVertex
100
AcDbPolyFaceMeshVertex
 10
32615.9959807523
 20
9855.999397203235
 30
20960.0
 70
   192
  0
VERTEX
  5
43B
330
433
100
AcDbEntity
  8
1
 62
   251
100
AcDbVertex
100
AcDbPolyFaceMeshVertex
 10
32983.99598065066
 20
9856.008069859234
 30
20960.0
 70
   192
  0
VERTEX
  5
43C
330
433
100
AcDbEntity
  8
1
 62
   251
100
AcDbFaceRecord
 10
0.0
 20
0.0
 30
0.0
 70
   128
 71
     1
 72
     2
 73
    -3
 74
    -3
  0
VERTEX
  5
43D
330
433
100
AcDbEntity
  8
1
 62
   251
100
AcDbFaceRecord
 10
0.0
 20
0.0
 30
0.0
 70
   128
 71
    -1
 72
     3
 73
     4
 74
     4
  0
VERTEX
  5
43E
330
433
100
AcDbEntity
  8
1
 62
   251
100
AcDbFaceRecord
 10
0.0
 20
0.0
 30
0.0
 70
   128
 71
     2
 72
     5
 73
    -6
 74
    -6
  0
VERTEX
  5
43F
330
433
100
AcDbEntity
  8
1
 62
   251
100
AcDbFaceRecord
 10
0.0
 20
0.0
 30
0.0
 70
   128
 71
    -2
 72
     6
 73
     3
 74
     3
  0
VERTEX
  5
440
330
433
100
AcDbEntity
  8
1
 62
   251
100
AcDbFaceRecord
 10
0.0
 20
0.0
 30
0.0
 70
   128
 71
     5
 72
     7
 73
    -8
 74
    -8
  0
VERTEX
  5
441
330
433
100
AcDbEntity
  8
1
 62
   251
100
AcDbFaceRecord
 10
0.0
 20
0.0
 30
0.0
 70
   128
 71
    -5
 72
     8
 73
     6
 74
     6
  0
VERTEX
  5
442
330
433
100
AcDbEntity
  8
1
 62
   251
100
AcDbFaceRecord
 10
0.0
 20
0.0
 30
0.0
 70
   128
 71
     7
 72
     1
 73
    -4
 74
    -4
  0
VERTEX
  5
443
330
433
100
AcDbEntity
  8
1
 62
   251
100
AcDbFaceRecord
 10
0.0
 20
0.0
 30
0.0
 70
   128
 71
    -7
 72
     4
 73
     8
 74
     8
  0
VERTEX
  5
444
330
433
100
AcDbEntity
  8
1
 62
   251
100
AcDbFaceRecord
 10
0.0
 20
0.0
 30
0.0
 70
   128
 71
     2
 72
     1
 73
    -7
 74
    -7
  0
VERTEX
  5
445
330
433
100
AcDbEntity
  8
1
 62
   251
100
AcDbFaceRecord
 10
0.0
 20
0.0
 30
0.0
 70
   128
 71
    -2
 72
     7
 73
     5
 74
     5
  0
VERTEX
  5
446
330
433
100
AcDbEntity
  8
1
 62
   251
100
AcDbFaceRecord
 10
0.0
 20
0.0
 30
0.0
 70
   128
 71
     4
 72
     3
 73
    -6
 74
    -6
  0
VERTEX
  5
447
330
433
100
AcDbEntity
  8
1
 62
   251
100
AcDbFaceRecord
 10
0.0
 20
0.0
 30
0.0
 70
   128
 71
    -4
 72
     6
 73
     8
 74
     8
  0
SEQEND
  5
448
330
433
100
AcDbEntity
  8
1
 62
   251
  0
POLYLINE
  5
449
330
1F
100
AcDbEntity
  8
1
 62
   251
420
  6710886
100
AcDbPolyFaceMesh
 66
     1
 10
0.0
 20
0.0
 30
0.0
 70
    64
 71
     8
 72
    12
1001
TeklaStructures
1000
ID
1000
128051262
  0
VERTEX
  5
44A
330
449
100
AcDbEntity
  8
1
 62
   251
100
AcDbVertex
100
AcDbPolyFaceMeshVertex
 10
32615.99664020543
 20
9783.999119390333
 30
20960.0
 70
   192
  0
VERTEX
  5
44B
330
449
100
AcDbEntity
  8
1
 62
   251
100
AcDbVertex
100
AcDbPolyFaceMeshVertex
 10
32615.99664020543
 20
9783.999119390333
 30
21010.0
 70
   192
  0
VERTEX
  5
44C
330
449
100
AcDbEntity
  8
1
 62
   251
100
AcDbVertex
100
AcDbPolyFaceMeshVertex
 10
32983.99664010381
 20
9784.007792046332
 30
21010.0
 70
   192
  0
VERTEX
  5
44D
330
449
100
AcDbEntity
  8
1
 62
   251
100
AcDbVertex
100
AcDbPolyFaceMeshVertex
 10
32983.99664010381
 20
9784.007792046332
 30
20960.0
 70
   192
  0
VERTEX
  5
44E
330
449
100
AcDbEntity
  8
1
 62
   251
100
AcDbVertex
100
AcDbPolyFaceMeshVertex
 10
32615.99598032943
 20
9811.99911938256
 30
21010.0
 70
   192
  0
VERTEX
  5
44F
330
449
100
AcDbEntity
  8
1
 62
   251
100
AcDbVertex
100
AcDbPolyFaceMeshVertex
 10
32983.99598022781
 20
9812.007792038557
 30
21010.0
 70
   192
  0
VERTEX
  5
450
330
449
100
AcDbEntity
  8
1
 62
   251
100
AcDbVertex
100
AcDbPolyFaceMeshVertex
 10
32615.99598032943
 20
9811.99911938256
 30
20960.0
 70
   192
  0
VERTEX
  5
451
330
449
100
AcDbEntity
  8
1
 62
   251
100
AcDbVertex
100
AcDbPolyFaceMeshVertex
 10
32983.99598022781
 20
9812.007792038557
 30
20960.0
 70
   192
  0
VERTEX
  5
452
330
449
100
AcDbEntity
  8
1
 62
   251
100
AcDbFaceRecord
 10
0.0
 20
0.0
 30
0.0
 70
   128
 71
     1
 72
     2
 73
    -3
 74
    -3
  0
VERTEX
  5
453
330
449
100
AcDbEntity
  8
1
 62
   251
100
AcDbFaceRecord
 10
0.0
 20
0.0
 30
0.0
 70
   128
 71
    -1
 72
     3
 73
     4
 74
     4
  0
VERTEX
  5
454
330
449
100
AcDbEntity
  8
1
 62
   251
100
AcDbFaceRecord
 10
0.0
 20
0.0
 30
0.0
 70
   128
 71
     2
 72
     5
 73
    -6
 74
    -6
  0
VERTEX
  5
455
330
449
100
AcDbEntity
  8
1
 62
   251
100
AcDbFaceRecord
 10
0.0
 20
0.0
 30
0.0
 70
   128
 71
    -2
 72
     6
 73
     3
 74
     3
  0
VERTEX
  5
456
330
449
100
AcDbEntity
  8
1
 62
   251
100
AcDbFaceRecord
 10
0.0
 20
0.0
 30
0.0
 70
   128
 71
     5
 72
     7
 73
    -8
 74
    -8
  0
VERTEX
  5
457
330
449
100
AcDbEntity
  8
1
 62
   251
100
AcDbFaceRecord
 10
0.0
 20
0.0
 30
0.0
 70
   128
 71
    -5
 72
     8
 73
     6
 74
     6
  0
VERTEX
  5
458
330
449
100
AcDbEntity
  8
1
 62
   251
100
AcDbFaceRecord
 10
0.0
 20
0.0
 30
0.0
 70
   128
 71
     7
 72
     1
 73
    -4
 74
    -4
  0
VERTEX
  5
459
330
449
100
AcDbEntity
  8
1
 62
   251
100
AcDbFaceRecord
 10
0.0
 20
0.0
 30
0.0
 70
   128
 71
    -7
 72
     4
 73
     8
 74
     8
  0
VERTEX
  5
45A
330
449
100
AcDbEntity
  8
1
 62
   251
100
AcDbFaceRecord
 10
0.0
 20
0.0
 30
0.0
 70
   128
 71
     2
 72
     1
 73
    -7
 74
    -7
  0
VERTEX
  5
45B
330
449
100
AcDbEntity
  8
1
 62
   251
100
AcDbFaceRecord
 10
0.0
 20
0.0
 30
0.0
 70
   128
 71
    -2
 72
     7
 73
     5
 74
     5
  0
VERTEX
  5
45C
330
449
100
AcDbEntity
  8
1
 62
   251
100
AcDbFaceRecord
 10
0.0
 20
0.0
 30
0.0
 70
   128
 71
     4
 72
     3
 73
    -6
 74
    -6
  0
VERTEX
  5
45D
330
449
100
AcDbEntity
  8
1
 62
   251
100
AcDbFaceRecord
 10
0.0
 20
0.0
 30
0.0
 70
   128
 71
    -4
 72
     6
 73
     8
 74
     8
  0
SEQEND
  5
45E
330
449
100
AcDbEntity
  8
1
 62
   251
  0
POLYLINE
  5
45F
330
1F
100
AcDbEntity
  8
100
 62
    28
420
  6689812
100
AcDbPolyFaceMesh
 66
     1
 10
0.0
 20
0.0
 30
0.0
 70
    64
 71
     8
 72
    12
1001
TeklaStructures
1000
ID
1000
128052435
  0
VERTEX
  5
460
330
45F
100
AcDbEntity
  8
100
 62
    28
100
AcDbVertex
100
AcDbPolyFaceMeshVertex
 10
32615.99666561863
 20
8971.997556595303
 30
20985.0
 70
   192
  0
VERTEX
  5
461
330
45F
100
AcDbEntity
  8
100
 62
    28
100
AcDbVertex
100
AcDbPolyFaceMeshVertex
 10
32615.99666561863
 20
8971.997556595303
 30
20275.0
 70
   192
  0
VERTEX
  5
462
330
45F
100
AcDbEntity
  8
100
 62
    28
100
AcDbVertex
100
AcDbPolyFaceMeshVertex
 10
32615.99666577862
 20
8987.997556595303
 30
20275.0
 70
   192
  0
VERTEX
  5
463
330
45F
100
AcDbEntity
  8
100
 62
    28
100
AcDbVertex
100
AcDbPolyFaceMeshVertex
 10
32615.99666577862
 20
8987.997556595303
 30
20985.0
 70
   192
  0
VERTEX
  5
464
330
45F
100
AcDbEntity
  8
100
 62
    28
100
AcDbVertex
100
AcDbPolyFaceMeshVertex
 10
32983.99666561863
 20
8971.997552915303
 30
20275.0
 70
   192
  0
VERTEX
  5
465
330
45F
100
AcDbEntity
  8
100
 62
    28
100
AcDbVertex
100
AcDbPolyFaceMeshVertex
 10
32983.99666577862
 20
8987.997552915303
 30
20275.0
 70
   192
  0
VERTEX
  5
466
330
45F
100
AcDbEntity
  8
100
 62
    28
100
AcDbVertex
100
AcDbPolyFaceMeshVertex
 10
32983.99666561863
 20
8971.997552915303
 30
20985.0
 70
   192
  0
VERTEX
  5
467
330
45F
100
AcDbEntity
  8
100
 62
    28
100
AcDbVertex
100
AcDbPolyFaceMeshVertex
 10
32983.99666577862
 20
8987.997552915303
 30
20985.0
 70
   192
  0
VERTEX
  5
468
330
45F
100
AcDbEntity
  8
100
 62
    28
100
AcDbFaceRecord
 10
0.0
 20
0.0
 30
0.0
 70
   128
 71
     1
 72
     2
 73
    -3
 74
    -3
  0
VERTEX
  5
469
330
45F
100
AcDbEntity
  8
100
 62
    28
100
AcDbFaceRecord
 10
0.0
 20
0.0
 30
0.0
 70
   128
 71
    -1
 72
     3
 73
     4
 74
     4
  0
VERTEX
  5
46A
330
45F
100
AcDbEntity
  8
100
 62
    28
100
AcDbFaceRecord
 10
0.0
 20
0.0
 30
0.0
 70
   128
 71
     2
 72
     5
 73
    -6
 74
    -6
  0
VERTEX
  5
46B
330
45F
100
AcDbEntity
  8
100
 62
    28
100
AcDbFaceRecord
 10
0.0
 20
0.0
 30
0.0
 70
   128
 71
    -2
 72
     6
 73
     3
 74
     3
  0
VERTEX
  5
46C
330
45F
100
AcDbEntity
  8
100
 62
    28
100
AcDbFaceRecord
 10
0.0
 20
0.0
 30
0.0
 70
   128
 71
     5
 72
     7
 73
    -8
 74
    -8
  0
VERTEX
  5
46D
330
45F
100
AcDbEntity
  8
100
 62
    28
100
AcDbFaceRecord
 10
0.0
 20
0.0
 30
0.0
 70
   128
 71
    -5
 72
     8
 73
     6
 74
     6
  0
VERTEX
  5
46E
330
45F
100
AcDbEntity
  8
100
 62
    28
100
AcDbFaceRecord
 10
0.0
 20
0.0
 30
0.0
 70
   128
 71
     7
 72
     1
 73
    -4
 74
    -4
  0
VERTEX
  5
46F
330
45F
100
AcDbEntity
  8
100
 62
    28
100
AcDbFaceRecord
 10
0.0
 20
0.0
 30
0.0
 70
   128
 71
    -7
 72
     4
 73
     8
 74
     8
  0
VERTEX
  5
470
330
45F
100
AcDbEntity
  8
100
 62
    28
100
AcDbFaceRecord
 10
0.0
 20
0.0
 30
0.0
 70
   128
 71
     2
 72
     1
 73
    -7
 74
    -7
  0
VERTEX
  5
471
330
45F
100
AcDbEntity
  8
100
 62
    28
100
AcDbFaceRecord
 10
0.0
 20
0.0
 30
0.0
 70
   128
 71
    -2
 72
     7
 73
     5
 74
     5
  0
VERTEX
  5
472
330
45F
100
AcDbEntity
  8
100
 62
    28
100
AcDbFaceRecord
 10
0.0
 20
0.0
 30
0.0
 70
   128
 71
     4
 72
     3
 73
    -6
 74
    -6
  0
VERTEX
  5
473
330
45F
100
AcDbEntity
  8
100
 62
    28
100
AcDbFaceRecord
 10
0.0
 20
0.0
 30
0.0
 70
   128
 71
    -4
 72
     6
 73
     8
 74
     8
  0
SEQEND
  5
474
330
45F
100
AcDbEntity
  8
100
 62
    28
  0
POLYLINE
  5
475
330
1F
100
AcDbEntity
  8
9
 62
   222
420
 13576614
100
AcDbPolyFaceMesh
 66
     1
 10
0.0
 20
0.0
 30
0.0
 70
    64
 71
    48
 72
    92
1001
TeklaStructures
1000
ID
1000
128052442
  0
VERTEX
  5
476
330
475
100
AcDbEntity
  8
9
 62
   222
100
AcDbVertex
100
AcDbPolyFaceMeshVertex
 10
32999.99665308276
 20
8699.997552907247
 30
20975.0
 70
   192
  0
VERTEX
  5
477
330
475
100
AcDbEntity
  8
9
 62
   222
100
AcDbVertex
100
AcDbPolyFaceMeshVertex
 10
32999.99665308276
 20
8699.997552907247
 30
20285.0
 70
   192
  0
VERTEX
  5
478
330
475
100
AcDbEntity
  8
9
 62
   222
100
AcDbVertex
100
AcDbPolyFaceMeshVertex
 10
32983.99665308276
 20
8699.997553451249
 30
20285.0
 70
   192
  0
VERTEX
  5
479
330
475
100
AcDbEntity
  8
9
 62
   222
100
AcDbVertex
100
AcDbPolyFaceMeshVertex
 10
32983.99665308276
 20
8699.997553451249
 30
20975.0
 70
   192
  0
VERTEX
  5
47A
330
475
100
AcDbEntity
  8
9
 62
   222
100
AcDbVertex
100
AcDbPolyFaceMeshVertex
 10
32999.99665326892
 20
8705.472759183656
 30
20284.56909192083
 70
   192
  0
VERTEX
  5
47B
330
475
100
AcDbEntity
  8
9
 62
   222
100
AcDbVertex
100
AcDbPolyFaceMeshVertex
 10
32983.99665326892
 20
8705.472759727656
 30
20284.56909192083
 70
   192
  0
VERTEX
  5
47C
330
475
100
AcDbEntity
  8
9
 62
   222
100
AcDbVertex
100
AcDbPolyFaceMeshVertex
 10
32999.99665345049
 20
8710.81314771037
 30
20283.28697807033
 70
   192
  0
VERTEX
  5
47D
330
475
100
AcDbEntity
  8
9
 62
   222
100
AcDbVertex
100
AcDbPolyFaceMeshVertex
 10
32983.99665345049
 20
8710.81314825437
 30
20283.28697807033
 70
   192
  0
VERTEX
  5
47E
330
475
100
AcDbEntity
  8
9
 62
   222
100
AcDbVertex
100
AcDbPolyFaceMeshVertex
 10
32999.99665362301
 20
8715.887220398132
 30
20281.18522834659
 70
   192
  0
VERTEX
  5
47F
330
475
100
AcDbEntity
  8
9
 62
   222
100
AcDbVertex
100
AcDbPolyFaceMeshVertex
 10
32983.99665362301
 20
8715.887220942132
 30
20281.18522834659
 70
   192
  0
VERTEX
  5
480
330
475
100
AcDbEntity
  8
9
 62
   222
100
AcDbVertex
100
AcDbPolyFaceMeshVertex
 10
32999.99665378223
 20
8720.570036737485
 30
20278.31559480312
 70
   192
  0
VERTEX
  5
481
330
475
100
AcDbEntity
  8
9
 62
   222
100
AcDbVertex
100
AcDbPolyFaceMeshVertex
 10
32983.99665378223
 20
8720.570037281484
 30
20278.31559480312
 70
   192
  0
VERTEX
  5
482
330
475
100
AcDbEntity
  8
9
 62
   222
100
AcDbVertex
100
AcDbPolyFaceMeshVertex
 10
32999.99665392422
 20
8724.746290248777
 30
20274.74873734153
 70
   192
  0
VERTEX
  5
483
330
475
100
AcDbEntity
  8
9
 62
   222
100
AcDbVertex
100
AcDbPolyFaceMeshVertex
 10
32983.99665392422
 20
8724.746290792777
 30
20274.74873734153
 70
   192
  0
VERTEX
  5
484
330
475
100
AcDbEntity
  8
9
 62
   222
100
AcDbVertex
100
AcDbPolyFaceMeshVertex
 10
32999.99665404549
 20
8728.31314771037
 30
20270.57248383024
 70
   192
  0
VERTEX
  5
485
330
475
100
AcDbEntity
  8
9
 62
   222
100
AcDbVertex
100
AcDbPolyFaceMeshVertex
 10
32983.99665404549
 20
8728.31314825437
 30
20270.57248383024
 70
   192
  0
VERTEX
  5
486
330
475
100
AcDbEntity
  8
9
 62
   222
100
AcDbVertex
100
AcDbPolyFaceMeshVertex
 10
32999.99665414306
 20
8731.182781253841
 30
20265.88966749088
 70
   192
  0
VERTEX
  5
487
330
475
100
AcDbEntity
  8
9
 62
   222
100
AcDbVertex
100
AcDbPolyFaceMeshVertex
 10
32983.99665414306
 20
8731.182781797841
 30
20265.88966749088
 70
   192
  0
VERTEX
  5
488
330
475
100
AcDbEntity
  8
9
 62
   222
100
AcDbVertex
100
AcDbPolyFaceMeshVertex
 10
32999.99665421452
 20
8733.284530977578
 30
20260.81559480312
 70
   192
  0
VERTEX
  5
489
330
475
100
AcDbEntity
  8
9
 62
   222
100
AcDbVertex
100
AcDbPolyFaceMeshVertex
 10
32983.99665421452
 20
8733.284531521578
 30
20260.81559480312
 70
   192
  0
VERTEX
  5
48A
330
475
100
AcDbEntity
  8
9
 62
   222
100
AcDbVertex
100
AcDbPolyFaceMeshVertex
 10
32999.99665425811
 20
8734.566644828077
 30
20255.47520627641
 70
   192
  0
VERTEX
  5
48B
330
475
100
AcDbEntity
  8
9
 62
   222
100
AcDbVertex
100
AcDbPolyFaceMeshVertex
 10
32983.99665425811
 20
8734.566645372077
 30
20255.47520627641
 70
   192
  0
VERTEX
  5
48C
330
475
100
AcDbEntity
  8
9
 62
   222
100
AcDbVertex
100
AcDbPolyFaceMeshVertex
 10
32999.99665427276
 20
8734.997552907247
 30
20250.0
 70
   192
  0
VERTEX
  5
48D
330
475
100
AcDbEntity
  8
9
 62
   222
100
AcDbVertex
100
AcDbPolyFaceMeshVertex
 10
32983.99665427276
 20
8734.997553451249
 30
20250.0
 70
   192
  0
VERTEX
  5
48E
330
475
100
AcDbEntity
  8
9
 62
   222
100
AcDbVertex
100
AcDbPolyFaceMeshVertex
 10
32999.99666668276
 20
9099.997552907247
 30
20250.0
 70
   192
  0
VERTEX
  5
48F
330
475
100
AcDbEntity
  8
9
 62
   222
100
AcDbVertex
100
AcDbPolyFaceMeshVertex
 10
32983.99666668276
 20
9099.997553451247
 30
20250.0
 70
   192
  0
VERTEX
  5
490
330
475
100
AcDbEntity
  8
9
 62
   222
100
AcDbVertex
100
AcDbPolyFaceMeshVertex
 10
32999.99666668276
 20
9099.997552907247
 30
21010.0
 70
   192
  0
VERTEX
  5
491
330
475
100
AcDbEntity
  8
9
 62
   222
100
AcDbVertex
100
AcDbPolyFaceMeshVertex
 10
32983.99666668276
 20
9099.997553451247
 30
21010.0
 70
   192
  0
VERTEX
  5
492
330
475
100
AcDbEntity
  8
9
 62
   222
100
AcDbVertex
100
AcDbPolyFaceMeshVertex
 10
32999.99665427276
 20
8734.997552907247
 30
21010.0
 70
   192
  0
VERTEX
  5
493
330
475
100
AcDbEntity
  8
9
 62
   222
100
AcDbVertex
100
AcDbPolyFaceMeshVertex
 10
32983.99665427276
 20
8734.997553451249
 30
21010.0
 70
   192
  0
VERTEX
  5
494
330
475
100
AcDbEntity
  8
9
 62
   222
100
AcDbVertex
100
AcDbPolyFaceMeshVertex
 10
32999.99665425811
 20
8734.566644828077
 30
21004.52479372359
 70
   192
  0
VERTEX
  5
495
330
475
100
AcDbEntity
  8
9
 62
   222
100
AcDbVertex
100
AcDbPolyFaceMeshVertex
 10
32983.99665425811
 20
8734.566645372077
 30
21004.52479372359
 70
   192
  0
VERTEX
  5
496
330
475
100
AcDbEntity
  8
9
 62
   222
100
AcDbVertex
100
AcDbPolyFaceMeshVertex
 10
32999.99665421452
 20
8733.284530977578
 30
20999.18440519688
 70
   192
  0
VERTEX
  5
497
330
475
100
AcDbEntity
  8
9
 62
   222
100
AcDbVertex
100
AcDbPolyFaceMeshVertex
 10
32983.99665421452
 20
8733.284531521578
 30
20999.18440519688
 70
   192
  0
VERTEX
  5
498
330
475
100
AcDbEntity
  8
9
 62
   222
100
AcDbVertex
100
AcDbPolyFaceMeshVertex
 10
32999.99665414306
 20
8731.182781253841
 30
20994.11033250912
 70
   192
  0
VERTEX
  5
499
330
475
100
AcDbEntity
  8
9
 62
   222
100
AcDbVertex
100
AcDbPolyFaceMeshVertex
 10
32983.99665414306
 20
8731.182781797841
 30
20994.11033250912
 70
   192
  0
VERTEX
  5
49A
330
475
100
AcDbEntity
  8
9
 62
   222
100
AcDbVertex
100
AcDbPolyFaceMeshVertex
 10
32999.99665404549
 20
8728.31314771037
 30
20989.42751616976
 70
   192
  0
VERTEX
  5
49B
330
475
100
AcDbEntity
  8
9
 62
   222
100
AcDbVertex
100
AcDbPolyFaceMeshVertex
 10
32983.99665404549
 20
8728.31314825437
 30
20989.42751616976
 70
   192
  0
VERTEX
  5
49C
330
475
100
AcDbEntity
  8
9
 62
   222
100
AcDbVertex
100
AcDbPolyFaceMeshVertex
 10
32999.99665392422
 20
8724.746290248777
 30
20985.25126265847
 70
   192
  0
VERTEX
  5
49D
330
475
100
AcDbEntity
  8
9
 62
   222
100
AcDbVertex
100
AcDbPolyFaceMeshVertex
 10
32983.99665392422
 20
8724.746290792777
 30
20985.25126265847
 70
   192
  0
VERTEX
  5
49E
330
475
100
AcDbEntity
  8
9
 62
   222
100
AcDbVertex
100
AcDbPolyFaceMeshVertex
 10
32999.99665378223
 20
8720.570036737485
 30
20981.68440519688
 70
   192
  0
VERTEX
  5
49F
330
475
100
AcDbEntity
  8
9
 62
   222
100
AcDbVertex
100
AcDbPolyFaceMeshVertex
 10
32983.99665378223
 20
8720.570037281484
 30
20981.68440519688
 70
   192
  0
VERTEX
  5
4A0
330
475
100
AcDbEntity
  8
9
 62
   222
100
AcDbVertex
100
AcDbPolyFaceMeshVertex
 10
32999.99665362301
 20
8715.887220398132
 30
20978.81477165341
 70
   192
  0
VERTEX
  5
4A1
330
475
100
AcDbEntity
  8
9
 62
   222
100
AcDbVertex
100
AcDbPolyFaceMeshVertex
 10
32983.99665362301
 20
8715.887220942132
 30
20978.81477165341
 70
   192
  0
VERTEX
  5
4A2
330
475
100
AcDbEntity
  8
9
 62
   222
100
AcDbVertex
100
AcDbPolyFaceMeshVertex
 10
32999.99665345049
 20
8710.81314771037
 30
20976.71302192967
 70
   192
  0
VERTEX
  5
4A3
330
475
100
AcDbEntity
  8
9
 62
   222
100
AcDbVertex
100
AcDbPolyFaceMeshVertex
 10
32983.99665345049
 20
8710.81314825437
 30
20976.71302192967
 70
   192
  0
VERTEX
  5
4A4
330
475
100
AcDbEntity
  8
9
 62
   222
100
AcDbVertex
100
AcDbPolyFaceMeshVertex
 10
32999.99665326892
 20
8705.472759183656
 30
20975.43090807917
 70
   192
  0
VERTEX
  5
4A5
330
475
100
AcDbEntity
  8
9
 62
   222
100
AcDbVertex
100
AcDbPolyFaceMeshVertex
 10
32983.99665326892
 20
8705.472759727656
 30
20975.43090807917
 70
   192
  0
VERTEX
  5
4A6
330
475
100
AcDbEntity
  8
9
 62
   222
100
AcDbFaceRecord
 10
0.0
 20
0.0
 30
0.0
 70
   128
 71
     1
 72
     2
 73
    -3
 74
    -3
  0
VERTEX
  5
4A7
330
475
100
AcDbEntity
  8
9
 62
   222
100
AcDbFaceRecord
 10
0.0
 20
0.0
 30
0.0
 70
   128
 71
    -1
 72
     3
 73
     4
 74
     4
  0
VERTEX
  5
4A8
330
475
100
AcDbEntity
  8
9
 62
   222
100
AcDbFaceRecord
 10
0.0
 20
0.0
 30
0.0
 70
   128
 71
     2
 72
     5
 73
    -6
 74
    -6
  0
VERTEX
  5
4A9
330
475
100
AcDbEntity
  8
9
 62
   222
100
AcDbFaceRecord
 10
0.0
 20
0.0
 30
0.0
 70
   128
 71
    -2
 72
     6
 73
     3
 74
     3
  0
VERTEX
  5
4AA
330
475
100
AcDbEntity
  8
9
 62
   222
100
AcDbFaceRecord
 10
0.0
 20
0.0
 30
0.0
 70
   128
 71
     5
 72
     7
 73
    -8
 74
    -8
  0
VERTEX
  5
4AB
330
475
100
AcDbEntity
  8
9
 62
   222
100
AcDbFaceRecord
 10
0.0
 20
0.0
 30
0.0
 70
   128
 71
    -5
 72
     8
 73
     6
 74
     6
  0
VERTEX
  5
4AC
330
475
100
AcDbEntity
  8
9
 62
   222
100
AcDbFaceRecord
 10
0.0
 20
0.0
 30
0.0
 70
   128
 71
     7
 72
     9
 73
   -10
 74
   -10
  0
VERTEX
  5
4AD
330
475
100
AcDbEntity
  8
9
 62
   222
100
AcDbFaceRecord
 10
0.0
 20
0.0
 30
0.0
 70
   128
 71
    -7
 72
    10
 73
     8
 74
     8
  0
VERTEX
  5
4AE
330
475
100
AcDbEntity
  8
9
 62
   222
100
AcDbFaceRecord
 10
0.0
 20
0.0
 30
0.0
 70
   128
 71
     9
 72
    11
 73
   -12
 74
   -12
  0
VERTEX
  5
4AF
330
475
100
AcDbEntity
  8
9
 62
   222
100
AcDbFaceRecord
 10
0.0
 20
0.0
 30
0.0
 70
   128
 71
    -9
 72
    12
 73
    10
 74
    10
  0
VERTEX
  5
4B0
330
475
100
AcDbEntity
  8
9
 62
   222
100
AcDbFaceRecord
 10
0.0
 20
0.0
 30
0.0
 70
   128
 71
    11
 72
    13
 73
   -14
 74
   -14
  0
VERTEX
  5
4B1
330
475
100
AcDbEntity
  8
9
 62
   222
100
AcDbFaceRecord
 10
0.0
 20
0.0
 30
0.0
 70
   128
 71
   -11
 72
    14
 73
    12
 74
    12
  0
VERTEX
  5
4B2
330
475
100
AcDbEntity
  8
9
 62
   222
100
AcDbFaceRecord
 10
0.0
 20
0.0
 30
0.0
 70
   128
 71
    13
 72
    15
 73
   -16
 74
   -16
  0
VERTEX
  5
4B3
330
475
100
AcDbEntity
  8
9
 62
   222
100
AcDbFaceRecord
 10
0.0
 20
0.0
 30
0.0
 70
   128
 71
   -13
 72
    16
 73
    14
 74
    14
  0
VERTEX
  5
4B4
330
475
100
AcDbEntity
  8
9
 62
   222
100
AcDbFaceRecord
 10
0.0
 20
0.0
 30
0.0
 70
   128
 71
    15
 72
    17
 73
   -18
 74
   -18
  0
VERTEX
  5
4B5
330
475
100
AcDbEntity
  8
9
 62
   222
100
AcDbFaceRecord
 10
0.0
 20
0.0
 30
0.0
 70
   128
 71
   -15
 72
    18
 73
    16
 74
    16
  0
VERTEX
  5
4B6
330
475
100
AcDbEntity
  8
9
 62
   222
100
AcDbFaceRecord
 10
0.0
 20
0.0
 30
0.0
 70
   128
 71
    17
 72
    19
 73
   -20
 74
   -20
  0
VERTEX
  5
4B7
330
475
100
AcDbEntity
  8
9
 62
   222
100
AcDbFaceRecord
 10
0.0
 20
0.0
 30
0.0
 70
   128
 71
   -17
 72
    20
 73
    18
 74
    18
  0
VERTEX
  5
4B8
330
475
100
AcDbEntity
  8
9
 62
   222
100
AcDbFaceRecord
 10
0.0
 20
0.0
 30
0.0
 70
   128
 71
    19
 72
    21
 73
   -22
 74
   -22
  0
VERTEX
  5
4B9
330
475
100
AcDbEntity
  8
9
 62
   222
100
AcDbFaceRecord
 10
0.0
 20
0.0
 30
0.0
 70
   128
 71
   -19
 72
    22
 73
    20
 74
    20
  0
VERTEX
  5
4BA
330
475
100
AcDbEntity
  8
9
 62
   222
100
AcDbFaceRecord
 10
0.0
 20
0.0
 30
0.0
 70
   128
 71
    21
 72
    23
 73
   -24
 74
   -24
  0
VERTEX
  5
4BB
330
475
100
AcDbEntity
  8
9
 62
   222
100
AcDbFaceRecord
 10
0.0
 20
0.0
 30
0.0
 70
   128
 71
   -21
 72
    24
 73
    22
 74
    22
  0
VERTEX
  5
4BC
330
475
100
AcDbEntity
  8
9
 62
   222
100
AcDbFaceRecord
 10
0.0
 20
0.0
 30
0.0
 70
   128
 71
    23
 72
    25
 73
   -26
 74
   -26
  0
VERTEX
  5
4BD
330
475
100
AcDbEntity
  8
9
 62
   222
100
AcDbFaceRecord
 10
0.0
 20
0.0
 30
0.0
 70
   128
 71
   -23
 72
    26
 73
    24
 74
    24
  0
VERTEX
  5
4BE
330
475
100
AcDbEntity
  8
9
 62
   222
100
AcDbFaceRecord
 10
0.0
 20
0.0
 30
0.0
 70
   128
 71
    25
 72
    27
 73
   -28
 74
   -28
  0
VERTEX
  5
4BF
330
475
100
AcDbEntity
  8
9
 62
   222
100
AcDbFaceRecord
 10
0.0
 20
0.0
 30
0.0
 70
   128
 71
   -25
 72
    28
 73
    26
 74
    26
  0
VERTEX
  5
4C0
330
475
100
AcDbEntity
  8
9
 62
   222
100
AcDbFaceRecord
 10
0.0
 20
0.0
 30
0.0
 70
   128
 71
    27
 72
    29
 73
   -30
 74
   -30
  0
VERTEX
  5
4C1
330
475
100
AcDbEntity
  8
9
 62
   222
100
AcDbFaceRecord
 10
0.0
 20
0.0
 30
0.0
 70
   128
 71
   -27
 72
    30
 73
    28
 74
    28
  0
VERTEX
  5
4C2
330
475
100
AcDbEntity
  8
9
 62
   222
100
AcDbFaceRecord
 10
0.0
 20
0.0
 30
0.0
 70
   128
 71
    29
 72
    31
 73
   -32
 74
   -32
  0
VERTEX
  5
4C3
330
475
100
AcDbEntity
  8
9
 62
   222
100
AcDbFaceRecord
 10
0.0
 20
0.0
 30
0.0
 70
   128
 71
   -29
 72
    32
 73
    30
 74
    30
  0
VERTEX
  5
4C4
330
475
100
AcDbEntity
  8
9
 62
   222
100
AcDbFaceRecord
 10
0.0
 20
0.0
 30
0.0
 70
   128
 71
    31
 72
    33
 73
   -34
 74
   -34
  0
VERTEX
  5
4C5
330
475
100
AcDbEntity
  8
9
 62
   222
100
AcDbFaceRecord
 10
0.0
 20
0.0
 30
0.0
 70
   128
 71
   -31
 72
    34
 73
    32
 74
    32
  0
VERTEX
  5
4C6
330
475
100
AcDbEntity
  8
9
 62
   222
100
AcDbFaceRecord
 10
0.0
 20
0.0
 30
0.0
 70
   128
 71
    33
 72
    35
 73
   -36
 74
   -36
  0
VERTEX
  5
4C7
330
475
100
AcDbEntity
  8
9
 62
   222
100
AcDbFaceRecord
 10
0.0
 20
0.0
 30
0.0
 70
   128
 71
   -33
 72
    36
 73
    34
 74
    34
  0
VERTEX
  5
4C8
330
475
100
AcDbEntity
  8
9
 62
   222
100
AcDbFaceRecord
 10
0.0
 20
0.0
 30
0.0
 70
   128
 71
    35
 72
    37
 73
   -38
 74
   -38
  0
VERTEX
  5
4C9
330
475
100
AcDbEntity
  8
9
 62
   222
100
AcDbFaceRecord
 10
0.0
 20
0.0
 30
0.0
 70
   128
 71
   -35
 72
    38
 73
    36
 74
    36
  0
VERTEX
  5
4CA
330
475
100
AcDbEntity
  8
9
 62
   222
100
AcDbFaceRecord
 10
0.0
 20
0.0
 30
0.0
 70
   128
 71
    37
 72
    39
 73
   -40
 74
   -40
  0
VERTEX
  5
4CB
330
475
100
AcDbEntity
  8
9
 62
   222
100
AcDbFaceRecord
 10
0.0
 20
0.0
 30
0.0
 70
   128
 71
   -37
 72
    40
 73
    38
 74
    38
  0
VERTEX
  5
4CC
330
475
100
AcDbEntity
  8
9
 62
   222
100
AcDbFaceRecord
 10
0.0
 20
0.0
 30
0.0
 70
   128
 71
    39
 72
    41
 73
   -42
 74
   -42
  0
VERTEX
  5
4CD
330
475
100
AcDbEntity
  8
9
 62
   222
100
AcDbFaceRecord
 10
0.0
 20
0.0
 30
0.0
 70
   128
 71
   -39
 72
    42
 73
    40
 74
    40
  0
VERTEX
  5
4CE
330
475
100
AcDbEntity
  8
9
 62
   222
100
AcDbFaceRecord
 10
0.0
 20
0.0
 30
0.0
 70
   128
 71
    41
 72
    43
 73
   -44
 74
   -44
  0
VERTEX
  5
4CF
330
475
100
AcDbEntity
  8
9
 62
   222
100
AcDbFaceRecord
 10
0.0
 20
0.0
 30
0.0
 70
   128
 71
   -41
 72
    44
 73
    42
 74
    42
  0
VERTEX
  5
4D0
330
475
100
AcDbEntity
  8
9
 62
   222
100
AcDbFaceRecord
 10
0.0
 20
0.0
 30
0.0
 70
   128
 71
    43
 72
    45
 73
   -46
 74
   -46
  0
VERTEX
  5
4D1
330
475
100
AcDbEntity
  8
9
 62
   222
100
AcDbFaceRecord
 10
0.0
 20
0.0
 30
0.0
 70
   128
 71
   -43
 72
    46
 73
    44
 74
    44
  0
VERTEX
  5
4D2
330
475
100
AcDbEntity
  8
9
 62
   222
100
AcDbFaceRecord
 10
0.0
 20
0.0
 30
0.0
 70
   128
 71
    45
 72
    47
 73
   -48
 74
   -48
  0
VERTEX
  5
4D3
330
475
100
AcDbEntity
  8
9
 62
   222
100
AcDbFaceRecord
 10
0.0
 20
0.0
 30
0.0
 70
   128
 71
   -45
 72
    48
 73
    46
 74
    46
  0
VERTEX
  5
4D4
330
475
100
AcDbEntity
  8
9
 62
   222
100
AcDbFaceRecord
 10
0.0
 20
0.0
 30
0.0
 70
   128
 71
    47
 72
     1
 73
    -4
 74
    -4
  0
VERTEX
  5
4D5
330
475
100
AcDbEntity
  8
9
 62
   222
100
AcDbFaceRecord
 10
0.0
 20
0.0
 30
0.0
 70
   128
 71
   -47
 72
     4
 73
    48
 74
    48
  0
VERTEX
  5
4D6
330
475
100
AcDbEntity
  8
9
 62
   222
100
AcDbFaceRecord
 10
0.0
 20
0.0
 30
0.0
 70
   128
 71
   -21
 72
    25
 73
    23
 74
    23
  0
VERTEX
  5
4D7
330
475
100
AcDbEntity
  8
9
 62
   222
100
AcDbFaceRecord
 10
0.0
 20
0.0
 30
0.0
 70
   128
 71
   -25
 72
   -21
 73
    27
 74
    27
  0
VERTEX
  5
4D8
330
475
100
AcDbEntity
  8
9
 62
   222
100
AcDbFaceRecord
 10
0.0
 20
0.0
 30
0.0
 70
   128
 71
   -27
 72
    21
 73
   -19
 74
   -19
  0
VERTEX
  5
4D9
330
475
100
AcDbEntity
  8
9
 62
   222
100
AcDbFaceRecord
 10
0.0
 20
0.0
 30
0.0
 70
   128
 71
   -27
 72
    19
 73
   -17
 74
   -17
  0
VERTEX
  5
4DA
330
475
100
AcDbEntity
  8
9
 62
   222
100
AcDbFaceRecord
 10
0.0
 20
0.0
 30
0.0
 70
   128
 71
   -27
 72
    17
 73
   -15
 74
   -15
  0
VERTEX
  5
4DB
330
475
100
AcDbEntity
  8
9
 62
   222
100
AcDbFaceRecord
 10
0.0
 20
0.0
 30
0.0
 70
   128
 71
   -27
 72
    15
 73
   -13
 74
   -13
  0
VERTEX
  5
4DC
330
475
100
AcDbEntity
  8
9
 62
   222
100
AcDbFaceRecord
 10
0.0
 20
0.0
 30
0.0
 70
   128
 71
   -27
 72
    13
 73
   -11
 74
   -11
  0
VERTEX
  5
4DD
330
475
100
AcDbEntity
  8
9
 62
   222
100
AcDbFaceRecord
 10
0.0
 20
0.0
 30
0.0
 70
   128
 71
   -27
 72
    11
 73
    -9
 74
    -9
  0
VERTEX
  5
4DE
330
475
100
AcDbEntity
  8
9
 62
   222
100
AcDbFaceRecord
 10
0.0
 20
0.0
 30
0.0
 70
   128
 71
   -27
 72
     9
 73
    -7
 74
    -7
  0
VERTEX
  5
4DF
330
475
100
AcDbEntity
  8
9
 62
   222
100
AcDbFaceRecord
 10
0.0
 20
0.0
 30
0.0
 70
   128
 71
   -27
 72
     7
 73
    -5
 74
    -5
  0
VERTEX
  5
4E0
330
475
100
AcDbEntity
  8
9
 62
   222
100
AcDbFaceRecord
 10
0.0
 20
0.0
 30
0.0
 70
   128
 71
   -27
 72
     5
 73
    -2
 74
    -2
  0
VERTEX
  5
4E1
330
475
100
AcDbEntity
  8
9
 62
   222
100
AcDbFaceRecord
 10
0.0
 20
0.0
 30
0.0
 70
   128
 71
   -27
 72
    -2
 73
   -47
 74
   -47
  0
VERTEX
  5
4E2
330
475
100
AcDbEntity
  8
9
 62
   222
100
AcDbFaceRecord
 10
0.0
 20
0.0
 30
0.0
 70
   128
 71
   -47
 72
     2
 73
     1
 74
     1
  0
VERTEX
  5
4E3
330
475
100
AcDbEntity
  8
9
 62
   222
100
AcDbFaceRecord
 10
0.0
 20
0.0
 30
0.0
 70
   128
 71
   -27
 72
    47
 73
   -45
 74
   -45
  0
VERTEX
  5
4E4
330
475
100
AcDbEntity
  8
9
 62
   222
100
AcDbFaceRecord
 10
0.0
 20
0.0
 30
0.0
 70
   128
 71
   -27
 72
    45
 73
   -43
 74
   -43
  0
VERTEX
  5
4E5
330
475
100
AcDbEntity
  8
9
 62
   222
100
AcDbFaceRecord
 10
0.0
 20
0.0
 30
0.0
 70
   128
 71
   -27
 72
    43
 73
   -41
 74
   -41
  0
VERTEX
  5
4E6
330
475
100
AcDbEntity
  8
9
 62
   222
100
AcDbFaceRecord
 10
0.0
 20
0.0
 30
0.0
 70
   128
 71
   -27
 72
    41
 73
   -39
 74
   -39
  0
VERTEX
  5
4E7
330
475
100
AcDbEntity
  8
9
 62
   222
100
AcDbFaceRecord
 10
0.0
 20
0.0
 30
0.0
 70
   128
 71
   -27
 72
    39
 73
   -37
 74
   -37
  0
VERTEX
  5
4E8
330
475
100
AcDbEntity
  8
9
 62
   222
100
AcDbFaceRecord
 10
0.0
 20
0.0
 30
0.0
 70
   128
 71
   -27
 72
    37
 73
   -35
 74
   -35
  0
VERTEX
  5
4E9
330
475
100
AcDbEntity
  8
9
 62
   222
100
AcDbFaceRecord
 10
0.0
 20
0.0
 30
0.0
 70
   128
 71
   -27
 72
    35
 73
   -33
 74
   -33
  0
VERTEX
  5
4EA
330
475
100
AcDbEntity
  8
9
 62
   222
100
AcDbFaceRecord
 10
0.0
 20
0.0
 30
0.0
 70
   128
 71
   -27
 72
    33
 73
   -31
 74
   -31
  0
VERTEX
  5
4EB
330
475
100
AcDbEntity
  8
9
 62
   222
100
AcDbFaceRecord
 10
0.0
 20
0.0
 30
0.0
 70
   128
 71
   -27
 72
    31
 73
    29
 74
    29
  0
VERTEX
  5
4EC
330
475
100
AcDbEntity
  8
9
 62
   222
100
AcDbFaceRecord
 10
0.0
 20
0.0
 30
0.0
 70
   128
 71
   -32
 72
    28
 73
    30
 74
    30
  0
VERTEX
  5
4ED
330
475
100
AcDbEntity
  8
9
 62
   222
100
AcDbFaceRecord
 10
0.0
 20
0.0
 30
0.0
 70
   128
 71
   -28
 72
   -32
 73
    26
 74
    26
  0
VERTEX
  5
4EE
330
475
100
AcDbEntity
  8
9
 62
   222
100
AcDbFaceRecord
 10
0.0
 20
0.0
 30
0.0
 70
   128
 71
   -26
 72
    32
 73
   -34
 74
   -34
  0
VERTEX
  5
4EF
330
475
100
AcDbEntity
  8
9
 62
   222
100
AcDbFaceRecord
 10
0.0
 20
0.0
 30
0.0
 70
   128
 71
   -26
 72
    34
 73
   -36
 74
   -36
  0
VERTEX
  5
4F0
330
475
100
AcDbEntity
  8
9
 62
   222
100
AcDbFaceRecord
 10
0.0
 20
0.0
 30
0.0
 70
   128
 71
   -26
 72
    36
 73
   -38
 74
   -38
  0
VERTEX
  5
4F1
330
475
100
AcDbEntity
  8
9
 62
   222
100
AcDbFaceRecord
 10
0.0
 20
0.0
 30
0.0
 70
   128
 71
   -26
 72
    38
 73
   -40
 74
   -40
  0
VERTEX
  5
4F2
330
475
100
AcDbEntity
  8
9
 62
   222
100
AcDbFaceRecord
 10
0.0
 20
0.0
 30
0.0
 70
   128
 71
   -26
 72
    40
 73
   -42
 74
   -42
  0
VERTEX
  5
4F3
330
475
100
AcDbEntity
  8
9
 62
   222
100
AcDbFaceRecord
 10
0.0
 20
0.0
 30
0.0
 70
   128
 71
   -26
 72
    42
 73
   -44
 74
   -44
  0
VERTEX
  5
4F4
330
475
100
AcDbEntity
  8
9
 62
   222
100
AcDbFaceRecord
 10
0.0
 20
0.0
 30
0.0
 70
   128
 71
   -26
 72
    44
 73
   -46
 74
   -46
  0
VERTEX
  5
4F5
330
475
100
AcDbEntity
  8
9
 62
   222
100
AcDbFaceRecord
 10
0.0
 20
0.0
 30
0.0
 70
   128
 71
   -26
 72
    46
 73
   -48
 74
   -48
  0
VERTEX
  5
4F6
330
475
100
AcDbEntity
  8
9
 62
   222
100
AcDbFaceRecord
 10
0.0
 20
0.0
 30
0.0
 70
   128
 71
   -26
 72
    48
 73
    -4
 74
    -4
  0
VERTEX
  5
4F7
330
475
100
AcDbEntity
  8
9
 62
   222
100
AcDbFaceRecord
 10
0.0
 20
0.0
 30
0.0
 70
   128
 71
   -26
 72
    -4
 73
    -6
 74
    -6
  0
VERTEX
  5
4F8
330
475
100
AcDbEntity
  8
9
 62
   222
100
AcDbFaceRecord
 10
0.0
 20
0.0
 30
0.0
 70
   128
 71
    -6
 72
     4
 73
     3
 74
     3
  0
VERTEX
  5
4F9
330
475
100
AcDbEntity
  8
9
 62
   222
100
AcDbFaceRecord
 10
0.0
 20
0.0
 30
0.0
 70
   128
 71
   -26
 72
     6
 73
    -8
 74
    -8
  0
VERTEX
  5
4FA
330
475
100
AcDbEntity
  8
9
 62
   222
100
AcDbFaceRecord
 10
0.0
 20
0.0
 30
0.0
 70
   128
 71
   -26
 72
     8
 73
   -10
 74
   -10
  0
VERTEX
  5
4FB
330
475
100
AcDbEntity
  8
9
 62
   222
100
AcDbFaceRecord
 10
0.0
 20
0.0
 30
0.0
 70
   128
 71
   -26
 72
    10
 73
   -12
 74
   -12
  0
VERTEX
  5
4FC
330
475
100
AcDbEntity
  8
9
 62
   222
100
AcDbFaceRecord
 10
0.0
 20
0.0
 30
0.0
 70
   128
 71
   -26
 72
    12
 73
   -14
 74
   -14
  0
VERTEX
  5
4FD
330
475
100
AcDbEntity
  8
9
 62
   222
100
AcDbFaceRecord
 10
0.0
 20
0.0
 30
0.0
 70
   128
 71
   -26
 72
    14
 73
   -16
 74
   -16
  0
VERTEX
  5
4FE
330
475
100
AcDbEntity
  8
9
 62
   222
100
AcDbFaceRecord
 10
0.0
 20
0.0
 30
0.0
 70
   128
 71
   -26
 72
    16
 73
   -18
 74
   -18
  0
VERTEX
  5
4FF
330
475
100
AcDbEntity
  8
9
 62
   222
100
AcDbFaceRecord
 10
0.0
 20
0.0
 30
0.0
 70
   128
 71
   -26
 72
    18
 73
   -20
 74
   -20
  0
VERTEX
  5
500
330
475
100
AcDbEntity
  8
9
 62
   222
100
AcDbFaceRecord
 10
0.0
 20
0.0
 30
0.0
 70
   128
 71
   -26
 72
    20
 73
   -22
 74
   -22
  0
VERTEX
  5
501
330
475
100
AcDbEntity
  8
9
 62
   222
100
AcDbFaceRecord
 10
0.0
 20
0.0
 30
0.0
 70
   128
 71
   -26
 72
    22
 73
    24
 74
    24
  0
SEQEND
  5
502
330
475
100
AcDbEntity
  8
9
 62
   222
  0
POLYLINE
  5
503
330
1F
100
AcDbEntity
  8
9
 62
   222
420
 13576614
100
AcDbPolyFaceMesh
 66
     1
 10
0.0
 20
0.0
 30
0.0
 70
    64
 71
    48
 72
    92
1001
TeklaStructures
1000
ID
1000
128052449
  0
VERTEX
  5
504
330
503
100
AcDbEntity
  8
9
 62
   222
100
AcDbVertex
100
AcDbPolyFaceMeshVertex
 10
32615.99665308276
 20
8699.997556202758
 30
20975.0
 70
   192
  0
VERTEX
  5
505
330
503
100
AcDbEntity
  8
9
 62
   222
100
AcDbVertex
100
AcDbPolyFaceMeshVertex
 10
32615.99665308276
 20
8699.997556202758
 30
20285.0
 70
   192
  0
VERTEX
  5
506
330
503
100
AcDbEntity
  8
9
 62
   222
100
AcDbVertex
100
AcDbPolyFaceMeshVertex
 10
32599.99665308276
 20
8699.997556746759
 30
20285.0
 70
   192
  0
VERTEX
  5
507
330
503
100
AcDbEntity
  8
9
 62
   222
100
AcDbVertex
100
AcDbPolyFaceMeshVertex
 10
32599.99665308276
 20
8699.997556746759
 30
20975.0
 70
   192
  0
VERTEX
  5
508
330
503
100
AcDbEntity
  8
9
 62
   222
100
AcDbVertex
100
AcDbPolyFaceMeshVertex
 10
32615.99665326891
 20
8705.472762479167
 30
20284.56909192083
 70
   192
  0
VERTEX
  5
509
330
503
100
AcDbEntity
  8
9
 62
   222
100
AcDbVertex
100
AcDbPolyFaceMeshVertex
 10
32599.99665326891
 20
8705.472763023166
 30
20284.56909192083
 70
   192
  0
VERTEX
  5
50A
330
503
100
AcDbEntity
  8
9
 62
   222
100
AcDbVertex
100
AcDbPolyFaceMeshVertex
 10
32615.99665345049
 20
8710.813151005881
 30
20283.28697807033
 70
   192
  0
VERTEX
  5
50B
330
503
100
AcDbEntity
  8
9
 62
   222
100
AcDbVertex
100
AcDbPolyFaceMeshVertex
 10
32599.99665345049
 20
8710.81315154988
 30
20283.28697807033
 70
   192
  0
VERTEX
  5
50C
330
503
100
AcDbEntity
  8
9
 62
   222
100
AcDbVertex
100
AcDbPolyFaceMeshVertex
 10
32615.996653623
 20
8715.887223693642
 30
20281.18522834659
 70
   192
  0
VERTEX
  5
50D
330
503
100
AcDbEntity
  8
9
 62
   222
100
AcDbVertex
100
AcDbPolyFaceMeshVertex
 10
32599.996653623
 20
8715.887224237642
 30
20281.18522834659
 70
   192
  0
VERTEX
  5
50E
330
503
100
AcDbEntity
  8
9
 62
   222
100
AcDbVertex
100
AcDbPolyFaceMeshVertex
 10
32615.99665378222
 20
8720.570040032995
 30
20278.31559480312
 70
   192
  0
VERTEX
  5
50F
330
503
100
AcDbEntity
  8
9
 62
   222
100
AcDbVertex
100
AcDbPolyFaceMeshVertex
 10
32599.99665378222
 20
8720.570040576995
 30
20278.31559480312
 70
   192
  0
VERTEX
  5
510
330
503
100
AcDbEntity
  8
9
 62
   222
100
AcDbVertex
100
AcDbPolyFaceMeshVertex
 10
32615.99665392421
 20
8724.746293544287
 30
20274.74873734153
 70
   192
  0
VERTEX
  5
511
330
503
100
AcDbEntity
  8
9
 62
   222
100
AcDbVertex
100
AcDbPolyFaceMeshVertex
 10
32599.99665392421
 20
8724.746294088287
 30
20274.74873734153
 70
   192
  0
VERTEX
  5
512
330
503
100
AcDbEntity
  8
9
 62
   222
100
AcDbVertex
100
AcDbPolyFaceMeshVertex
 10
32615.99665404549
 20
8728.313151005881
 30
20270.57248383024
 70
   192
  0
VERTEX
  5
513
330
503
100
AcDbEntity
  8
9
 62
   222
100
AcDbVertex
100
AcDbPolyFaceMeshVertex
 10
32599.99665404549
 20
8728.31315154988
 30
20270.57248383024
 70
   192
  0
VERTEX
  5
514
330
503
100
AcDbEntity
  8
9
 62
   222
100
AcDbVertex
100
AcDbPolyFaceMeshVertex
 10
32615.99665414305
 20
8731.182784549352
 30
20265.88966749088
 70
   192
  0
VERTEX
  5
515
330
503
100
AcDbEntity
  8
9
 62
   222
100
AcDbVertex
100
AcDbPolyFaceMeshVertex
 10
32599.99665414305
 20
8731.182785093351
 30
20265.88966749088
 70
   192
  0
VERTEX
  5
516
330
503
100
AcDbEntity
  8
9
 62
   222
100
AcDbVertex
100
AcDbPolyFaceMeshVertex
 10
32615.99665421451
 20
8733.284534273089
 30
20260.81559480312
 70
   192
  0
VERTEX
  5
517
330
503
100
AcDbEntity
  8
9
 62
   222
100
AcDbVertex
100
AcDbPolyFaceMeshVertex
 10
32599.99665421451
 20
8733.284534817089
 30
20260.81559480312
 70
   192
  0
VERTEX
  5
518
330
503
100
AcDbEntity
  8
9
 62
   222
100
AcDbVertex
100
AcDbPolyFaceMeshVertex
 10
32615.99665425811
 20
8734.566648123588
 30
20255.47520627641
 70
   192
  0
VERTEX
  5
519
330
503
100
AcDbEntity
  8
9
 62
   222
100
AcDbVertex
100
AcDbPolyFaceMeshVertex
 10
32599.99665425811
 20
8734.566648667587
 30
20255.47520627641
 70
   192
  0
VERTEX
  5
51A
330
503
100
AcDbEntity
  8
9
 62
   222
100
AcDbVertex
100
AcDbPolyFaceMeshVertex
 10
32615.99665427276
 20
8734.997556202758
 30
20250.0
 70
   192
  0
VERTEX
  5
51B
330
503
100
AcDbEntity
  8
9
 62
   222
100
AcDbVertex
100
AcDbPolyFaceMeshVertex
 10
32599.99665427276
 20
8734.997556746759
 30
20250.0
 70
   192
  0
VERTEX
  5
51C
330
503
100
AcDbEntity
  8
9
 62
   222
100
AcDbVertex
100
AcDbPolyFaceMeshVertex
 10
32615.99666668276
 20
9099.997556202758
 30
20250.0
 70
   192
  0
VERTEX
  5
51D
330
503
100
AcDbEntity
  8
9
 62
   222
100
AcDbVertex
100
AcDbPolyFaceMeshVertex
 10
32599.99666668276
 20
9099.997556746757
 30
20250.0
 70
   192
  0
VERTEX
  5
51E
330
503
100
AcDbEntity
  8
9
 62
   222
100
AcDbVertex
100
AcDbPolyFaceMeshVertex
 10
32615.99666668276
 20
9099.997556202758
 30
21010.0
 70
   192
  0
VERTEX
  5
51F
330
503
100
AcDbEntity
  8
9
 62
   222
100
AcDbVertex
100
AcDbPolyFaceMeshVertex
 10
32599.99666668276
 20
9099.997556746757
 30
21010.0
 70
   192
  0
VERTEX
  5
520
330
503
100
AcDbEntity
  8
9
 62
   222
100
AcDbVertex
100
AcDbPolyFaceMeshVertex
 10
32615.99665427276
 20
8734.997556202758
 30
21010.0
 70
   192
  0
VERTEX
  5
521
330
503
100
AcDbEntity
  8
9
 62
   222
100
AcDbVertex
100
AcDbPolyFaceMeshVertex
 10
32599.99665427276
 20
8734.997556746759
 30
21010.0
 70
   192
  0
VERTEX
  5
522
330
503
100
AcDbEntity
  8
9
 62
   222
100
AcDbVertex
100
AcDbPolyFaceMeshVertex
 10
32615.99665425811
 20
8734.566648123588
 30
21004.52479372359
 70
   192
  0
VERTEX
  5
523
330
503
100
AcDbEntity
  8
9
 62
   222
100
AcDbVertex
100
AcDbPolyFaceMeshVertex
 10
32599.99665425811
 20
8734.566648667587
 30
21004.52479372359
 70
   192
  0
VERTEX
  5
524
330
503
100
AcDbEntity
  8
9
 62
   222
100
AcDbVertex
100
AcDbPolyFaceMeshVertex
 10
32615.99665421451
 20
8733.284534273089
 30
20999.18440519688
 70
   192
  0
VERTEX
  5
525
330
503
100
AcDbEntity
  8
9
 62
   222
100
AcDbVertex
100
AcDbPolyFaceMeshVertex
 10
32599.99665421451
 20
8733.284534817089
 30
20999.18440519688
 70
   192
  0
VERTEX
  5
526
330
503
100
AcDbEntity
  8
9
 62
   222
100
AcDbVertex
100
AcDbPolyFaceMeshVertex
 10
32615.99665414305
 20
8731.182784549352
 30
20994.11033250912
 70
   192
  0
VERTEX
  5
527
330
503
100
AcDbEntity
  8
9
 62
   222
100
AcDbVertex
100
AcDbPolyFaceMeshVertex
 10
32599.99665414305
 20
8731.182785093351
 30
20994.11033250912
 70
   192
  0
VERTEX
  5
528
330
503
100
AcDbEntity
  8
9
 62
   222
100
AcDbVertex
100
AcDbPolyFaceMeshVertex
 10
32615.99665404549
 20
8728.313151005881
 30
20989.42751616976
 70
   192
  0
VERTEX
  5
529
330
503
100
AcDbEntity
  8
9
 62
   222
100
AcDbVertex
100
AcDbPolyFaceMeshVertex
 10
32599.99665404549
 20
8728.31315154988
 30
20989.42751616976
 70
   192
  0
VERTEX
  5
52A
330
503
100
AcDbEntity
  8
9
 62
   222
100
AcDbVertex
100
AcDbPolyFaceMeshVertex
 10
32615.99665392421
 20
8724.746293544287
 30
20985.25126265847
 70
   192
  0
VERTEX
  5
52B
330
503
100
AcDbEntity
  8
9
 62
   222
100
AcDbVertex
100
AcDbPolyFaceMeshVertex
 10
32599.99665392421
 20
8724.746294088287
 30
20985.25126265847
 70
   192
  0
VERTEX
  5
52C
330
503
100
AcDbEntity
  8
9
 62
   222
100
AcDbVertex
100
AcDbPolyFaceMeshVertex
 10
32615.99665378222
 20
8720.570040032995
 30
20981.68440519688
 70
   192
  0
VERTEX
  5
52D
330
503
100
AcDbEntity
  8
9
 62
   222
100
AcDbVertex
100
AcDbPolyFaceMeshVertex
 10
32599.99665378222
 20
8720.570040576995
 30
20981.68440519688
 70
   192
  0
VERTEX
  5
52E
330
503
100
AcDbEntity
  8
9
 62
   222
100
AcDbVertex
100
AcDbPolyFaceMeshVertex
 10
32615.996653623
 20
8715.887223693642
 30
20978.81477165341
 70
   192
  0
VERTEX
  5
52F
330
503
100
AcDbEntity
  8
9
 62
   222
100
AcDbVertex
100
AcDbPolyFaceMeshVertex
 10
32599.996653623
 20
8715.887224237642
 30
20978.81477165341
 70
   192
  0
VERTEX
  5
530
330
503
100
AcDbEntity
  8
9
 62
   222
100
AcDbVertex
100
AcDbPolyFaceMeshVertex
 10
32615.99665345049
 20
8710.813151005881
 30
20976.71302192967
 70
   192
  0
VERTEX
  5
531
330
503
100
AcDbEntity
  8
9
 62
   222
100
AcDbVertex
100
AcDbPolyFaceMeshVertex
 10
32599.99665345049
 20
8710.81315154988
 30
20976.71302192967
 70
   192
  0
VERTEX
  5
532
330
503
100
AcDbEntity
  8
9
 62
   222
100
AcDbVertex
100
AcDbPolyFaceMeshVertex
 10
32615.99665326891
 20
8705.472762479167
 30
20975.43090807917
 70
   192
  0
VERTEX
  5
533
330
503
100
AcDbEntity
  8
9
 62
   222
100
AcDbVertex
100
AcDbPolyFaceMeshVertex
 10
32599.99665326891
 20
8705.472763023166
 30
20975.43090807917
 70
   192
  0
VERTEX
  5
534
330
503
100
AcDbEntity
  8
9
 62
   222
100
AcDbFaceRecord
 10
0.0
 20
0.0
 30
0.0
 70
   128
 71
     1
 72
     2
 73
    -3
 74
    -3
  0
VERTEX
  5
535
330
503
100
AcDbEntity
  8
9
 62
   222
100
AcDbFaceRecord
 10
0.0
 20
0.0
 30
0.0
 70
   128
 71
    -1
 72
     3
 73
     4
 74
     4
  0
VERTEX
  5
536
330
503
100
AcDbEntity
  8
9
 62
   222
100
AcDbFaceRecord
 10
0.0
 20
0.0
 30
0.0
 70
   128
 71
     2
 72
     5
 73
    -6
 74
    -6
  0
VERTEX
  5
537
330
503
100
AcDbEntity
  8
9
 62
   222
100
AcDbFaceRecord
 10
0.0
 20
0.0
 30
0.0
 70
   128
 71
    -2
 72
     6
 73
     3
 74
     3
  0
VERTEX
  5
538
330
503
100
AcDbEntity
  8
9
 62
   222
100
AcDbFaceRecord
 10
0.0
 20
0.0
 30
0.0
 70
   128
 71
     5
 72
     7
 73
    -8
 74
    -8
  0
VERTEX
  5
539
330
503
100
AcDbEntity
  8
9
 62
   222
100
AcDbFaceRecord
 10
0.0
 20
0.0
 30
0.0
 70
   128
 71
    -5
 72
     8
 73
     6
 74
     6
  0
VERTEX
  5
53A
330
503
100
AcDbEntity
  8
9
 62
   222
100
AcDbFaceRecord
 10
0.0
 20
0.0
 30
0.0
 70
   128
 71
     7
 72
     9
 73
   -10
 74
   -10
  0
VERTEX
  5
53B
330
503
100
AcDbEntity
  8
9
 62
   222
100
AcDbFaceRecord
 10
0.0
 20
0.0
 30
0.0
 70
   128
 71
    -7
 72
    10
 73
     8
 74
     8
  0
VERTEX
  5
53C
330
503
100
AcDbEntity
  8
9
 62
   222
100
AcDbFaceRecord
 10
0.0
 20
0.0
 30
0.0
 70
   128
 71
     9
 72
    11
 73
   -12
 74
   -12
  0
VERTEX
  5
53D
330
503
100
AcDbEntity
  8
9
 62
   222
100
AcDbFaceRecord
 10
0.0
 20
0.0
 30
0.0
 70
   128
 71
    -9
 72
    12
 73
    10
 74
    10
  0
VERTEX
  5
53E
330
503
100
AcDbEntity
  8
9
 62
   222
100
AcDbFaceRecord
 10
0.0
 20
0.0
 30
0.0
 70
   128
 71
    11
 72
    13
 73
   -14
 74
   -14
  0
VERTEX
  5
53F
330
503
100
AcDbEntity
  8
9
 62
   222
100
AcDbFaceRecord
 10
0.0
 20
0.0
 30
0.0
 70
   128
 71
   -11
 72
    14
 73
    12
 74
    12
  0
VERTEX
  5
540
330
503
100
AcDbEntity
  8
9
 62
   222
100
AcDbFaceRecord
 10
0.0
 20
0.0
 30
0.0
 70
   128
 71
    13
 72
    15
 73
   -16
 74
   -16
  0
VERTEX
  5
541
330
503
100
AcDbEntity
  8
9
 62
   222
100
AcDbFaceRecord
 10
0.0
 20
0.0
 30
0.0
 70
   128
 71
   -13
 72
    16
 73
    14
 74
    14
  0
VERTEX
  5
542
330
503
100
AcDbEntity
  8
9
 62
   222
100
AcDbFaceRecord
 10
0.0
 20
0.0
 30
0.0
 70
   128
 71
    15
 72
    17
 73
   -18
 74
   -18
  0
VERTEX
  5
543
330
503
100
AcDbEntity
  8
9
 62
   222
100
AcDbFaceRecord
 10
0.0
 20
0.0
 30
0.0
 70
   128
 71
   -15
 72
    18
 73
    16
 74
    16
  0
VERTEX
  5
544
330
503
100
AcDbEntity
  8
9
 62
   222
100
AcDbFaceRecord
 10
0.0
 20
0.0
 30
0.0
 70
   128
 71
    17
 72
    19
 73
   -20
 74
   -20
  0
VERTEX
  5
545
330
503
100
AcDbEntity
  8
9
 62
   222
100
AcDbFaceRecord
 10
0.0
 20
0.0
 30
0.0
 70
   128
 71
   -17
 72
    20
 73
    18
 74
    18
  0
VERTEX
  5
546
330
503
100
AcDbEntity
  8
9
 62
   222
100
AcDbFaceRecord
 10
0.0
 20
0.0
 30
0.0
 70
   128
 71
    19
 72
    21
 73
   -22
 74
   -22
  0
VERTEX
  5
547
330
503
100
AcDbEntity
  8
9
 62
   222
100
AcDbFaceRecord
 10
0.0
 20
0.0
 30
0.0
 70
   128
 71
   -19
 72
    22
 73
    20
 74
    20
  0
VERTEX
  5
548
330
503
100
AcDbEntity
  8
9
 62
   222
100
AcDbFaceRecord
 10
0.0
 20
0.0
 30
0.0
 70
   128
 71
    21
 72
    23
 73
   -24
 74
   -24
  0
VERTEX
  5
549
330
503
100
AcDbEntity
  8
9
 62
   222
100
AcDbFaceRecord
 10
0.0
 20
0.0
 30
0.0
 70
   128
 71
   -21
 72
    24
 73
    22
 74
    22
  0
VERTEX
  5
54A
330
503
100
AcDbEntity
  8
9
 62
   222
100
AcDbFaceRecord
 10
0.0
 20
0.0
 30
0.0
 70
   128
 71
    23
 72
    25
 73
   -26
 74
   -26
  0
VERTEX
  5
54B
330
503
100
AcDbEntity
  8
9
 62
   222
100
AcDbFaceRecord
 10
0.0
 20
0.0
 30
0.0
 70
   128
 71
   -23
 72
    26
 73
    24
 74
    24
  0
VERTEX
  5
54C
330
503
100
AcDbEntity
  8
9
 62
   222
100
AcDbFaceRecord
 10
0.0
 20
0.0
 30
0.0
 70
   128
 71
    25
 72
    27
 73
   -28
 74
   -28
  0
VERTEX
  5
54D
330
503
100
AcDbEntity
  8
9
 62
   222
100
AcDbFaceRecord
 10
0.0
 20
0.0
 30
0.0
 70
   128
 71
   -25
 72
    28
 73
    26
 74
    26
  0
VERTEX
  5
54E
330
503
100
AcDbEntity
  8
9
 62
   222
100
AcDbFaceRecord
 10
0.0
 20
0.0
 30
0.0
 70
   128
 71
    27
 72
    29
 73
   -30
 74
   -30
  0
VERTEX
  5
54F
330
503
100
AcDbEntity
  8
9
 62
   222
100
AcDbFaceRecord
 10
0.0
 20
0.0
 30
0.0
 70
   128
 71
   -27
 72
    30
 73
    28
 74
    28
  0
VERTEX
  5
550
330
503
100
AcDbEntity
  8
9
 62
   222
100
AcDbFaceRecord
 10
0.0
 20
0.0
 30
0.0
 70
   128
 71
    29
 72
    31
 73
   -32
 74
   -32
  0
VERTEX
  5
551
330
503
100
AcDbEntity
  8
9
 62
   222
100
AcDbFaceRecord
 10
0.0
 20
0.0
 30
0.0
 70
   128
 71
   -29
 72
    32
 73
    30
 74
    30
  0
VERTEX
  5
552
330
503
100
AcDbEntity
  8
9
 62
   222
100
AcDbFaceRecord
 10
0.0
 20
0.0
 30
0.0
 70
   128
 71
    31
 72
    33
 73
   -34
 74
   -34
  0
VERTEX
  5
553
330
503
100
AcDbEntity
  8
9
 62
   222
100
AcDbFaceRecord
 10
0.0
 20
0.0
 30
0.0
 70
   128
 71
   -31
 72
    34
 73
    32
 74
    32
  0
VERTEX
  5
554
330
503
100
AcDbEntity
  8
9
 62
   222
100
AcDbFaceRecord
 10
0.0
 20
0.0
 30
0.0
 70
   128
 71
    33
 72
    35
 73
   -36
 74
   -36
  0
VERTEX
  5
555
330
503
100
AcDbEntity
  8
9
 62
   222
100
AcDbFaceRecord
 10
0.0
 20
0.0
 30
0.0
 70
   128
 71
   -33
 72
    36
 73
    34
 74
    34
  0
VERTEX
  5
556
330
503
100
AcDbEntity
  8
9
 62
   222
100
AcDbFaceRecord
 10
0.0
 20
0.0
 30
0.0
 70
   128
 71
    35
 72
    37
 73
   -38
 74
   -38
  0
VERTEX
  5
557
330
503
100
AcDbEntity
  8
9
 62
   222
100
AcDbFaceRecord
 10
0.0
 20
0.0
 30
0.0
 70
   128
 71
   -35
 72
    38
 73
    36
 74
    36
  0
VERTEX
  5
558
330
503
100
AcDbEntity
  8
9
 62
   222
100
AcDbFaceRecord
 10
0.0
 20
0.0
 30
0.0
 70
   128
 71
    37
 72
    39
 73
   -40
 74
   -40
  0
VERTEX
  5
559
330
503
100
AcDbEntity
  8
9
 62
   222
100
AcDbFaceRecord
 10
0.0
 20
0.0
 30
0.0
 70
   128
 71
   -37
 72
    40
 73
    38
 74
    38
  0
VERTEX
  5
55A
330
503
100
AcDbEntity
  8
9
 62
   222
100
AcDbFaceRecord
 10
0.0
 20
0.0
 30
0.0
 70
   128
 71
    39
 72
    41
 73
   -42
 74
   -42
  0
VERTEX
  5
55B
330
503
100
AcDbEntity
  8
9
 62
   222
100
AcDbFaceRecord
 10
0.0
 20
0.0
 30
0.0
 70
   128
 71
   -39
 72
    42
 73
    40
 74
    40
  0
VERTEX
  5
55C
330
503
100
AcDbEntity
  8
9
 62
   222
100
AcDbFaceRecord
 10
0.0
 20
0.0
 30
0.0
 70
   128
 71
    41
 72
    43
 73
   -44
 74
   -44
  0
VERTEX
  5
55D
330
503
100
AcDbEntity
  8
9
 62
   222
100
AcDbFaceRecord
 10
0.0
 20
0.0
 30
0.0
 70
   128
 71
   -41
 72
    44
 73
    42
 74
    42
  0
VERTEX
  5
55E
330
503
100
AcDbEntity
  8
9
 62
   222
100
AcDbFaceRecord
 10
0.0
 20
0.0
 30
0.0
 70
   128
 71
    43
 72
    45
 73
   -46
 74
   -46
  0
VERTEX
  5
55F
330
503
100
AcDbEntity
  8
9
 62
   222
100
AcDbFaceRecord
 10
0.0
 20
0.0
 30
0.0
 70
   128
 71
   -43
 72
    46
 73
    44
 74
    44
  0
VERTEX
  5
560
330
503
100
AcDbEntity
  8
9
 62
   222
100
AcDbFaceRecord
 10
0.0
 20
0.0
 30
0.0
 70
   128
 71
    45
 72
    47
 73
   -48
 74
   -48
  0
VERTEX
  5
561
330
503
100
AcDbEntity
  8
9
 62
   222
100
AcDbFaceRecord
 10
0.0
 20
0.0
 30
0.0
 70
   128
 71
   -45
 72
    48
 73
    46
 74
    46
  0
VERTEX
  5
562
330
503
100
AcDbEntity
  8
9
 62
   222
100
AcDbFaceRecord
 10
0.0
 20
0.0
 30
0.0
 70
   128
 71
    47
 72
     1
 73
    -4
 74
    -4
  0
VERTEX
  5
563
330
503
100
AcDbEntity
  8
9
 62
   222
100
AcDbFaceRecord
 10
0.0
 20
0.0
 30
0.0
 70
   128
 71
   -47
 72
     4
 73
    48
 74
    48
  0
VERTEX
  5
564
330
503
100
AcDbEntity
  8
9
 62
   222
100
AcDbFaceRecord
 10
0.0
 20
0.0
 30
0.0
 70
   128
 71
   -21
 72
    25
 73
    23
 74
    23
  0
VERTEX
  5
565
330
503
100
AcDbEntity
  8
9
 62
   222
100
AcDbFaceRecord
 10
0.0
 20
0.0
 30
0.0
 70
   128
 71
   -25
 72
   -21
 73
    27
 74
    27
  0
VERTEX
  5
566
330
503
100
AcDbEntity
  8
9
 62
   222
100
AcDbFaceRecord
 10
0.0
 20
0.0
 30
0.0
 70
   128
 71
   -27
 72
    21
 73
   -19
 74
   -19
  0
VERTEX
  5
567
330
503
100
AcDbEntity
  8
9
 62
   222
100
AcDbFaceRecord
 10
0.0
 20
0.0
 30
0.0
 70
   128
 71
   -27
 72
    19
 73
   -17
 74
   -17
  0
VERTEX
  5
568
330
503
100
AcDbEntity
  8
9
 62
   222
100
AcDbFaceRecord
 10
0.0
 20
0.0
 30
0.0
 70
   128
 71
   -27
 72
    17
 73
   -15
 74
   -15
  0
VERTEX
  5
569
330
503
100
AcDbEntity
  8
9
 62
   222
100
AcDbFaceRecord
 10
0.0
 20
0.0
 30
0.0
 70
   128
 71
   -27
 72
    15
 73
   -13
 74
   -13
  0
VERTEX
  5
56A
330
503
100
AcDbEntity
  8
9
 62
   222
100
AcDbFaceRecord
 10
0.0
 20
0.0
 30
0.0
 70
   128
 71
   -27
 72
    13
 73
   -11
 74
   -11
  0
VERTEX
  5
56B
330
503
100
AcDbEntity
  8
9
 62
   222
100
AcDbFaceRecord
 10
0.0
 20
0.0
 30
0.0
 70
   128
 71
   -27
 72
    11
 73
    -9
 74
    -9
  0
VERTEX
  5
56C
330
503
100
AcDbEntity
  8
9
 62
   222
100
AcDbFaceRecord
 10
0.0
 20
0.0
 30
0.0
 70
   128
 71
   -27
 72
     9
 73
    -7
 74
    -7
  0
VERTEX
  5
56D
330
503
100
AcDbEntity
  8
9
 62
   222
100
AcDbFaceRecord
 10
0.0
 20
0.0
 30
0.0
 70
   128
 71
   -27
 72
     7
 73
    -5
 74
    -5
  0
VERTEX
  5
56E
330
503
100
AcDbEntity
  8
9
 62
   222
100
AcDbFaceRecord
 10
0.0
 20
0.0
 30
0.0
 70
   128
 71
   -27
 72
     5
 73
    -2
 74
    -2
  0
VERTEX
  5
56F
330
503
100
AcDbEntity
  8
9
 62
   222
100
AcDbFaceRecord
 10
0.0
 20
0.0
 30
0.0
 70
   128
 71
   -27
 72
    -2
 73
   -47
 74
   -47
  0
VERTEX
  5
570
330
503
100
AcDbEntity
  8
9
 62
   222
100
AcDbFaceRecord
 10
0.0
 20
0.0
 30
0.0
 70
   128
 71
   -47
 72
     2
 73
     1
 74
     1
  0
VERTEX
  5
571
330
503
100
AcDbEntity
  8
9
 62
   222
100
AcDbFaceRecord
 10
0.0
 20
0.0
 30
0.0
 70
   128
 71
   -27
 72
    47
 73
   -45
 74
   -45
  0
VERTEX
  5
572
330
503
100
AcDbEntity
  8
9
 62
   222
100
AcDbFaceRecord
 10
0.0
 20
0.0
 30
0.0
 70
   128
 71
   -27
 72
    45
 73
   -43
 74
   -43
  0
VERTEX
  5
573
330
503
100
AcDbEntity
  8
9
 62
   222
100
AcDbFaceRecord
 10
0.0
 20
0.0
 30
0.0
 70
   128
 71
   -27
 72
    43
 73
   -41
 74
   -41
  0
VERTEX
  5
574
330
503
100
AcDbEntity
  8
9
 62
   222
100
AcDbFaceRecord
 10
0.0
 20
0.0
 30
0.0
 70
   128
 71
   -27
 72
    41
 73
   -39
 74
   -39
  0
VERTEX
  5
575
330
503
100
AcDbEntity
  8
9
 62
   222
100
AcDbFaceRecord
 10
0.0
 20
0.0
 30
0.0
 70
   128
 71
   -27
 72
    39
 73
   -37
 74
   -37
  0
VERTEX
  5
576
330
503
100
AcDbEntity
  8
9
 62
   222
100
AcDbFaceRecord
 10
0.0
 20
0.0
 30
0.0
 70
   128
 71
   -27
 72
    37
 73
   -35
 74
   -35
  0
VERTEX
  5
577
330
503
100
AcDbEntity
  8
9
 62
   222
100
AcDbFaceRecord
 10
0.0
 20
0.0
 30
0.0
 70
   128
 71
   -27
 72
    35
 73
   -33
 74
   -33
  0
VERTEX
  5
578
330
503
100
AcDbEntity
  8
9
 62
   222
100
AcDbFaceRecord
 10
0.0
 20
0.0
 30
0.0
 70
   128
 71
   -27
 72
    33
 73
   -31
 74
   -31
  0
VERTEX
  5
579
330
503
100
AcDbEntity
  8
9
 62
   222
100
AcDbFaceRecord
 10
0.0
 20
0.0
 30
0.0
 70
   128
 71
   -27
 72
    31
 73
    29
 74
    29
  0
VERTEX
  5
57A
330
503
100
AcDbEntity
  8
9
 62
   222
100
AcDbFaceRecord
 10
0.0
 20
0.0
 30
0.0
 70
   128
 71
   -32
 72
    28
 73
    30
 74
    30
  0
VERTEX
  5
57B
330
503
100
AcDbEntity
  8
9
 62
   222
100
AcDbFaceRecord
 10
0.0
 20
0.0
 30
0.0
 70
   128
 71
   -28
 72
   -32
 73
    26
 74
    26
  0
VERTEX
  5
57C
330
503
100
AcDbEntity
  8
9
 62
   222
100
AcDbFaceRecord
 10
0.0
 20
0.0
 30
0.0
 70
   128
 71
   -26
 72
    32
 73
   -34
 74
   -34
  0
VERTEX
  5
57D
330
503
100
AcDbEntity
  8
9
 62
   222
100
AcDbFaceRecord
 10
0.0
 20
0.0
 30
0.0
 70
   128
 71
   -26
 72
    34
 73
   -36
 74
   -36
  0
VERTEX
  5
57E
330
503
100
AcDbEntity
  8
9
 62
   222
100
AcDbFaceRecord
 10
0.0
 20
0.0
 30
0.0
 70
   128
 71
   -26
 72
    36
 73
   -38
 74
   -38
  0
VERTEX
  5
57F
330
503
100
AcDbEntity
  8
9
 62
   222
100
AcDbFaceRecord
 10
0.0
 20
0.0
 30
0.0
 70
   128
 71
   -26
 72
    38
 73
   -40
 74
   -40
  0
VERTEX
  5
580
330
503
100
AcDbEntity
  8
9
 62
   222
100
AcDbFaceRecord
 10
0.0
 20
0.0
 30
0.0
 70
   128
 71
   -26
 72
    40
 73
   -42
 74
   -42
  0
VERTEX
  5
581
330
503
100
AcDbEntity
  8
9
 62
   222
100
AcDbFaceRecord
 10
0.0
 20
0.0
 30
0.0
 70
   128
 71
   -26
 72
    42
 73
   -44
 74
   -44
  0
VERTEX
  5
582
330
503
100
AcDbEntity
  8
9
 62
   222
100
AcDbFaceRecord
 10
0.0
 20
0.0
 30
0.0
 70
   128
 71
   -26
 72
    44
 73
   -46
 74
   -46
  0
VERTEX
  5
583
330
503
100
AcDbEntity
  8
9
 62
   222
100
AcDbFaceRecord
 10
0.0
 20
0.0
 30
0.0
 70
   128
 71
   -26
 72
    46
 73
   -48
 74
   -48
  0
VERTEX
  5
584
330
503
100
AcDbEntity
  8
9
 62
   222
100
AcDbFaceRecord
 10
0.0
 20
0.0
 30
0.0
 70
   128
 71
   -26
 72
    48
 73
    -4
 74
    -4
  0
VERTEX
  5
585
330
503
100
AcDbEntity
  8
9
 62
   222
100
AcDbFaceRecord
 10
0.0
 20
0.0
 30
0.0
 70
   128
 71
   -26
 72
    -4
 73
    -6
 74
    -6
  0
VERTEX
  5
586
330
503
100
AcDbEntity
  8
9
 62
   222
100
AcDbFaceRecord
 10
0.0
 20
0.0
 30
0.0
 70
   128
 71
    -6
 72
     4
 73
     3
 74
     3
  0
VERTEX
  5
587
330
503
100
AcDbEntity
  8
9
 62
   222
100
AcDbFaceRecord
 10
0.0
 20
0.0
 30
0.0
 70
   128
 71
   -26
 72
     6
 73
    -8
 74
    -8
  0
VERTEX
  5
588
330
503
100
AcDbEntity
  8
9
 62
   222
100
AcDbFaceRecord
 10
0.0
 20
0.0
 30
0.0
 70
   128
 71
   -26
 72
     8
 73
   -10
 74
   -10
  0
VERTEX
  5
589
330
503
100
AcDbEntity
  8
9
 62
   222
100
AcDbFaceRecord
 10
0.0
 20
0.0
 30
0.0
 70
   128
 71
   -26
 72
    10
 73
   -12
 74
   -12
  0
VERTEX
  5
58A
330
503
100
AcDbEntity
  8
9
 62
   222
100
AcDbFaceRecord
 10
0.0
 20
0.0
 30
0.0
 70
   128
 71
   -26
 72
    12
 73
   -14
 74
   -14
  0
VERTEX
  5
58B
330
503
100
AcDbEntity
  8
9
 62
   222
100
AcDbFaceRecord
 10
0.0
 20
0.0
 30
0.0
 70
   128
 71
   -26
 72
    14
 73
   -16
 74
   -16
  0
VERTEX
  5
58C
330
503
100
AcDbEntity
  8
9
 62
   222
100
AcDbFaceRecord
 10
0.0
 20
0.0
 30
0.0
 70
   128
 71
   -26
 72
    16
 73
   -18
 74
   -18
  0
VERTEX
  5
58D
330
503
100
AcDbEntity
  8
9
 62
   222
100
AcDbFaceRecord
 10
0.0
 20
0.0
 30
0.0
 70
   128
 71
   -26
 72
    18
 73
   -20
 74
   -20
  0
VERTEX
  5
58E
330
503
100
AcDbEntity
  8
9
 62
   222
100
AcDbFaceRecord
 10
0.0
 20
0.0
 30
0.0
 70
   128
 71
   -26
 72
    20
 73
   -22
 74
   -22
  0
VERTEX
  5
58F
330
503
100
AcDbEntity
  8
9
 62
   222
100
AcDbFaceRecord
 10
0.0
 20
0.0
 30
0.0
 70
   128
 71
   -26
 72
    22
 73
    24
 74
    24
  0
SEQEND
  5
590
330
503
100
AcDbEntity
  8
9
 62
   222
  0
POLYLINE
  5
591
330
1F
100
AcDbEntity
  8
1
 62
   251
420
  6710886
100
AcDbPolyFaceMesh
 66
     1
 10
0.0
 20
0.0
 30
0.0
 70
    64
 71
     8
 72
    12
1001
TeklaStructures
1000
ID
1000
128052456
  0
VERTEX
  5
592
330
591
100
AcDbEntity
  8
1
 62
   251
100
AcDbVertex
100
AcDbPolyFaceMeshVertex
 10
32615.99599889972
 20
8943.998145803442
 30
20250.0
 70
   192
  0
VERTEX
  5
593
330
591
100
AcDbEntity
  8
1
 62
   251
100
AcDbVertex
100
AcDbPolyFaceMeshVertex
 10
32615.99599889972
 20
8943.998145803442
 30
20300.0
 70
   192
  0
VERTEX
  5
594
330
591
100
AcDbEntity
  8
1
 62
   251
100
AcDbVertex
100
AcDbPolyFaceMeshVertex
 10
32983.99599879793
 20
8943.989466155444
 30
20300.0
 70
   192
  0
VERTEX
  5
595
330
591
100
AcDbEntity
  8
1
 62
   251
100
AcDbVertex
100
AcDbPolyFaceMeshVertex
 10
32983.99599879793
 20
8943.989466155444
 30
20250.0
 70
   192
  0
VERTEX
  5
596
330
591
100
AcDbEntity
  8
1
 62
   251
100
AcDbVertex
100
AcDbPolyFaceMeshVertex
 10
32615.99665930772
 20
8971.998145795653
 30
20300.0
 70
   192
  0
VERTEX
  5
597
330
591
100
AcDbEntity
  8
1
 62
   251
100
AcDbVertex
100
AcDbPolyFaceMeshVertex
 10
32983.99665920592
 20
8971.989466147656
 30
20300.0
 70
   192
  0
VERTEX
  5
598
330
591
100
AcDbEntity
  8
1
 62
   251
100
AcDbVertex
100
AcDbPolyFaceMeshVertex
 10
32615.99665930772
 20
8971.998145795653
 30
20250.0
 70
   192
  0
VERTEX
  5
599
330
591
100
AcDbEntity
  8
1
 62
   251
100
AcDbVertex
100
AcDbPolyFaceMeshVertex
 10
32983.99665920592
 20
8971.989466147656
 30
20250.0
 70
   192
  0
VERTEX
  5
59A
330
591
100
AcDbEntity
  8
1
 62
   251
100
AcDbFaceRecord
 10
0.0
 20
0.0
 30
0.0
 70
   128
 71
     1
 72
     2
 73
    -3
 74
    -3
  0
VERTEX
  5
59B
330
591
100
AcDbEntity
  8
1
 62
   251
100
AcDbFaceRecord
 10
0.0
 20
0.0
 30
0.0
 70
   128
 71
    -1
 72
     3
 73
     4
 74
     4
  0
VERTEX
  5
59C
330
591
100
AcDbEntity
  8
1
 62
   251
100
AcDbFaceRecord
 10
0.0
 20
0.0
 30
0.0
 70
   128
 71
     2
 72
     5
 73
    -6
 74
    -6
  0
VERTEX
  5
59D
330
591
100
AcDbEntity
  8
1
 62
   251
100
AcDbFaceRecord
 10
0.0
 20
0.0
 30
0.0
 70
   128
 71
    -2
 72
     6
 73
     3
 74
     3
  0
VERTEX
  5
59E
330
591
100
AcDbEntity
  8
1
 62
   251
100
AcDbFaceRecord
 10
0.0
 20
0.0
 30
0.0
 70
   128
 71
     5
 72
     7
 73
    -8
 74
    -8
  0
VERTEX
  5
59F
330
591
100
AcDbEntity
  8
1
 62
   251
100
AcDbFaceRecord
 10
0.0
 20
0.0
 30
0.0
 70
   128
 71
    -5
 72
     8
 73
     6
 74
     6
  0
VERTEX
  5
5A0
330
591
100
AcDbEntity
  8
1
 62
   251
100
AcDbFaceRecord
 10
0.0
 20
0.0
 30
0.0
 70
   128
 71
     7
 72
     1
 73
    -4
 74
    -4
  0
VERTEX
  5
5A1
330
591
100
AcDbEntity
  8
1
 62
   251
100
AcDbFaceRecord
 10
0.0
 20
0.0
 30
0.0
 70
   128
 71
    -7
 72
     4
 73
     8
 74
     8
  0
VERTEX
  5
5A2
330
591
100
AcDbEntity
  8
1
 62
   251
100
AcDbFaceRecord
 10
0.0
 20
0.0
 30
0.0
 70
   128
 71
     2
 72
     1
 73
    -7
 74
    -7
  0
VERTEX
  5
5A3
330
591
100
AcDbEntity
  8
1
 62
   251
100
AcDbFaceRecord
 10
0.0
 20
0.0
 30
0.0
 70
   128
 71
    -2
 72
     7
 73
     5
 74
     5
  0
VERTEX
  5
5A4
330
591
100
AcDbEntity
  8
1
 62
   251
100
AcDbFaceRecord
 10
0.0
 20
0.0
 30
0.0
 70
   128
 71
     4
 72
     3
 73
    -6
 74
    -6
  0
VERTEX
  5
5A5
330
591
100
AcDbEntity
  8
1
 62
   251
100
AcDbFaceRecord
 10
0.0
 20
0.0
 30
0.0
 70
   128
 71
    -4
 72
     6
 73
     8
 74
     8
  0
SEQEND
  5
5A6
330
591
100
AcDbEntity
  8
1
 62
   251
  0
POLYLINE
  5
5A7
330
1F
100
AcDbEntity
  8
1
 62
   251
420
  6710886
100
AcDbPolyFaceMesh
 66
     1
 10
0.0
 20
0.0
 30
0.0
 70
    64
 71
     8
 72
    12
1001
TeklaStructures
1000
ID
1000
128052463
  0
VERTEX
  5
5A8
330
5A7
100
AcDbEntity
  8
1
 62
   251
100
AcDbVertex
100
AcDbPolyFaceMeshVertex
 10
32615.99599932258
 20
8987.998423624125
 30
20250.0
 70
   192
  0
VERTEX
  5
5A9
330
5A7
100
AcDbEntity
  8
1
 62
   251
100
AcDbVertex
100
AcDbPolyFaceMeshVertex
 10
32615.99599932258
 20
8987.998423624125
 30
20300.0
 70
   192
  0
VERTEX
  5
5AA
330
5A7
100
AcDbEntity
  8
1
 62
   251
100
AcDbVertex
100
AcDbPolyFaceMeshVertex
 10
32983.99599922078
 20
8987.989743976128
 30
20300.0
 70
   192
  0
VERTEX
  5
5AB
330
5A7
100
AcDbEntity
  8
1
 62
   251
100
AcDbVertex
100
AcDbPolyFaceMeshVertex
 10
32983.99599922078
 20
8987.989743976128
 30
20250.0
 70
   192
  0
VERTEX
  5
5AC
330
5A7
100
AcDbEntity
  8
1
 62
   251
100
AcDbVertex
100
AcDbPolyFaceMeshVertex
 10
32615.99665973058
 20
9015.998423616336
 30
20300.0
 70
   192
  0
VERTEX
  5
5AD
330
5A7
100
AcDbEntity
  8
1
 62
   251
100
AcDbVertex
100
AcDbPolyFaceMeshVertex
 10
32983.99665962878
 20
9015.98974396834
 30
20300.0
 70
   192
  0
VERTEX
  5
5AE
330
5A7
100
AcDbEntity
  8
1
 62
   251
100
AcDbVertex
100
AcDbPolyFaceMeshVertex
 10
32615.99665973058
 20
9015.998423616336
 30
20250.0
 70
   192
  0
VERTEX
  5
5AF
330
5A7
100
AcDbEntity
  8
1
 62
   251
100
AcDbVertex
100
AcDbPolyFaceMeshVertex
 10
32983.99665962878
 20
9015.98974396834
 30
20250.0
 70
   192
  0
VERTEX
  5
5B0
330
5A7
100
AcDbEntity
  8
1
 62
   251
100
AcDbFaceRecord
 10
0.0
 20
0.0
 30
0.0
 70
   128
 71
     1
 72
     2
 73
    -3
 74
    -3
  0
VERTEX
  5
5B1
330
5A7
100
AcDbEntity
  8
1
 62
   251
100
AcDbFaceRecord
 10
0.0
 20
0.0
 30
0.0
 70
   128
 71
    -1
 72
     3
 73
     4
 74
     4
  0
VERTEX
  5
5B2
330
5A7
100
AcDbEntity
  8
1
 62
   251
100
AcDbFaceRecord
 10
0.0
 20
0.0
 30
0.0
 70
   128
 71
     2
 72
     5
 73
    -6
 74
    -6
  0
VERTEX
  5
5B3
330
5A7
100
AcDbEntity
  8
1
 62
   251
100
AcDbFaceRecord
 10
0.0
 20
0.0
 30
0.0
 70
   128
 71
    -2
 72
     6
 73
     3
 74
     3
  0
VERTEX
  5
5B4
330
5A7
100
AcDbEntity
  8
1
 62
   251
100
AcDbFaceRecord
 10
0.0
 20
0.0
 30
0.0
 70
   128
 71
     5
 72
     7
 73
    -8
 74
    -8
  0
VERTEX
  5
5B5
330
5A7
100
AcDbEntity
  8
1
 62
   251
100
AcDbFaceRecord
 10
0.0
 20
0.0
 30
0.0
 70
   128
 71
    -5
 72
     8
 73
     6
 74
     6
  0
VERTEX
  5
5B6
330
5A7
100
AcDbEntity
  8
1
 62
   251
100
AcDbFaceRecord
 10
0.0
 20
0.0
 30
0.0
 70
   128
 71
     7
 72
     1
 73
    -4
 74
    -4
  0
VERTEX
  5
5B7
330
5A7
100
AcDbEntity
  8
1
 62
   251
100
AcDbFaceRecord
 10
0.0
 20
0.0
 30
0.0
 70
   128
 71
    -7
 72
     4
 73
     8
 74
     8
  0
VERTEX
  5
5B8
330
5A7
100
AcDbEntity
  8
1
 62
   251
100
AcDbFaceRecord
 10
0.0
 20
0.0
 30
0.0
 70
   128
 71
     2
 72
     1
 73
    -7
 74
    -7
  0
VERTEX
  5
5B9
330
5A7
100
AcDbEntity
  8
1
 62
   251
100
AcDbFaceRecord
 10
0.0
 20
0.0
 30
0.0
 70
   128
 71
    -2
 72
     7
 73
     5
 74
     5
  0
VERTEX
  5
5BA
330
5A7
100
AcDbEntity
  8
1
 62
   251
100
AcDbFaceRecord
 10
0.0
 20
0.0
 30
0.0
 70
   128
 71
     4
 72
     3
 73
    -6
 74
    -6
  0
VERTEX
  5
5BB
330
5A7
100
AcDbEntity
  8
1
 62
   251
100
AcDbFaceRecord
 10
0.0
 20
0.0
 30
0.0
 70
   128
 71
    -4
 72
     6
 73
     8
 74
     8
  0
SEQEND
  5
5BC
330
5A7
100
AcDbEntity
  8
1
 62
   251
  0
POLYLINE
  5
5BD
330
1F
100
AcDbEntity
  8
99
 62
   251
420
  6710886
100
AcDbPolyFaceMesh
 66
     1
 10
0.0
 20
0.0
 30
0.0
 70
    64
 71
    12
 72
    20
1001
TeklaStructures
1000
ID
1000
128052470
  0
VERTEX
  5
5BE
330
5BD
100
AcDbEntity
  8
99
 62
   251
100
AcDbVertex
100
AcDbPolyFaceMeshVertex
 10
33099.9966770021
 20
8995.997551943889
 30
21030.0
 70
   192
  0
VERTEX
  5
5BF
330
5BD
100
AcDbEntity
  8
99
 62
   251
100
AcDbVertex
100
AcDbPolyFaceMeshVertex
 10
33099.9966822536
 20
9099.99752142631
 30
21030.0
 70
   192
  0
VERTEX
  5
5C0
330
5BD
100
AcDbEntity
  8
99
 62
   251
100
AcDbVertex
100
AcDbPolyFaceMeshVertex
 10
33099.9966822536
 20
9099.99752142631
 30
21010.0
 70
   192
  0
VERTEX
  5
5C1
330
5BD
100
AcDbEntity
  8
99
 62
   251
100
AcDbVertex
100
AcDbPolyFaceMeshVertex
 10
33099.9966770021
 20
8995.997551943889
 30
21010.0
 70
   192
  0
VERTEX
  5
5C2
330
5BD
100
AcDbEntity
  8
99
 62
   251
100
AcDbVertex
100
AcDbPolyFaceMeshVertex
 10
32499.99666605552
 20
9099.997557943889
 30
21030.0
 70
   192
  0
VERTEX
  5
5C3
330
5BD
100
AcDbEntity
  8
99
 62
   251
100
AcDbVertex
100
AcDbPolyFaceMeshVertex
 10
32499.99666605552
 20
9099.997557943889
 30
21010.0
 70
   192
  0
VERTEX
  5
5C4
330
5BD
100
AcDbEntity
  8
99
 62
   251
100
AcDbVertex
100
AcDbPolyFaceMeshVertex
 10
32499.98923825766
 20
8995.99755718923
 30
21030.0
 70
   192
  0
VERTEX
  5
5C5
330
5BD
100
AcDbEntity
  8
99
 62
   251
100
AcDbVertex
100
AcDbPolyFaceMeshVertex
 10
32499.98923825766
 20
8995.99755718923
 30
21010.0
 70
   192
  0
VERTEX
  5
5C6
330
5BD
100
AcDbEntity
  8
99
 62
   251
100
AcDbVertex
100
AcDbPolyFaceMeshVertex
 10
32573.9680976024
 20
8699.997557204175
 30
21030.0
 70
   192
  0
VERTEX
  5
5C7
330
5BD
100
AcDbEntity
  8
99
 62
   251
100
AcDbVertex
100
AcDbPolyFaceMeshVertex
 10
32573.9680976024
 20
8699.997557204175
 30
21010.0
 70
   192
  0
VERTEX
  5
5C8
330
5BD
100
AcDbEntity
  8
99
 62
   251
100
AcDbVertex
100
AcDbPolyFaceMeshVertex
 10
33025.99666205552
 20
8699.997552683888
 30
21030.0
 70
   192
  0
VERTEX
  5
5C9
330
5BD
100
AcDbEntity
  8
99
 62
   251
100
AcDbVertex
100
AcDbPolyFaceMeshVertex
 10
33025.99666205552
 20
8699.997552683888
 30
21010.0
 70
   192
  0
VERTEX
  5
5CA
330
5BD
100
AcDbEntity
  8
99
 62
   251
100
AcDbFaceRecord
 10
0.0
 20
0.0
 30
0.0
 70
   128
 71
     1
 72
     2
 73
    -3
 74
    -3
  0
VERTEX
  5
5CB
330
5BD
100
AcDbEntity
  8
99
 62
   251
100
AcDbFaceRecord
 10
0.0
 20
0.0
 30
0.0
 70
   128
 71
    -1
 72
     3
 73
     4
 74
     4
  0
VERTEX
  5
5CC
330
5BD
100
AcDbEntity
  8
99
 62
   251
100
AcDbFaceRecord
 10
0.0
 20
0.0
 30
0.0
 70
   128
 71
     2
 72
     5
 73
    -6
 74
    -6
  0
VERTEX
  5
5CD
330
5BD
100
AcDbEntity
  8
99
 62
   251
100
AcDbFaceRecord
 10
0.0
 20
0.0
 30
0.0
 70
   128
 71
    -2
 72
     6
 73
     3
 74
     3
  0
VERTEX
  5
5CE
330
5BD
100
AcDbEntity
  8
99
 62
   251
100
AcDbFaceRecord
 10
0.0
 20
0.0
 30
0.0
 70
   128
 71
     5
 72
     7
 73
    -8
 74
    -8
  0
VERTEX
  5
5CF
330
5BD
100
AcDbEntity
  8
99
 62
   251
100
AcDbFaceRecord
 10
0.0
 20
0.0
 30
0.0
 70
   128
 71
    -5
 72
     8
 73
     6
 74
     6
  0
VERTEX
  5
5D0
330
5BD
100
AcDbEntity
  8
99
 62
   251
100
AcDbFaceRecord
 10
0.0
 20
0.0
 30
0.0
 70
   128
 71
     7
 72
     9
 73
   -10
 74
   -10
  0
VERTEX
  5
5D1
330
5BD
100
AcDbEntity
  8
99
 62
   251
100
AcDbFaceRecord
 10
0.0
 20
0.0
 30
0.0
 70
   128
 71
    -7
 72
    10
 73
     8
 74
     8
  0
VERTEX
  5
5D2
330
5BD
100
AcDbEntity
  8
99
 62
   251
100
AcDbFaceRecord
 10
0.0
 20
0.0
 30
0.0
 70
   128
 71
     9
 72
    11
 73
   -12
 74
   -12
  0
VERTEX
  5
5D3
330
5BD
100
AcDbEntity
  8
99
 62
   251
100
AcDbFaceRecord
 10
0.0
 20
0.0
 30
0.0
 70
   128
 71
    -9
 72
    12
 73
    10
 74
    10
  0
VERTEX
  5
5D4
330
5BD
100
AcDbEntity
  8
99
 62
   251
100
AcDbFaceRecord
 10
0.0
 20
0.0
 30
0.0
 70
   128
 71
    11
 72
     1
 73
    -4
 74
    -4
  0
VERTEX
  5
5D5
330
5BD
100
AcDbEntity
  8
99
 62
   251
100
AcDbFaceRecord
 10
0.0
 20
0.0
 30
0.0
 70
   128
 71
   -11
 72
     4
 73
    12
 74
    12
  0
VERTEX
  5
5D6
330
5BD
100
AcDbEntity
  8
99
 62
   251
100
AcDbFaceRecord
 10
0.0
 20
0.0
 30
0.0
 70
   128
 71
    -2
 72
     7
 73
     5
 74
     5
  0
VERTEX
  5
5D7
330
5BD
100
AcDbEntity
  8
99
 62
   251
100
AcDbFaceRecord
 10
0.0
 20
0.0
 30
0.0
 70
   128
 71
    -7
 72
     2
 73
    -1
 74
    -1
  0
VERTEX
  5
5D8
330
5BD
100
AcDbEntity
  8
99
 62
   251
100
AcDbFaceRecord
 10
0.0
 20
0.0
 30
0.0
 70
   128
 71
    -7
 72
     1
 73
   -11
 74
   -11
  0
VERTEX
  5
5D9
330
5BD
100
AcDbEntity
  8
99
 62
   251
100
AcDbFaceRecord
 10
0.0
 20
0.0
 30
0.0
 70
   128
 71
    -7
 72
    11
 73
     9
 74
     9
  0
VERTEX
  5
5DA
330
5BD
100
AcDbEntity
  8
99
 62
   251
100
AcDbFaceRecord
 10
0.0
 20
0.0
 30
0.0
 70
   128
 71
   -12
 72
     8
 73
    10
 74
    10
  0
VERTEX
  5
5DB
330
5BD
100
AcDbEntity
  8
99
 62
   251
100
AcDbFaceRecord
 10
0.0
 20
0.0
 30
0.0
 70
   128
 71
    -8
 72
    12
 73
    -4
 74
    -4
  0
VERTEX
  5
5DC
330
5BD
100
AcDbEntity
  8
99
 62
   251
100
AcDbFaceRecord
 10
0.0
 20
0.0
 30
0.0
 70
   128
 71
    -8
 72
    -4
 73
     6
 74
     6
  0
VERTEX
  5
5DD
330
5BD
100
AcDbEntity
  8
99
 62
   251
100
AcDbFaceRecord
 10
0.0
 20
0.0
 30
0.0
 70
   128
 71
    -6
 72
     4
 73
     3
 74
     3
  0
SEQEND
  5
5DE
330
5BD
100
AcDbEntity
  8
99
 62
   251
  0
POLYLINE
  5
5DF
330
1F
100
AcDbEntity
  8
99
 62
   251
420
  6710886
100
AcDbPolyFaceMesh
 66
     1
 10
0.0
 20
0.0
 30
0.0
 70
    64
 71
    12
 72
    20
1001
TeklaStructures
1000
ID
1000
128052478
  0
VERTEX
  5
5E0
330
5DF
100
AcDbEntity
  8
99
 62
   251
100
AcDbVertex
100
AcDbPolyFaceMeshVertex
 10
33099.9966770021
 20
8995.997551943889
 30
20250.0
 70
   192
  0
VERTEX
  5
5E1
330
5DF
100
AcDbEntity
  8
99
 62
   251
100
AcDbVertex
100
AcDbPolyFaceMeshVertex
 10
33099.9966822536
 20
9099.99752142631
 30
20250.0
 70
   192
  0
VERTEX
  5
5E2
330
5DF
100
AcDbEntity
  8
99
 62
   251
100
AcDbVertex
100
AcDbPolyFaceMeshVertex
 10
33099.9966822536
 20
9099.99752142631
 30
20230.0
 70
   192
  0
VERTEX
  5
5E3
330
5DF
100
AcDbEntity
  8
99
 62
   251
100
AcDbVertex
100
AcDbPolyFaceMeshVertex
 10
33099.9966770021
 20
8995.997551943889
 30
20230.0
 70
   192
  0
VERTEX
  5
5E4
330
5DF
100
AcDbEntity
  8
99
 62
   251
100
AcDbVertex
100
AcDbPolyFaceMeshVertex
 10
32499.99666605552
 20
9099.997557943889
 30
20250.0
 70
   192
  0
VERTEX
  5
5E5
330
5DF
100
AcDbEntity
  8
99
 62
   251
100
AcDbVertex
100
AcDbPolyFaceMeshVertex
 10
32499.99666605552
 20
9099.997557943889
 30
20230.0
 70
   192
  0
VERTEX
  5
5E6
330
5DF
100
AcDbEntity
  8
99
 62
   251
100
AcDbVertex
100
AcDbPolyFaceMeshVertex
 10
32499.98923825766
 20
8995.99755718923
 30
20250.0
 70
   192
  0
VERTEX
  5
5E7
330
5DF
100
AcDbEntity
  8
99
 62
   251
100
AcDbVertex
100
AcDbPolyFaceMeshVertex
 10
32499.98923825766
 20
8995.99755718923
 30
20230.0
 70
   192
  0
VERTEX
  5
5E8
330
5DF
100
AcDbEntity
  8
99
 62
   251
100
AcDbVertex
100
AcDbPolyFaceMeshVertex
 10
32573.9680976024
 20
8699.997557204175
 30
20250.0
 70
   192
  0
VERTEX
  5
5E9
330
5DF
100
AcDbEntity
  8
99
 62
   251
100
AcDbVertex
100
AcDbPolyFaceMeshVertex
 10
32573.9680976024
 20
8699.997557204175
 30
20230.0
 70
   192
  0
VERTEX
  5
5EA
330
5DF
100
AcDbEntity
  8
99
 62
   251
100
AcDbVertex
100
AcDbPolyFaceMeshVertex
 10
33025.99666205552
 20
8699.997552683888
 30
20250.0
 70
   192
  0
VERTEX
  5
5EB
330
5DF
100
AcDbEntity
  8
99
 62
   251
100
AcDbVertex
100
AcDbPolyFaceMeshVertex
 10
33025.99666205552
 20
8699.997552683888
 30
20230.0
 70
   192
  0
VERTEX
  5
5EC
330
5DF
100
AcDbEntity
  8
99
 62
   251
100
AcDbFaceRecord
 10
0.0
 20
0.0
 30
0.0
 70
   128
 71
     1
 72
     2
 73
    -3
 74
    -3
  0
VERTEX
  5
5ED
330
5DF
100
AcDbEntity
  8
99
 62
   251
100
AcDbFaceRecord
 10
0.0
 20
0.0
 30
0.0
 70
   128
 71
    -1
 72
     3
 73
     4
 74
     4
  0
VERTEX
  5
5EE
330
5DF
100
AcDbEntity
  8
99
 62
   251
100
AcDbFaceRecord
 10
0.0
 20
0.0
 30
0.0
 70
   128
 71
     2
 72
     5
 73
    -6
 74
    -6
  0
VERTEX
  5
5EF
330
5DF
100
AcDbEntity
  8
99
 62
   251
100
AcDbFaceRecord
 10
0.0
 20
0.0
 30
0.0
 70
   128
 71
    -2
 72
     6
 73
     3
 74
     3
  0
VERTEX
  5
5F0
330
5DF
100
AcDbEntity
  8
99
 62
   251
100
AcDbFaceRecord
 10
0.0
 20
0.0
 30
0.0
 70
   128
 71
     5
 72
     7
 73
    -8
 74
    -8
  0
VERTEX
  5
5F1
330
5DF
100
AcDbEntity
  8
99
 62
   251
100
AcDbFaceRecord
 10
0.0
 20
0.0
 30
0.0
 70
   128
 71
    -5
 72
     8
 73
     6
 74
     6
  0
VERTEX
  5
5F2
330
5DF
100
AcDbEntity
  8
99
 62
   251
100
AcDbFaceRecord
 10
0.0
 20
0.0
 30
0.0
 70
   128
 71
     7
 72
     9
 73
   -10
 74
   -10
  0
VERTEX
  5
5F3
330
5DF
100
AcDbEntity
  8
99
 62
   251
100
AcDbFaceRecord
 10
0.0
 20
0.0
 30
0.0
 70
   128
 71
    -7
 72
    10
 73
     8
 74
     8
  0
VERTEX
  5
5F4
330
5DF
100
AcDbEntity
  8
99
 62
   251
100
AcDbFaceRecord
 10
0.0
 20
0.0
 30
0.0
 70
   128
 71
     9
 72
    11
 73
   -12
 74
   -12
  0
VERTEX
  5
5F5
330
5DF
100
AcDbEntity
  8
99
 62
   251
100
AcDbFaceRecord
 10
0.0
 20
0.0
 30
0.0
 70
   128
 71
    -9
 72
    12
 73
    10
 74
    10
  0
VERTEX
  5
5F6
330
5DF
100
AcDbEntity
  8
99
 62
   251
100
AcDbFaceRecord
 10
0.0
 20
0.0
 30
0.0
 70
   128
 71
    11
 72
     1
 73
    -4
 74
    -4
  0
VERTEX
  5
5F7
330
5DF
100
AcDbEntity
  8
99
 62
   251
100
AcDbFaceRecord
 10
0.0
 20
0.0
 30
0.0
 70
   128
 71
   -11
 72
     4
 73
    12
 74
    12
  0
VERTEX
  5
5F8
330
5DF
100
AcDbEntity
  8
99
 62
   251
100
AcDbFaceRecord
 10
0.0
 20
0.0
 30
0.0
 70
   128
 71
    -2
 72
     7
 73
     5
 74
     5
  0
VERTEX
  5
5F9
330
5DF
100
AcDbEntity
  8
99
 62
   251
100
AcDbFaceRecord
 10
0.0
 20
0.0
 30
0.0
 70
   128
 71
    -7
 72
     2
 73
    -1
 74
    -1
  0
VERTEX
  5
5FA
330
5DF
100
AcDbEntity
  8
99
 62
   251
100
AcDbFaceRecord
 10
0.0
 20
0.0
 30
0.0
 70
   128
 71
    -7
 72
     1
 73
   -11
 74
   -11
  0
VERTEX
  5
5FB
330
5DF
100
AcDbEntity
  8
99
 62
   251
100
AcDbFaceRecord
 10
0.0
 20
0.0
 30
0.0
 70
   128
 71
    -7
 72
    11
 73
     9
 74
     9
  0
VERTEX
  5
5FC
330
5DF
100
AcDbEntity
  8
99
 62
   251
100
AcDbFaceRecord
 10
0.0
 20
0.0
 30
0.0
 70
   128
 71
   -12
 72
     8
 73
    10
 74
    10
  0
VERTEX
  5
5FD
330
5DF
100
AcDbEntity
  8
99
 62
   251
100
AcDbFaceRecord
 10
0.0
 20
0.0
 30
0.0
 70
   128
 71
    -8
 72
    12
 73
    -4
 74
    -4
  0
VERTEX
  5
5FE
330
5DF
100
AcDbEntity
  8
99
 62
   251
100
AcDbFaceRecord
 10
0.0
 20
0.0
 30
0.0
 70
   128
 71
    -8
 72
    -4
 73
     6
 74
     6
  0
VERTEX
  5
5FF
330
5DF
100
AcDbEntity
  8
99
 62
   251
100
AcDbFaceRecord
 10
0.0
 20
0.0
 30
0.0
 70
   128
 71
    -6
 72
     4
 73
     3
 74
     3
  0
SEQEND
  5
600
330
5DF
100
AcDbEntity
  8
99
 62
   251
  0
POLYLINE
  5
601
330
1F
100
AcDbEntity
  8
2
 62
    28
420
  6689812
100
AcDbPolyFaceMesh
 66
     1
 10
0.0
 20
0.0
 30
0.0
 70
    64
 71
    48
 72
    92
1001
TeklaStructures
1000
ID
1000
128052725
  0
VERTEX
  5
602
330
601
100
AcDbEntity
  8
2
 62
    28
100
AcDbVertex
100
AcDbPolyFaceMeshVertex
 10
32537.55290454281
 20
8902.999474200287
 30
20253.00004921774
 70
   192
  0
VERTEX
  5
603
330
601
100
AcDbEntity
  8
2
 62
    28
100
AcDbVertex
100
AcDbPolyFaceMeshVertex
 10
32537.55286324575
 20
8902.120829347492
 30
20250.8787144587
 70
   192
  0
VERTEX
  5
604
330
601
100
AcDbEntity
  8
2
 62
    28
100
AcDbVertex
100
AcDbPolyFaceMeshVertex
 10
32587.55286257007
 20
8902.11847931872
 30
20250.87871445869
 70
   192
  0
VERTEX
  5
605
330
601
100
AcDbEntity
  8
2
 62
    28
100
AcDbVertex
100
AcDbPolyFaceMeshVertex
 10
32587.55290386689
 20
8902.99712417169
 30
20253.00004921758
 70
   192
  0
VERTEX
  5
606
330
601
100
AcDbEntity
  8
2
 62
    28
100
AcDbVertex
100
AcDbPolyFaceMeshVertex
 10
32537.55276354315
 20
8899.999523422179
 30
20249.99999999999
 70
   192
  0
VERTEX
  5
607
330
601
100
AcDbEntity
  8
2
 62
    28
100
AcDbVertex
100
AcDbPolyFaceMeshVertex
 10
32587.55276286747
 20
8899.997173393407
 30
20249.99999999998
 70
   192
  0
VERTEX
  5
608
330
601
100
AcDbEntity
  8
2
 62
    28
100
AcDbVertex
100
AcDbPolyFaceMeshVertex
 10
32537.5526638392
 20
8897.878188665629
 30
20250.87864485393
 70
   192
  0
VERTEX
  5
609
330
601
100
AcDbEntity
  8
2
 62
    28
100
AcDbVertex
100
AcDbPolyFaceMeshVertex
 10
32587.55266316351
 20
8897.875838636857
 30
20250.87864485392
 70
   192
  0
VERTEX
  5
60A
330
601
100
AcDbEntity
  8
2
 62
    28
100
AcDbVertex
100
AcDbPolyFaceMeshVertex
 10
32537.55262253911
 20
8896.999474207896
 30
20252.99995078159
 70
   192
  0
VERTEX
  5
60B
330
601
100
AcDbEntity
  8
2
 62
    28
100
AcDbVertex
100
AcDbPolyFaceMeshVertex
 10
32587.55262186343
 20
8896.997124179125
 30
20252.99995078158
 70
   192
  0
VERTEX
  5
60C
330
601
100
AcDbEntity
  8
2
 62
    28
100
AcDbVertex
100
AcDbPolyFaceMeshVertex
 10
32537.55266383592
 20
8897.878119060866
 30
20255.12128554048
 70
   192
  0
VERTEX
  5
60D
330
601
100
AcDbEntity
  8
2
 62
    28
100
AcDbVertex
100
AcDbPolyFaceMeshVertex
 10
32587.55266316024
 20
8897.875769032094
 30
20255.12128554047
 70
   192
  0
VERTEX
  5
60E
330
601
100
AcDbEntity
  8
2
 62
    28
100
AcDbVertex
100
AcDbPolyFaceMeshVertex
 10
32537.55276353852
 20
8899.99942498618
 30
20255.99999999919
 70
   192
  0
VERTEX
  5
60F
330
601
100
AcDbEntity
  8
2
 62
    28
100
AcDbVertex
100
AcDbPolyFaceMeshVertex
 10
32587.55276286284
 20
8899.997074957408
 30
20255.99999999918
 70
   192
  0
VERTEX
  5
610
330
601
100
AcDbEntity
  8
2
 62
    28
100
AcDbVertex
100
AcDbPolyFaceMeshVertex
 10
32537.55286324248
 20
8902.12075974273
 30
20255.12135514525
 70
   192
  0
VERTEX
  5
611
330
601
100
AcDbEntity
  8
2
 62
    28
100
AcDbVertex
100
AcDbPolyFaceMeshVertex
 10
32587.5528625668
 20
8902.118409713956
 30
20255.12135514524
 70
   192
  0
VERTEX
  5
612
330
601
100
AcDbEntity
  8
2
 62
    28
100
AcDbVertex
100
AcDbPolyFaceMeshVertex
 10
32532.33276251701
 20
8902.12107469505
 30
20252.77859926067
 70
   192
  0
VERTEX
  5
613
330
601
100
AcDbEntity
  8
2
 62
    28
100
AcDbVertex
100
AcDbPolyFaceMeshVertex
 10
32531.76785346698
 20
8899.999795316091
 30
20252.10545031705
 70
   192
  0
VERTEX
  5
614
330
601
100
AcDbEntity
  8
2
 62
    28
100
AcDbVertex
100
AcDbPolyFaceMeshVertex
 10
32533.69632946077
 20
8902.999655461532
 30
20254.40367124838
 70
   192
  0
VERTEX
  5
615
330
601
100
AcDbEntity
  8
2
 62
    28
100
AcDbVertex
100
AcDbPolyFaceMeshVertex
 10
32535.05979527585
 20
8902.120876918181
 30
20256.02872114959
 70
   192
  0
VERTEX
  5
616
330
601
100
AcDbEntity
  8
2
 62
    28
100
AcDbVertex
100
AcDbPolyFaceMeshVertex
 10
32535.62446017959
 20
8899.99951561736
 30
20256.70181677171
 70
   192
  0
VERTEX
  5
617
330
601
100
AcDbEntity
  8
2
 62
    28
100
AcDbVertex
100
AcDbPolyFaceMeshVertex
 10
32535.05955112956
 20
8897.878236238406
 30
20256.02866782807
 70
   192
  0
VERTEX
  5
618
330
601
100
AcDbEntity
  8
2
 62
    28
100
AcDbVertex
100
AcDbPolyFaceMeshVertex
 10
32533.6959841858
 20
8896.99965547192
 30
20254.40359584037
 70
   192
  0
VERTEX
  5
619
330
601
100
AcDbEntity
  8
2
 62
    28
100
AcDbVertex
100
AcDbPolyFaceMeshVertex
 10
32532.33251837072
 20
8897.878434015274
 30
20252.77854593917
 70
   192
  0
VERTEX
  5
61A
330
601
100
AcDbEntity
  8
2
 62
    28
100
AcDbVertex
100
AcDbPolyFaceMeshVertex
 10
32528.68957466936
 20
8899.99993999695
 30
20257.43670770407
 70
   192
  0
VERTEX
  5
61B
330
601
100
AcDbEntity
  8
2
 62
    28
100
AcDbVertex
100
AcDbPolyFaceMeshVertex
 10
32529.5547633314
 20
8897.878564571352
 30
20257.58932756303
 70
   192
  0
VERTEX
  5
61C
330
601
100
AcDbEntity
  8
2
 62
    28
100
AcDbVertex
100
AcDbPolyFaceMeshVertex
 10
32531.64378148655
 20
8896.999751926618
 30
20257.95779658673
 70
   192
  0
VERTEX
  5
61D
330
601
100
AcDbEntity
  8
2
 62
    28
100
AcDbVertex
100
AcDbPolyFaceMeshVertex
 10
32533.73291063159
 20
8897.87829859127
 30
20258.32627061839
 70
   192
  0
VERTEX
  5
61E
330
601
100
AcDbEntity
  8
2
 62
    28
100
AcDbVertex
100
AcDbPolyFaceMeshVertex
 10
32534.59836724689
 20
8899.999563844314
 30
20258.47890256765
 70
   192
  0
VERTEX
  5
61F
330
601
100
AcDbEntity
  8
2
 62
    28
100
AcDbVertex
100
AcDbPolyFaceMeshVertex
 10
32533.73317858485
 20
8902.120939269924
 30
20258.32628270869
 70
   192
  0
VERTEX
  5
620
330
601
100
AcDbEntity
  8
2
 62
    28
100
AcDbVertex
100
AcDbPolyFaceMeshVertex
 10
32531.64416042969
 20
8902.999751914645
 30
20257.95781368499
 70
   192
  0
VERTEX
  5
621
330
601
100
AcDbEntity
  8
2
 62
    28
100
AcDbVertex
100
AcDbPolyFaceMeshVertex
 10
32529.55503128466
 20
8902.121205250001
 30
20257.58933965333
 70
   192
  0
VERTEX
  5
622
330
601
100
AcDbEntity
  8
2
 62
    28
100
AcDbVertex
100
AcDbPolyFaceMeshVertex
 10
32529.75818561072
 20
8899.999889771601
 30
20263.4993949265
 70
   192
  0
VERTEX
  5
623
330
601
100
AcDbEntity
  8
2
 62
    28
100
AcDbVertex
100
AcDbPolyFaceMeshVertex
 10
32530.51904877225
 20
8897.878519249358
 30
20263.0601315711
 70
   192
  0
VERTEX
  5
624
330
601
100
AcDbEntity
  8
2
 62
    28
100
AcDbVertex
100
AcDbPolyFaceMeshVertex
 10
32532.35619462471
 20
8896.999718442778
 30
20261.99962122333
 70
   192
  0
VERTEX
  5
625
330
601
100
AcDbEntity
  8
2
 62
    28
100
AcDbVertex
100
AcDbPolyFaceMeshVertex
 10
32534.19344804375
 20
8897.87827694573
 30
20260.93909646188
 70
   192
  0
VERTEX
  5
626
330
601
100
AcDbEntity
  8
2
 62
    28
100
AcDbVertex
100
AcDbPolyFaceMeshVertex
 10
32534.95457089406
 20
8899.999547102527
 30
20260.49979830878
 70
   192
  0
VERTEX
  5
627
330
601
100
AcDbEntity
  8
2
 62
    28
100
AcDbVertex
100
AcDbPolyFaceMeshVertex
 10
32534.19370773252
 20
8902.120917624776
 30
20260.93906166418
 70
   192
  0
VERTEX
  5
628
330
601
100
AcDbEntity
  8
2
 62
    28
100
AcDbVertex
100
AcDbPolyFaceMeshVertex
 10
32532.3565618798
 20
8902.999718431543
 30
20261.99957201206
 70
   192
  0
VERTEX
  5
629
330
601
100
AcDbEntity
  8
2
 62
    28
100
AcDbVertex
100
AcDbPolyFaceMeshVertex
 10
32530.51930846102
 20
8902.121159928398
 30
20263.0600967734
 70
   192
  0
VERTEX
  5
62A
330
601
100
AcDbEntity
  8
2
 62
    28
100
AcDbVertex
100
AcDbPolyFaceMeshVertex
 10
32547.3545440974
 20
8902.999013517689
 30
20287.98149700035
 70
   192
  0
VERTEX
  5
62B
330
601
100
AcDbEntity
  8
2
 62
    28
100
AcDbVertex
100
AcDbPolyFaceMeshVertex
 10
32545.51729067833
 20
8902.120455014741
 30
20289.04202176181
 70
   192
  0
VERTEX
  5
62C
330
601
100
AcDbEntity
  8
2
 62
    28
100
AcDbVertex
100
AcDbPolyFaceMeshVertex
 10
32544.75616782804
 20
8899.999184857952
 30
20289.48131991491
 70
   192
  0
VERTEX
  5
62D
330
601
100
AcDbEntity
  8
2
 62
    28
100
AcDbVertex
100
AcDbPolyFaceMeshVertex
 10
32545.51703098959
 20
8897.877814335712
 30
20289.0420565595
 70
   192
  0
VERTEX
  5
62E
330
601
100
AcDbEntity
  8
2
 62
    28
100
AcDbVertex
100
AcDbPolyFaceMeshVertex
 10
32547.35417684206
 20
8896.99901352913
 30
20287.98154621171
 70
   192
  0
VERTEX
  5
62F
330
601
100
AcDbEntity
  8
2
 62
    28
100
AcDbVertex
100
AcDbPolyFaceMeshVertex
 10
32549.19143026112
 20
8897.87757203208
 30
20286.92102145026
 70
   192
  0
VERTEX
  5
630
330
601
100
AcDbEntity
  8
2
 62
    28
100
AcDbVertex
100
AcDbPolyFaceMeshVertex
 10
32549.95255311142
 20
8899.998842188867
 30
20286.48172329716
 70
   192
  0
VERTEX
  5
631
330
601
100
AcDbEntity
  8
2
 62
    28
100
AcDbVertex
100
AcDbPolyFaceMeshVertex
 10
32549.19168994987
 20
8902.120212711106
 30
20286.92098665257
 70
   192
  0
VERTEX
  5
632
330
601
100
AcDbEntity
  8
2
 62
    28
100
AcDbFaceRecord
 10
0.0
 20
0.0
 30
0.0
 70
   128
 71
     1
 72
     2
 73
    -3
 74
    -3
  0
VERTEX
  5
633
330
601
100
AcDbEntity
  8
2
 62
    28
100
AcDbFaceRecord
 10
0.0
 20
0.0
 30
0.0
 70
   128
 71
    -1
 72
     3
 73
     4
 74
     4
  0
VERTEX
  5
634
330
601
100
AcDbEntity
  8
2
 62
    28
100
AcDbFaceRecord
 10
0.0
 20
0.0
 30
0.0
 70
   128
 71
     2
 72
     5
 73
    -6
 74
    -6
  0
VERTEX
  5
635
330
601
100
AcDbEntity
  8
2
 62
    28
100
AcDbFaceRecord
 10
0.0
 20
0.0
 30
0.0
 70
   128
 71
    -2
 72
     6
 73
     3
 74
     3
  0
VERTEX
  5
636
330
601
100
AcDbEntity
  8
2
 62
    28
100
AcDbFaceRecord
 10
0.0
 20
0.0
 30
0.0
 70
   128
 71
     5
 72
     7
 73
    -8
 74
    -8
  0
VERTEX
  5
637
330
601
100
AcDbEntity
  8
2
 62
    28
100
AcDbFaceRecord
 10
0.0
 20
0.0
 30
0.0
 70
   128
 71
    -5
 72
     8
 73
     6
 74
     6
  0
VERTEX
  5
638
330
601
100
AcDbEntity
  8
2
 62
    28
100
AcDbFaceRecord
 10
0.0
 20
0.0
 30
0.0
 70
   128
 71
     7
 72
     9
 73
   -10
 74
   -10
  0
VERTEX
  5
639
330
601
100
AcDbEntity
  8
2
 62
    28
100
AcDbFaceRecord
 10
0.0
 20
0.0
 30
0.0
 70
   128
 71
    -7
 72
    10
 73
     8
 74
     8
  0
VERTEX
  5
63A
330
601
100
AcDbEntity
  8
2
 62
    28
100
AcDbFaceRecord
 10
0.0
 20
0.0
 30
0.0
 70
   128
 71
     9
 72
    11
 73
   -12
 74
   -12
  0
VERTEX
  5
63B
330
601
100
AcDbEntity
  8
2
 62
    28
100
AcDbFaceRecord
 10
0.0
 20
0.0
 30
0.0
 70
   128
 71
    -9
 72
    12
 73
    10
 74
    10
  0
VERTEX
  5
63C
330
601
100
AcDbEntity
  8
2
 62
    28
100
AcDbFaceRecord
 10
0.0
 20
0.0
 30
0.0
 70
   128
 71
    11
 72
    13
 73
   -14
 74
   -14
  0
VERTEX
  5
63D
330
601
100
AcDbEntity
  8
2
 62
    28
100
AcDbFaceRecord
 10
0.0
 20
0.0
 30
0.0
 70
   128
 71
   -11
 72
    14
 73
    12
 74
    12
  0
VERTEX
  5
63E
330
601
100
AcDbEntity
  8
2
 62
    28
100
AcDbFaceRecord
 10
0.0
 20
0.0
 30
0.0
 70
   128
 71
    13
 72
    15
 73
   -16
 74
   -16
  0
VERTEX
  5
63F
330
601
100
AcDbEntity
  8
2
 62
    28
100
AcDbFaceRecord
 10
0.0
 20
0.0
 30
0.0
 70
   128
 71
   -13
 72
    16
 73
    14
 74
    14
  0
VERTEX
  5
640
330
601
100
AcDbEntity
  8
2
 62
    28
100
AcDbFaceRecord
 10
0.0
 20
0.0
 30
0.0
 70
   128
 71
    15
 72
     1
 73
    -4
 74
    -4
  0
VERTEX
  5
641
330
601
100
AcDbEntity
  8
2
 62
    28
100
AcDbFaceRecord
 10
0.0
 20
0.0
 30
0.0
 70
   128
 71
   -15
 72
     4
 73
    16
 74
    16
  0
VERTEX
  5
642
330
601
100
AcDbEntity
  8
2
 62
    28
100
AcDbFaceRecord
 10
0.0
 20
0.0
 30
0.0
 70
   128
 71
    -4
 72
    14
 73
    16
 74
    16
  0
VERTEX
  5
643
330
601
100
AcDbEntity
  8
2
 62
    28
100
AcDbFaceRecord
 10
0.0
 20
0.0
 30
0.0
 70
   128
 71
   -14
 72
    -4
 73
    12
 74
    12
  0
VERTEX
  5
644
330
601
100
AcDbEntity
  8
2
 62
    28
100
AcDbFaceRecord
 10
0.0
 20
0.0
 30
0.0
 70
   128
 71
   -12
 72
     4
 73
    -3
 74
    -3
  0
VERTEX
  5
645
330
601
100
AcDbEntity
  8
2
 62
    28
100
AcDbFaceRecord
 10
0.0
 20
0.0
 30
0.0
 70
   128
 71
   -12
 72
    -3
 73
    10
 74
    10
  0
VERTEX
  5
646
330
601
100
AcDbEntity
  8
2
 62
    28
100
AcDbFaceRecord
 10
0.0
 20
0.0
 30
0.0
 70
   128
 71
   -10
 72
    -3
 73
     8
 74
     8
  0
VERTEX
  5
647
330
601
100
AcDbEntity
  8
2
 62
    28
100
AcDbFaceRecord
 10
0.0
 20
0.0
 30
0.0
 70
   128
 71
    -8
 72
     3
 73
     6
 74
     6
  0
VERTEX
  5
648
330
601
100
AcDbEntity
  8
2
 62
    28
100
AcDbFaceRecord
 10
0.0
 20
0.0
 30
0.0
 70
   128
 71
    17
 72
    18
 73
    -5
 74
    -5
  0
VERTEX
  5
649
330
601
100
AcDbEntity
  8
2
 62
    28
100
AcDbFaceRecord
 10
0.0
 20
0.0
 30
0.0
 70
   128
 71
   -17
 72
     5
 73
     2
 74
     2
  0
VERTEX
  5
64A
330
601
100
AcDbEntity
  8
2
 62
    28
100
AcDbFaceRecord
 10
0.0
 20
0.0
 30
0.0
 70
   128
 71
    19
 72
    17
 73
    -2
 74
    -2
  0
VERTEX
  5
64B
330
601
100
AcDbEntity
  8
2
 62
    28
100
AcDbFaceRecord
 10
0.0
 20
0.0
 30
0.0
 70
   128
 71
   -19
 72
     2
 73
     1
 74
     1
  0
VERTEX
  5
64C
330
601
100
AcDbEntity
  8
2
 62
    28
100
AcDbFaceRecord
 10
0.0
 20
0.0
 30
0.0
 70
   128
 71
    20
 72
    19
 73
    -1
 74
    -1
  0
VERTEX
  5
64D
330
601
100
AcDbEntity
  8
2
 62
    28
100
AcDbFaceRecord
 10
0.0
 20
0.0
 30
0.0
 70
   128
 71
   -20
 72
     1
 73
    15
 74
    15
  0
VERTEX
  5
64E
330
601
100
AcDbEntity
  8
2
 62
    28
100
AcDbFaceRecord
 10
0.0
 20
0.0
 30
0.0
 70
   128
 71
    21
 72
    20
 73
   -15
 74
   -15
  0
VERTEX
  5
64F
330
601
100
AcDbEntity
  8
2
 62
    28
100
AcDbFaceRecord
 10
0.0
 20
0.0
 30
0.0
 70
   128
 71
   -21
 72
    15
 73
    13
 74
    13
  0
VERTEX
  5
650
330
601
100
AcDbEntity
  8
2
 62
    28
100
AcDbFaceRecord
 10
0.0
 20
0.0
 30
0.0
 70
   128
 71
    22
 72
    21
 73
   -13
 74
   -13
  0
VERTEX
  5
651
330
601
100
AcDbEntity
  8
2
 62
    28
100
AcDbFaceRecord
 10
0.0
 20
0.0
 30
0.0
 70
   128
 71
   -22
 72
    13
 73
    11
 74
    11
  0
VERTEX
  5
652
330
601
100
AcDbEntity
  8
2
 62
    28
100
AcDbFaceRecord
 10
0.0
 20
0.0
 30
0.0
 70
   128
 71
    23
 72
    22
 73
   -11
 74
   -11
  0
VERTEX
  5
653
330
601
100
AcDbEntity
  8
2
 62
    28
100
AcDbFaceRecord
 10
0.0
 20
0.0
 30
0.0
 70
   128
 71
   -23
 72
    11
 73
     9
 74
     9
  0
VERTEX
  5
654
330
601
100
AcDbEntity
  8
2
 62
    28
100
AcDbFaceRecord
 10
0.0
 20
0.0
 30
0.0
 70
   128
 71
    24
 72
    23
 73
    -9
 74
    -9
  0
VERTEX
  5
655
330
601
100
AcDbEntity
  8
2
 62
    28
100
AcDbFaceRecord
 10
0.0
 20
0.0
 30
0.0
 70
   128
 71
   -24
 72
     9
 73
     7
 74
     7
  0
VERTEX
  5
656
330
601
100
AcDbEntity
  8
2
 62
    28
100
AcDbFaceRecord
 10
0.0
 20
0.0
 30
0.0
 70
   128
 71
    18
 72
    24
 73
    -7
 74
    -7
  0
VERTEX
  5
657
330
601
100
AcDbEntity
  8
2
 62
    28
100
AcDbFaceRecord
 10
0.0
 20
0.0
 30
0.0
 70
   128
 71
   -18
 72
     7
 73
     5
 74
     5
  0
VERTEX
  5
658
330
601
100
AcDbEntity
  8
2
 62
    28
100
AcDbFaceRecord
 10
0.0
 20
0.0
 30
0.0
 70
   128
 71
    18
 72
    25
 73
   -26
 74
   -26
  0
VERTEX
  5
659
330
601
100
AcDbEntity
  8
2
 62
    28
100
AcDbFaceRecord
 10
0.0
 20
0.0
 30
0.0
 70
   128
 71
   -18
 72
    26
 73
    24
 74
    24
  0
VERTEX
  5
65A
330
601
100
AcDbEntity
  8
2
 62
    28
100
AcDbFaceRecord
 10
0.0
 20
0.0
 30
0.0
 70
   128
 71
    24
 72
    26
 73
   -27
 74
   -27
  0
VERTEX
  5
65B
330
601
100
AcDbEntity
  8
2
 62
    28
100
AcDbFaceRecord
 10
0.0
 20
0.0
 30
0.0
 70
   128
 71
   -24
 72
    27
 73
    23
 74
    23
  0
VERTEX
  5
65C
330
601
100
AcDbEntity
  8
2
 62
    28
100
AcDbFaceRecord
 10
0.0
 20
0.0
 30
0.0
 70
   128
 71
    23
 72
    27
 73
   -28
 74
   -28
  0
VERTEX
  5
65D
330
601
100
AcDbEntity
  8
2
 62
    28
100
AcDbFaceRecord
 10
0.0
 20
0.0
 30
0.0
 70
   128
 71
   -23
 72
    28
 73
    22
 74
    22
  0
VERTEX
  5
65E
330
601
100
AcDbEntity
  8
2
 62
    28
100
AcDbFaceRecord
 10
0.0
 20
0.0
 30
0.0
 70
   128
 71
    22
 72
    28
 73
   -29
 74
   -29
  0
VERTEX
  5
65F
330
601
100
AcDbEntity
  8
2
 62
    28
100
AcDbFaceRecord
 10
0.0
 20
0.0
 30
0.0
 70
   128
 71
   -22
 72
    29
 73
    21
 74
    21
  0
VERTEX
  5
660
330
601
100
AcDbEntity
  8
2
 62
    28
100
AcDbFaceRecord
 10
0.0
 20
0.0
 30
0.0
 70
   128
 71
    21
 72
    29
 73
   -30
 74
   -30
  0
VERTEX
  5
661
330
601
100
AcDbEntity
  8
2
 62
    28
100
AcDbFaceRecord
 10
0.0
 20
0.0
 30
0.0
 70
   128
 71
   -21
 72
    30
 73
    20
 74
    20
  0
VERTEX
  5
662
330
601
100
AcDbEntity
  8
2
 62
    28
100
AcDbFaceRecord
 10
0.0
 20
0.0
 30
0.0
 70
   128
 71
    20
 72
    30
 73
   -31
 74
   -31
  0
VERTEX
  5
663
330
601
100
AcDbEntity
  8
2
 62
    28
100
AcDbFaceRecord
 10
0.0
 20
0.0
 30
0.0
 70
   128
 71
   -20
 72
    31
 73
    19
 74
    19
  0
VERTEX
  5
664
330
601
100
AcDbEntity
  8
2
 62
    28
100
AcDbFaceRecord
 10
0.0
 20
0.0
 30
0.0
 70
   128
 71
    19
 72
    31
 73
   -32
 74
   -32
  0
VERTEX
  5
665
330
601
100
AcDbEntity
  8
2
 62
    28
100
AcDbFaceRecord
 10
0.0
 20
0.0
 30
0.0
 70
   128
 71
   -19
 72
    32
 73
    17
 74
    17
  0
VERTEX
  5
666
330
601
100
AcDbEntity
  8
2
 62
    28
100
AcDbFaceRecord
 10
0.0
 20
0.0
 30
0.0
 70
   128
 71
    17
 72
    32
 73
   -25
 74
   -25
  0
VERTEX
  5
667
330
601
100
AcDbEntity
  8
2
 62
    28
100
AcDbFaceRecord
 10
0.0
 20
0.0
 30
0.0
 70
   128
 71
   -17
 72
    25
 73
    18
 74
    18
  0
VERTEX
  5
668
330
601
100
AcDbEntity
  8
2
 62
    28
100
AcDbFaceRecord
 10
0.0
 20
0.0
 30
0.0
 70
   128
 71
    25
 72
    33
 73
   -34
 74
   -34
  0
VERTEX
  5
669
330
601
100
AcDbEntity
  8
2
 62
    28
100
AcDbFaceRecord
 10
0.0
 20
0.0
 30
0.0
 70
   128
 71
   -25
 72
    34
 73
    26
 74
    26
  0
VERTEX
  5
66A
330
601
100
AcDbEntity
  8
2
 62
    28
100
AcDbFaceRecord
 10
0.0
 20
0.0
 30
0.0
 70
   128
 71
    26
 72
    34
 73
   -35
 74
   -35
  0
VERTEX
  5
66B
330
601
100
AcDbEntity
  8
2
 62
    28
100
AcDbFaceRecord
 10
0.0
 20
0.0
 30
0.0
 70
   128
 71
   -26
 72
    35
 73
    27
 74
    27
  0
VERTEX
  5
66C
330
601
100
AcDbEntity
  8
2
 62
    28
100
AcDbFaceRecord
 10
0.0
 20
0.0
 30
0.0
 70
   128
 71
    27
 72
    35
 73
   -36
 74
   -36
  0
VERTEX
  5
66D
330
601
100
AcDbEntity
  8
2
 62
    28
100
AcDbFaceRecord
 10
0.0
 20
0.0
 30
0.0
 70
   128
 71
   -27
 72
    36
 73
    28
 74
    28
  0
VERTEX
  5
66E
330
601
100
AcDbEntity
  8
2
 62
    28
100
AcDbFaceRecord
 10
0.0
 20
0.0
 30
0.0
 70
   128
 71
    28
 72
    36
 73
   -37
 74
   -37
  0
VERTEX
  5
66F
330
601
100
AcDbEntity
  8
2
 62
    28
100
AcDbFaceRecord
 10
0.0
 20
0.0
 30
0.0
 70
   128
 71
   -28
 72
    37
 73
    29
 74
    29
  0
VERTEX
  5
670
330
601
100
AcDbEntity
  8
2
 62
    28
100
AcDbFaceRecord
 10
0.0
 20
0.0
 30
0.0
 70
   128
 71
    29
 72
    37
 73
   -38
 74
   -38
  0
VERTEX
  5
671
330
601
100
AcDbEntity
  8
2
 62
    28
100
AcDbFaceRecord
 10
0.0
 20
0.0
 30
0.0
 70
   128
 71
   -29
 72
    38
 73
    30
 74
    30
  0
VERTEX
  5
672
330
601
100
AcDbEntity
  8
2
 62
    28
100
AcDbFaceRecord
 10
0.0
 20
0.0
 30
0.0
 70
   128
 71
    30
 72
    38
 73
   -39
 74
   -39
  0
VERTEX
  5
673
330
601
100
AcDbEntity
  8
2
 62
    28
100
AcDbFaceRecord
 10
0.0
 20
0.0
 30
0.0
 70
   128
 71
   -30
 72
    39
 73
    31
 74
    31
  0
VERTEX
  5
674
330
601
100
AcDbEntity
  8
2
 62
    28
100
AcDbFaceRecord
 10
0.0
 20
0.0
 30
0.0
 70
   128
 71
    31
 72
    39
 73
   -40
 74
   -40
  0
VERTEX
  5
675
330
601
100
AcDbEntity
  8
2
 62
    28
100
AcDbFaceRecord
 10
0.0
 20
0.0
 30
0.0
 70
   128
 71
   -31
 72
    40
 73
    32
 74
    32
  0
VERTEX
  5
676
330
601
100
AcDbEntity
  8
2
 62
    28
100
AcDbFaceRecord
 10
0.0
 20
0.0
 30
0.0
 70
   128
 71
    32
 72
    40
 73
   -33
 74
   -33
  0
VERTEX
  5
677
330
601
100
AcDbEntity
  8
2
 62
    28
100
AcDbFaceRecord
 10
0.0
 20
0.0
 30
0.0
 70
   128
 71
   -32
 72
    33
 73
    25
 74
    25
  0
VERTEX
  5
678
330
601
100
AcDbEntity
  8
2
 62
    28
100
AcDbFaceRecord
 10
0.0
 20
0.0
 30
0.0
 70
   128
 71
    41
 72
    42
 73
   -40
 74
   -40
  0
VERTEX
  5
679
330
601
100
AcDbEntity
  8
2
 62
    28
100
AcDbFaceRecord
 10
0.0
 20
0.0
 30
0.0
 70
   128
 71
   -41
 72
    40
 73
    39
 74
    39
  0
VERTEX
  5
67A
330
601
100
AcDbEntity
  8
2
 62
    28
100
AcDbFaceRecord
 10
0.0
 20
0.0
 30
0.0
 70
   128
 71
    42
 72
    43
 73
   -33
 74
   -33
  0
VERTEX
  5
67B
330
601
100
AcDbEntity
  8
2
 62
    28
100
AcDbFaceRecord
 10
0.0
 20
0.0
 30
0.0
 70
   128
 71
   -42
 72
    33
 73
    40
 74
    40
  0
VERTEX
  5
67C
330
601
100
AcDbEntity
  8
2
 62
    28
100
AcDbFaceRecord
 10
0.0
 20
0.0
 30
0.0
 70
   128
 71
    43
 72
    44
 73
   -34
 74
   -34
  0
VERTEX
  5
67D
330
601
100
AcDbEntity
  8
2
 62
    28
100
AcDbFaceRecord
 10
0.0
 20
0.0
 30
0.0
 70
   128
 71
   -43
 72
    34
 73
    33
 74
    33
  0
VERTEX
  5
67E
330
601
100
AcDbEntity
  8
2
 62
    28
100
AcDbFaceRecord
 10
0.0
 20
0.0
 30
0.0
 70
   128
 71
    44
 72
    45
 73
   -35
 74
   -35
  0
VERTEX
  5
67F
330
601
100
AcDbEntity
  8
2
 62
    28
100
AcDbFaceRecord
 10
0.0
 20
0.0
 30
0.0
 70
   128
 71
   -44
 72
    35
 73
    34
 74
    34
  0
VERTEX
  5
680
330
601
100
AcDbEntity
  8
2
 62
    28
100
AcDbFaceRecord
 10
0.0
 20
0.0
 30
0.0
 70
   128
 71
    45
 72
    46
 73
   -36
 74
   -36
  0
VERTEX
  5
681
330
601
100
AcDbEntity
  8
2
 62
    28
100
AcDbFaceRecord
 10
0.0
 20
0.0
 30
0.0
 70
   128
 71
   -45
 72
    36
 73
    35
 74
    35
  0
VERTEX
  5
682
330
601
100
AcDbEntity
  8
2
 62
    28
100
AcDbFaceRecord
 10
0.0
 20
0.0
 30
0.0
 70
   128
 71
    46
 72
    47
 73
   -37
 74
   -37
  0
VERTEX
  5
683
330
601
100
AcDbEntity
  8
2
 62
    28
100
AcDbFaceRecord
 10
0.0
 20
0.0
 30
0.0
 70
   128
 71
   -46
 72
    37
 73
    36
 74
    36
  0
VERTEX
  5
684
330
601
100
AcDbEntity
  8
2
 62
    28
100
AcDbFaceRecord
 10
0.0
 20
0.0
 30
0.0
 70
   128
 71
    47
 72
    48
 73
   -38
 74
   -38
  0
VERTEX
  5
685
330
601
100
AcDbEntity
  8
2
 62
    28
100
AcDbFaceRecord
 10
0.0
 20
0.0
 30
0.0
 70
   128
 71
   -47
 72
    38
 73
    37
 74
    37
  0
VERTEX
  5
686
330
601
100
AcDbEntity
  8
2
 62
    28
100
AcDbFaceRecord
 10
0.0
 20
0.0
 30
0.0
 70
   128
 71
    48
 72
    41
 73
   -39
 74
   -39
  0
VERTEX
  5
687
330
601
100
AcDbEntity
  8
2
 62
    28
100
AcDbFaceRecord
 10
0.0
 20
0.0
 30
0.0
 70
   128
 71
   -48
 72
    39
 73
    38
 74
    38
  0
VERTEX
  5
688
330
601
100
AcDbEntity
  8
2
 62
    28
100
AcDbFaceRecord
 10
0.0
 20
0.0
 30
0.0
 70
   128
 71
   -42
 72
    44
 73
    43
 74
    43
  0
VERTEX
  5
689
330
601
100
AcDbEntity
  8
2
 62
    28
100
AcDbFaceRecord
 10
0.0
 20
0.0
 30
0.0
 70
   128
 71
   -44
 72
   -42
 73
    45
 74
    45
  0
VERTEX
  5
68A
330
601
100
AcDbEntity
  8
2
 62
    28
100
AcDbFaceRecord
 10
0.0
 20
0.0
 30
0.0
 70
   128
 71
   -45
 72
    42
 73
   -41
 74
   -41
  0
VERTEX
  5
68B
330
601
100
AcDbEntity
  8
2
 62
    28
100
AcDbFaceRecord
 10
0.0
 20
0.0
 30
0.0
 70
   128
 71
   -45
 72
   -41
 73
    46
 74
    46
  0
VERTEX
  5
68C
330
601
100
AcDbEntity
  8
2
 62
    28
100
AcDbFaceRecord
 10
0.0
 20
0.0
 30
0.0
 70
   128
 71
   -46
 72
    41
 73
   -48
 74
   -48
  0
VERTEX
  5
68D
330
601
100
AcDbEntity
  8
2
 62
    28
100
AcDbFaceRecord
 10
0.0
 20
0.0
 30
0.0
 70
   128
 71
   -46
 72
    48
 73
    47
 74
    47
  0
SEQEND
  5
68E
330
601
100
AcDbEntity
  8
2
 62
    28
  0
POLYLINE
  5
68F
330
1F
100
AcDbEntity
  8
1
 62
   251
420
  6710886
100
AcDbPolyFaceMesh
 66
     1
 10
0.0
 20
0.0
 30
0.0
 70
    64
 71
     8
 72
    12
1001
TeklaStructures
1000
ID
1000
128052747
  0
VERTEX
  5
690
330
68F
100
AcDbEntity
  8
1
 62
   251
100
AcDbVertex
100
AcDbPolyFaceMeshVertex
 10
32615.99599889972
 20
8943.998145803442
 30
20960.0
 70
   192
  0
VERTEX
  5
691
330
68F
100
AcDbEntity
  8
1
 62
   251
100
AcDbVertex
100
AcDbPolyFaceMeshVertex
 10
32615.99599889972
 20
8943.998145803442
 30
21010.0
 70
   192
  0
VERTEX
  5
692
330
68F
100
AcDbEntity
  8
1
 62
   251
100
AcDbVertex
100
AcDbPolyFaceMeshVertex
 10
32983.99599879793
 20
8943.989466155444
 30
21010.0
 70
   192
  0
VERTEX
  5
693
330
68F
100
AcDbEntity
  8
1
 62
   251
100
AcDbVertex
100
AcDbPolyFaceMeshVertex
 10
32983.99599879793
 20
8943.989466155444
 30
20960.0
 70
   192
  0
VERTEX
  5
694
330
68F
100
AcDbEntity
  8
1
 62
   251
100
AcDbVertex
100
AcDbPolyFaceMeshVertex
 10
32615.99665930772
 20
8971.998145795653
 30
21010.0
 70
   192
  0
VERTEX
  5
695
330
68F
100
AcDbEntity
  8
1
 62
   251
100
AcDbVertex
100
AcDbPolyFaceMeshVertex
 10
32983.99665920592
 20
8971.989466147656
 30
21010.0
 70
   192
  0
VERTEX
  5
696
330
68F
100
AcDbEntity
  8
1
 62
   251
100
AcDbVertex
100
AcDbPolyFaceMeshVertex
 10
32615.99665930772
 20
8971.998145795653
 30
20960.0
 70
   192
  0
VERTEX
  5
697
330
68F
100
AcDbEntity
  8
1
 62
   251
100
AcDbVertex
100
AcDbPolyFaceMeshVertex
 10
32983.99665920592
 20
8971.989466147656
 30
20960.0
 70
   192
  0
VERTEX
  5
698
330
68F
100
AcDbEntity
  8
1
 62
   251
100
AcDbFaceRecord
 10
0.0
 20
0.0
 30
0.0
 70
   128
 71
     1
 72
     2
 73
    -3
 74
    -3
  0
VERTEX
  5
699
330
68F
100
AcDbEntity
  8
1
 62
   251
100
AcDbFaceRecord
 10
0.0
 20
0.0
 30
0.0
 70
   128
 71
    -1
 72
     3
 73
     4
 74
     4
  0
VERTEX
  5
69A
330
68F
100
AcDbEntity
  8
1
 62
   251
100
AcDbFaceRecord
 10
0.0
 20
0.0
 30
0.0
 70
   128
 71
     2
 72
     5
 73
    -6
 74
    -6
  0
VERTEX
  5
69B
330
68F
100
AcDbEntity
  8
1
 62
   251
100
AcDbFaceRecord
 10
0.0
 20
0.0
 30
0.0
 70
   128
 71
    -2
 72
     6
 73
     3
 74
     3
  0
VERTEX
  5
69C
330
68F
100
AcDbEntity
  8
1
 62
   251
100
AcDbFaceRecord
 10
0.0
 20
0.0
 30
0.0
 70
   128
 71
     5
 72
     7
 73
    -8
 74
    -8
  0
VERTEX
  5
69D
330
68F
100
AcDbEntity
  8
1
 62
   251
100
AcDbFaceRecord
 10
0.0
 20
0.0
 30
0.0
 70
   128
 71
    -5
 72
     8
 73
     6
 74
     6
  0
VERTEX
  5
69E
330
68F
100
AcDbEntity
  8
1
 62
   251
100
AcDbFaceRecord
 10
0.0
 20
0.0
 30
0.0
 70
   128
 71
     7
 72
     1
 73
    -4
 74
    -4
  0
VERTEX
  5
69F
330
68F
100
AcDbEntity
  8
1
 62
   251
100
AcDbFaceRecord
 10
0.0
 20
0.0
 30
0.0
 70
   128
 71
    -7
 72
     4
 73
     8
 74
     8
  0
VERTEX
  5
6A0
330
68F
100
AcDbEntity
  8
1
 62
   251
100
AcDbFaceRecord
 10
0.0
 20
0.0
 30
0.0
 70
   128
 71
     2
 72
     1
 73
    -7
 74
    -7
  0
VERTEX
  5
6A1
330
68F
100
AcDbEntity
  8
1
 62
   251
100
AcDbFaceRecord
 10
0.0
 20
0.0
 30
0.0
 70
   128
 71
    -2
 72
     7
 73
     5
 74
     5
  0
VERTEX
  5
6A2
330
68F
100
AcDbEntity
  8
1
 62
   251
100
AcDbFaceRecord
 10
0.0
 20
0.0
 30
0.0
 70
   128
 71
     4
 72
     3
 73
    -6
 74
    -6
  0
VERTEX
  5
6A3
330
68F
100
AcDbEntity
  8
1
 62
   251
100
AcDbFaceRecord
 10
0.0
 20
0.0
 30
0.0
 70
   128
 71
    -4
 72
     6
 73
     8
 74
     8
  0
SEQEND
  5
6A4
330
68F
100
AcDbEntity
  8
1
 62
   251
  0
POLYLINE
  5
6A5
330
1F
100
AcDbEntity
  8
1
 62
   251
420
  6710886
100
AcDbPolyFaceMesh
 66
     1
 10
0.0
 20
0.0
 30
0.0
 70
    64
 71
     8
 72
    12
1001
TeklaStructures
1000
ID
1000
128052754
  0
VERTEX
  5
6A6
330
6A5
100
AcDbEntity
  8
1
 62
   251
100
AcDbVertex
100
AcDbPolyFaceMeshVertex
 10
32615.99599932258
 20
8987.998423624125
 30
20960.0
 70
   192
  0
VERTEX
  5
6A7
330
6A5
100
AcDbEntity
  8
1
 62
   251
100
AcDbVertex
100
AcDbPolyFaceMeshVertex
 10
32615.99599932258
 20
8987.998423624125
 30
21010.0
 70
   192
  0
VERTEX
  5
6A8
330
6A5
100
AcDbEntity
  8
1
 62
   251
100
AcDbVertex
100
AcDbPolyFaceMeshVertex
 10
32983.99599922078
 20
8987.989743976128
 30
21010.0
 70
   192
  0
VERTEX
  5
6A9
330
6A5
100
AcDbEntity
  8
1
 62
   251
100
AcDbVertex
100
AcDbPolyFaceMeshVertex
 10
32983.99599922078
 20
8987.989743976128
 30
20960.0
 70
   192
  0
VERTEX
  5
6AA
330
6A5
100
AcDbEntity
  8
1
 62
   251
100
AcDbVertex
100
AcDbPolyFaceMeshVertex
 10
32615.99665973058
 20
9015.998423616336
 30
21010.0
 70
   192
  0
VERTEX
  5
6AB
330
6A5
100
AcDbEntity
  8
1
 62
   251
100
AcDbVertex
100
AcDbPolyFaceMeshVertex
 10
32983.99665962878
 20
9015.98974396834
 30
21010.0
 70
   192
  0
VERTEX
  5
6AC
330
6A5
100
AcDbEntity
  8
1
 62
   251
100
AcDbVertex
100
AcDbPolyFaceMeshVertex
 10
32615.99665973058
 20
9015.998423616336
 30
20960.0
 70
   192
  0
VERTEX
  5
6AD
330
6A5
100
AcDbEntity
  8
1
 62
   251
100
AcDbVertex
100
AcDbPolyFaceMeshVertex
 10
32983.99665962878
 20
9015.98974396834
 30
20960.0
 70
   192
  0
VERTEX
  5
6AE
330
6A5
100
AcDbEntity
  8
1
 62
   251
100
AcDbFaceRecord
 10
0.0
 20
0.0
 30
0.0
 70
   128
 71
     1
 72
     2
 73
    -3
 74
    -3
  0
VERTEX
  5
6AF
330
6A5
100
AcDbEntity
  8
1
 62
   251
100
AcDbFaceRecord
 10
0.0
 20
0.0
 30
0.0
 70
   128
 71
    -1
 72
     3
 73
     4
 74
     4
  0
VERTEX
  5
6B0
330
6A5
100
AcDbEntity
  8
1
 62
   251
100
AcDbFaceRecord
 10
0.0
 20
0.0
 30
0.0
 70
   128
 71
     2
 72
     5
 73
    -6
 74
    -6
  0
VERTEX
  5
6B1
330
6A5
100
AcDbEntity
  8
1
 62
   251
100
AcDbFaceRecord
 10
0.0
 20
0.0
 30
0.0
 70
   128
 71
    -2
 72
     6
 73
     3
 74
     3
  0
VERTEX
  5
6B2
330
6A5
100
AcDbEntity
  8
1
 62
   251
100
AcDbFaceRecord
 10
0.0
 20
0.0
 30
0.0
 70
   128
 71
     5
 72
     7
 73
    -8
 74
    -8
  0
VERTEX
  5
6B3
330
6A5
100
AcDbEntity
  8
1
 62
   251
100
AcDbFaceRecord
 10
0.0
 20
0.0
 30
0.0
 70
   128
 71
    -5
 72
     8
 73
     6
 74
     6
  0
VERTEX
  5
6B4
330
6A5
100
AcDbEntity
  8
1
 62
   251
100
AcDbFaceRecord
 10
0.0
 20
0.0
 30
0.0
 70
   128
 71
     7
 72
     1
 73
    -4
 74
    -4
  0
VERTEX
  5
6B5
330
6A5
100
AcDbEntity
  8
1
 62
   251
100
AcDbFaceRecord
 10
0.0
 20
0.0
 30
0.0
 70
   128
 71
    -7
 72
     4
 73
     8
 74
     8
  0
VERTEX
  5
6B6
330
6A5
100
AcDbEntity
  8
1
 62
   251
100
AcDbFaceRecord
 10
0.0
 20
0.0
 30
0.0
 70
   128
 71
     2
 72
     1
 73
    -7
 74
    -7
  0
VERTEX
  5
6B7
330
6A5
100
AcDbEntity
  8
1
 62
   251
100
AcDbFaceRecord
 10
0.0
 20
0.0
 30
0.0
 70
   128
 71
    -2
 72
     7
 73
     5
 74
     5
  0
VERTEX
  5
6B8
330
6A5
100
AcDbEntity
  8
1
 62
   251
100
AcDbFaceRecord
 10
0.0
 20
0.0
 30
0.0
 70
   128
 71
     4
 72
     3
 73
    -6
 74
    -6
  0
VERTEX
  5
6B9
330
6A5
100
AcDbEntity
  8
1
 62
   251
100
AcDbFaceRecord
 10
0.0
 20
0.0
 30
0.0
 70
   128
 71
    -4
 72
     6
 73
     8
 74
     8
  0
SEQEND
  5
6BA
330
6A5
100
AcDbEntity
  8
1
 62
   251
  0
POLYLINE
  5
6BC
330
1F
100
AcDbEntity
  8
4
 62
    55
420
 10921574
100
AcDbPolyFaceMesh
 66
     1
 10
0.0
 20
0.0
 30
0.0
 70
    64
 71
    12
 72
    20
1001
TeklaStructures
1000
ID
1000
128070567
  0
VERTEX
  5
6BD
330
6BC
100
AcDbEntity
  8
4
 62
    55
100
AcDbVertex
100
AcDbPolyFaceMeshVertex
 10
33199.99897738616
 20
9099.999999962569
 30
21030.0
 70
   192
  0
VERTEX
  5
6BE
330
6BC
100
AcDbEntity
  8
4
 62
    55
100
AcDbVertex
100
AcDbPolyFaceMeshVertex
 10
33199.99897641117
 20
9024.999999962569
 30
21030.0
 70
   192
  0
VERTEX
  5
6BF
330
6BC
100
AcDbEntity
  8
4
 62
    55
100
AcDbVertex
100
AcDbPolyFaceMeshVertex
 10
33099.99565744542
 20
9025.000001262611
 30
21030.0
 70
   192
  0
VERTEX
  5
6C0
330
6BC
100
AcDbEntity
  8
4
 62
    55
100
AcDbVertex
100
AcDbPolyFaceMeshVertex
 10
33099.99565842041
 20
9100.000001262611
 30
21030.0
 70
   192
  0
VERTEX
  5
6C1
330
6BC
100
AcDbEntity
  8
4
 62
    55
100
AcDbVertex
100
AcDbPolyFaceMeshVertex
 10
33199.99897641117
 20
9024.999999962569
 30
21025.0
 70
   192
  0
VERTEX
  5
6C2
330
6BC
100
AcDbEntity
  8
4
 62
    55
100
AcDbVertex
100
AcDbPolyFaceMeshVertex
 10
33099.99565744542
 20
9025.000001262611
 30
21025.0
 70
   192
  0
VERTEX
  5
6C3
330
6BC
100
AcDbEntity
  8
4
 62
    55
100
AcDbVertex
100
AcDbPolyFaceMeshVertex
 10
33199.99897732117
 20
9094.999999962569
 30
21025.0
 70
   192
  0
VERTEX
  5
6C4
330
6BC
100
AcDbEntity
  8
4
 62
    55
100
AcDbVertex
100
AcDbPolyFaceMeshVertex
 10
33099.99565835542
 20
9095.000001262611
 30
21025.0
 70
   192
  0
VERTEX
  5
6C5
330
6BC
100
AcDbEntity
  8
4
 62
    55
100
AcDbVertex
100
AcDbPolyFaceMeshVertex
 10
33199.99897732117
 20
9094.999999962569
 30
20955.0
 70
   192
  0
VERTEX
  5
6C6
330
6BC
100
AcDbEntity
  8
4
 62
    55
100
AcDbVertex
100
AcDbPolyFaceMeshVertex
 10
33099.99565835542
 20
9095.000001262611
 30
20955.0
 70
   192
  0
VERTEX
  5
6C7
330
6BC
100
AcDbEntity
  8
4
 62
    55
100
AcDbVertex
100
AcDbPolyFaceMeshVertex
 10
33199.99897738616
 20
9099.999999962569
 30
20955.0
 70
   192
  0
VERTEX
  5
6C8
330
6BC
100
AcDbEntity
  8
4
 62
    55
100
AcDbVertex
100
AcDbPolyFaceMeshVertex
 10
33099.99565842041
 20
9100.000001262611
 30
20955.0
 70
   192
  0
VERTEX
  5
6C9
330
6BC
100
AcDbEntity
  8
4
 62
    55
100
AcDbFaceRecord
 10
0.0
 20
0.0
 30
0.0
 70
   128
 71
     1
 72
     2
 73
    -3
 74
    -3
  0
VERTEX
  5
6CA
330
6BC
100
AcDbEntity
  8
4
 62
    55
100
AcDbFaceRecord
 10
0.0
 20
0.0
 30
0.0
 70
   128
 71
    -1
 72
     3
 73
     4
 74
     4
  0
VERTEX
  5
6CB
330
6BC
100
AcDbEntity
  8
4
 62
    55
100
AcDbFaceRecord
 10
0.0
 20
0.0
 30
0.0
 70
   128
 71
     2
 72
     5
 73
    -6
 74
    -6
  0
VERTEX
  5
6CC
330
6BC
100
AcDbEntity
  8
4
 62
    55
100
AcDbFaceRecord
 10
0.0
 20
0.0
 30
0.0
 70
   128
 71
    -2
 72
     6
 73
     3
 74
     3
  0
VERTEX
  5
6CD
330
6BC
100
AcDbEntity
  8
4
 62
    55
100
AcDbFaceRecord
 10
0.0
 20
0.0
 30
0.0
 70
   128
 71
     5
 72
     7
 73
    -8
 74
    -8
  0
VERTEX
  5
6CE
330
6BC
100
AcDbEntity
  8
4
 62
    55
100
AcDbFaceRecord
 10
0.0
 20
0.0
 30
0.0
 70
   128
 71
    -5
 72
     8
 73
     6
 74
     6
  0
VERTEX
  5
6CF
330
6BC
100
AcDbEntity
  8
4
 62
    55
100
AcDbFaceRecord
 10
0.0
 20
0.0
 30
0.0
 70
   128
 71
     7
 72
     9
 73
   -10
 74
   -10
  0
VERTEX
  5
6D0
330
6BC
100
AcDbEntity
  8
4
 62
    55
100
AcDbFaceRecord
 10
0.0
 20
0.0
 30
0.0
 70
   128
 71
    -7
 72
    10
 73
     8
 74
     8
  0
VERTEX
  5
6D1
330
6BC
100
AcDbEntity
  8
4
 62
    55
100
AcDbFaceRecord
 10
0.0
 20
0.0
 30
0.0
 70
   128
 71
     9
 72
    11
 73
   -12
 74
   -12
  0
VERTEX
  5
6D2
330
6BC
100
AcDbEntity
  8
4
 62
    55
100
AcDbFaceRecord
 10
0.0
 20
0.0
 30
0.0
 70
   128
 71
    -9
 72
    12
 73
    10
 74
    10
  0
VERTEX
  5
6D3
330
6BC
100
AcDbEntity
  8
4
 62
    55
100
AcDbFaceRecord
 10
0.0
 20
0.0
 30
0.0
 70
   128
 71
    11
 72
     1
 73
    -4
 74
    -4
  0
VERTEX
  5
6D4
330
6BC
100
AcDbEntity
  8
4
 62
    55
100
AcDbFaceRecord
 10
0.0
 20
0.0
 30
0.0
 70
   128
 71
   -11
 72
     4
 73
    12
 74
    12
  0
VERTEX
  5
6D5
330
6BC
100
AcDbEntity
  8
4
 62
    55
100
AcDbFaceRecord
 10
0.0
 20
0.0
 30
0.0
 70
   128
 71
    -1
 72
     5
 73
     2
 74
     2
  0
VERTEX
  5
6D6
330
6BC
100
AcDbEntity
  8
4
 62
    55
100
AcDbFaceRecord
 10
0.0
 20
0.0
 30
0.0
 70
   128
 71
    -5
 72
    -1
 73
     7
 74
     7
  0
VERTEX
  5
6D7
330
6BC
100
AcDbEntity
  8
4
 62
    55
100
AcDbFaceRecord
 10
0.0
 20
0.0
 30
0.0
 70
   128
 71
    -7
 72
    -1
 73
     9
 74
     9
  0
VERTEX
  5
6D8
330
6BC
100
AcDbEntity
  8
4
 62
    55
100
AcDbFaceRecord
 10
0.0
 20
0.0
 30
0.0
 70
   128
 71
    -9
 72
     1
 73
    11
 74
    11
  0
VERTEX
  5
6D9
330
6BC
100
AcDbEntity
  8
4
 62
    55
100
AcDbFaceRecord
 10
0.0
 20
0.0
 30
0.0
 70
   128
 71
    -4
 72
    -8
 73
    12
 74
    12
  0
VERTEX
  5
6DA
330
6BC
100
AcDbEntity
  8
4
 62
    55
100
AcDbFaceRecord
 10
0.0
 20
0.0
 30
0.0
 70
   128
 71
    -8
 72
     4
 73
    -3
 74
    -3
  0
VERTEX
  5
6DB
330
6BC
100
AcDbEntity
  8
4
 62
    55
100
AcDbFaceRecord
 10
0.0
 20
0.0
 30
0.0
 70
   128
 71
    -8
 72
     3
 73
     6
 74
     6
  0
VERTEX
  5
6DC
330
6BC
100
AcDbEntity
  8
4
 62
    55
100
AcDbFaceRecord
 10
0.0
 20
0.0
 30
0.0
 70
   128
 71
    10
 72
   -12
 73
     8
 74
     8
  0
SEQEND
  5
6DD
330
6BC
100
AcDbEntity
  8
4
 62
    55
  0
POLYLINE
  5
6DE
330
1F
100
AcDbEntity
  8
4
 62
    55
420
 10921574
100
AcDbPolyFaceMesh
 66
     1
 10
0.0
 20
0.0
 30
0.0
 70
    64
 71
    12
 72
    20
1001
TeklaStructures
1000
ID
1000
128070574
  0
VERTEX
  5
6DF
330
6DE
100
AcDbEntity
  8
4
 62
    55
100
AcDbVertex
100
AcDbPolyFaceMeshVertex
 10
32499.9939186473
 20
9099.998222637527
 30
21030.0
 70
   192
  0
VERTEX
  5
6E0
330
6DE
100
AcDbEntity
  8
4
 62
    55
100
AcDbVertex
100
AcDbPolyFaceMeshVertex
 10
32499.9925796723
 20
9024.998222649476
 30
21030.0
 70
   192
  0
VERTEX
  5
6E1
330
6DE
100
AcDbEntity
  8
4
 62
    55
100
AcDbVertex
100
AcDbPolyFaceMeshVertex
 10
32399.99763841285
 20
9025.000007859162
 30
21030.0
 70
   192
  0
VERTEX
  5
6E2
330
6DE
100
AcDbEntity
  8
4
 62
    55
100
AcDbVertex
100
AcDbPolyFaceMeshVertex
 10
32399.99897738785
 20
9100.000007847211
 30
21030.0
 70
   192
  0
VERTEX
  5
6E3
330
6DE
100
AcDbEntity
  8
4
 62
    55
100
AcDbVertex
100
AcDbPolyFaceMeshVertex
 10
32499.9925796723
 20
9024.998222649476
 30
21025.0
 70
   192
  0
VERTEX
  5
6E4
330
6DE
100
AcDbEntity
  8
4
 62
    55
100
AcDbVertex
100
AcDbPolyFaceMeshVertex
 10
32399.99763841285
 20
9025.000007859162
 30
21025.0
 70
   192
  0
VERTEX
  5
6E5
330
6DE
100
AcDbEntity
  8
4
 62
    55
100
AcDbVertex
100
AcDbPolyFaceMeshVertex
 10
32499.99382938229
 20
9094.998222638322
 30
21025.0
 70
   192
  0
VERTEX
  5
6E6
330
6DE
100
AcDbEntity
  8
4
 62
    55
100
AcDbVertex
100
AcDbPolyFaceMeshVertex
 10
32399.99888812285
 20
9095.000007848008
 30
21025.0
 70
   192
  0
VERTEX
  5
6E7
330
6DE
100
AcDbEntity
  8
4
 62
    55
100
AcDbVertex
100
AcDbPolyFaceMeshVertex
 10
32499.99382938229
 20
9094.998222638322
 30
20955.0
 70
   192
  0
VERTEX
  5
6E8
330
6DE
100
AcDbEntity
  8
4
 62
    55
100
AcDbVertex
100
AcDbPolyFaceMeshVertex
 10
32399.99888812285
 20
9095.000007848008
 30
20955.0
 70
   192
  0
VERTEX
  5
6E9
330
6DE
100
AcDbEntity
  8
4
 62
    55
100
AcDbVertex
100
AcDbPolyFaceMeshVertex
 10
32499.9939186473
 20
9099.998222637527
 30
20955.0
 70
   192
  0
VERTEX
  5
6EA
330
6DE
100
AcDbEntity
  8
4
 62
    55
100
AcDbVertex
100
AcDbPolyFaceMeshVertex
 10
32399.99897738785
 20
9100.000007847211
 30
20955.0
 70
   192
  0
VERTEX
  5
6EB
330
6DE
100
AcDbEntity
  8
4
 62
    55
100
AcDbFaceRecord
 10
0.0
 20
0.0
 30
0.0
 70
   128
 71
     1
 72
     2
 73
    -3
 74
    -3
  0
VERTEX
  5
6EC
330
6DE
100
AcDbEntity
  8
4
 62
    55
100
AcDbFaceRecord
 10
0.0
 20
0.0
 30
0.0
 70
   128
 71
    -1
 72
     3
 73
     4
 74
     4
  0
VERTEX
  5
6ED
330
6DE
100
AcDbEntity
  8
4
 62
    55
100
AcDbFaceRecord
 10
0.0
 20
0.0
 30
0.0
 70
   128
 71
     2
 72
     5
 73
    -6
 74
    -6
  0
VERTEX
  5
6EE
330
6DE
100
AcDbEntity
  8
4
 62
    55
100
AcDbFaceRecord
 10
0.0
 20
0.0
 30
0.0
 70
   128
 71
    -2
 72
     6
 73
     3
 74
     3
  0
VERTEX
  5
6EF
330
6DE
100
AcDbEntity
  8
4
 62
    55
100
AcDbFaceRecord
 10
0.0
 20
0.0
 30
0.0
 70
   128
 71
     5
 72
     7
 73
    -8
 74
    -8
  0
VERTEX
  5
6F0
330
6DE
100
AcDbEntity
  8
4
 62
    55
100
AcDbFaceRecord
 10
0.0
 20
0.0
 30
0.0
 70
   128
 71
    -5
 72
     8
 73
     6
 74
     6
  0
VERTEX
  5
6F1
330
6DE
100
AcDbEntity
  8
4
 62
    55
100
AcDbFaceRecord
 10
0.0
 20
0.0
 30
0.0
 70
   128
 71
     7
 72
     9
 73
   -10
 74
   -10
  0
VERTEX
  5
6F2
330
6DE
100
AcDbEntity
  8
4
 62
    55
100
AcDbFaceRecord
 10
0.0
 20
0.0
 30
0.0
 70
   128
 71
    -7
 72
    10
 73
     8
 74
     8
  0
VERTEX
  5
6F3
330
6DE
100
AcDbEntity
  8
4
 62
    55
100
AcDbFaceRecord
 10
0.0
 20
0.0
 30
0.0
 70
   128
 71
     9
 72
    11
 73
   -12
 74
   -12
  0
VERTEX
  5
6F4
330
6DE
100
AcDbEntity
  8
4
 62
    55
100
AcDbFaceRecord
 10
0.0
 20
0.0
 30
0.0
 70
   128
 71
    -9
 72
    12
 73
    10
 74
    10
  0
VERTEX
  5
6F5
330
6DE
100
AcDbEntity
  8
4
 62
    55
100
AcDbFaceRecord
 10
0.0
 20
0.0
 30
0.0
 70
   128
 71
    11
 72
     1
 73
    -4
 74
    -4
  0
VERTEX
  5
6F6
330
6DE
100
AcDbEntity
  8
4
 62
    55
100
AcDbFaceRecord
 10
0.0
 20
0.0
 30
0.0
 70
   128
 71
   -11
 72
     4
 73
    12
 74
    12
  0
VERTEX
  5
6F7
330
6DE
100
AcDbEntity
  8
4
 62
    55
100
AcDbFaceRecord
 10
0.0
 20
0.0
 30
0.0
 70
   128
 71
    -1
 72
     5
 73
     2
 74
     2
  0
VERTEX
  5
6F8
330
6DE
100
AcDbEntity
  8
4
 62
    55
100
AcDbFaceRecord
 10
0.0
 20
0.0
 30
0.0
 70
   128
 71
    -5
 72
    -1
 73
     7
 74
     7
  0
VERTEX
  5
6F9
330
6DE
100
AcDbEntity
  8
4
 62
    55
100
AcDbFaceRecord
 10
0.0
 20
0.0
 30
0.0
 70
   128
 71
    -7
 72
    -1
 73
     9
 74
     9
  0
VERTEX
  5
6FA
330
6DE
100
AcDbEntity
  8
4
 62
    55
100
AcDbFaceRecord
 10
0.0
 20
0.0
 30
0.0
 70
   128
 71
    -9
 72
     1
 73
    11
 74
    11
  0
VERTEX
  5
6FB
330
6DE
100
AcDbEntity
  8
4
 62
    55
100
AcDbFaceRecord
 10
0.0
 20
0.0
 30
0.0
 70
   128
 71
    -4
 72
    -8
 73
    12
 74
    12
  0
VERTEX
  5
6FC
330
6DE
100
AcDbEntity
  8
4
 62
    55
100
AcDbFaceRecord
 10
0.0
 20
0.0
 30
0.0
 70
   128
 71
    -8
 72
     4
 73
    -3
 74
    -3
  0
VERTEX
  5
6FD
330
6DE
100
AcDbEntity
  8
4
 62
    55
100
AcDbFaceRecord
 10
0.0
 20
0.0
 30
0.0
 70
   128
 71
    -8
 72
     3
 73
     6
 74
     6
  0
VERTEX
  5
6FE
330
6DE
100
AcDbEntity
  8
4
 62
    55
100
AcDbFaceRecord
 10
0.0
 20
0.0
 30
0.0
 70
   128
 71
    10
 72
   -12
 73
     8
 74
     8
  0
SEQEND
  5
6FF
330
6DE
100
AcDbEntity
  8
4
 62
    55
  0
POLYLINE
  5
700
330
1F
100
AcDbEntity
  8
4
 62
    55
420
 10921574
100
AcDbPolyFaceMesh
 66
     1
 10
0.0
 20
0.0
 30
0.0
 70
    64
 71
    12
 72
    20
1001
TeklaStructures
1000
ID
1000
128070595
  0
VERTEX
  5
701
330
700
100
AcDbEntity
  8
4
 62
    55
100
AcDbVertex
100
AcDbPolyFaceMeshVertex
 10
33099.99563815543
 20
9700.000012400062
 30
21030.0
 70
   192
  0
VERTEX
  5
702
330
700
100
AcDbEntity
  8
4
 62
    55
100
AcDbVertex
100
AcDbPolyFaceMeshVertex
 10
33099.99564745543
 20
9775.000012400062
 30
21030.0
 70
   192
  0
VERTEX
  5
703
330
700
100
AcDbEntity
  8
4
 62
    55
100
AcDbVertex
100
AcDbPolyFaceMeshVertex
 10
33199.9956394822
 20
9775.000000000062
 30
21030.0
 70
   192
  0
VERTEX
  5
704
330
700
100
AcDbEntity
  8
4
 62
    55
100
AcDbVertex
100
AcDbPolyFaceMeshVertex
 10
33199.9956301822
 20
9700.000000000062
 30
21030.0
 70
   192
  0
VERTEX
  5
705
330
700
100
AcDbEntity
  8
4
 62
    55
100
AcDbVertex
100
AcDbPolyFaceMeshVertex
 10
33099.99564745543
 20
9775.000012400062
 30
21025.0
 70
   192
  0
VERTEX
  5
706
330
700
100
AcDbEntity
  8
4
 62
    55
100
AcDbVertex
100
AcDbPolyFaceMeshVertex
 10
33199.9956394822
 20
9775.000000000062
 30
21025.0
 70
   192
  0
VERTEX
  5
707
330
700
100
AcDbEntity
  8
4
 62
    55
100
AcDbVertex
100
AcDbPolyFaceMeshVertex
 10
33099.99563877543
 20
9705.000012400062
 30
21025.0
 70
   192
  0
VERTEX
  5
708
330
700
100
AcDbEntity
  8
4
 62
    55
100
AcDbVertex
100
AcDbPolyFaceMeshVertex
 10
33199.9956308022
 20
9705.000000000062
 30
21025.0
 70
   192
  0
VERTEX
  5
709
330
700
100
AcDbEntity
  8
4
 62
    55
100
AcDbVertex
100
AcDbPolyFaceMeshVertex
 10
33099.99563877543
 20
9705.000012400062
 30
20955.0
 70
   192
  0
VERTEX
  5
70A
330
700
100
AcDbEntity
  8
4
 62
    55
100
AcDbVertex
100
AcDbPolyFaceMeshVertex
 10
33199.9956308022
 20
9705.000000000062
 30
20955.0
 70
   192
  0
VERTEX
  5
70B
330
700
100
AcDbEntity
  8
4
 62
    55
100
AcDbVertex
100
AcDbPolyFaceMeshVertex
 10
33099.99563815543
 20
9700.000012400062
 30
20955.0
 70
   192
  0
VERTEX
  5
70C
330
700
100
AcDbEntity
  8
4
 62
    55
100
AcDbVertex
100
AcDbPolyFaceMeshVertex
 10
33199.9956301822
 20
9700.000000000062
 30
20955.0
 70
   192
  0
VERTEX
  5
70D
330
700
100
AcDbEntity
  8
4
 62
    55
100
AcDbFaceRecord
 10
0.0
 20
0.0
 30
0.0
 70
   128
 71
     1
 72
     2
 73
    -3
 74
    -3
  0
VERTEX
  5
70E
330
700
100
AcDbEntity
  8
4
 62
    55
100
AcDbFaceRecord
 10
0.0
 20
0.0
 30
0.0
 70
   128
 71
    -1
 72
     3
 73
     4
 74
     4
  0
VERTEX
  5
70F
330
700
100
AcDbEntity
  8
4
 62
    55
100
AcDbFaceRecord
 10
0.0
 20
0.0
 30
0.0
 70
   128
 71
     2
 72
     5
 73
    -6
 74
    -6
  0
VERTEX
  5
710
330
700
100
AcDbEntity
  8
4
 62
    55
100
AcDbFaceRecord
 10
0.0
 20
0.0
 30
0.0
 70
   128
 71
    -2
 72
     6
 73
     3
 74
     3
  0
VERTEX
  5
711
330
700
100
AcDbEntity
  8
4
 62
    55
100
AcDbFaceRecord
 10
0.0
 20
0.0
 30
0.0
 70
   128
 71
     5
 72
     7
 73
    -8
 74
    -8
  0
VERTEX
  5
712
330
700
100
AcDbEntity
  8
4
 62
    55
100
AcDbFaceRecord
 10
0.0
 20
0.0
 30
0.0
 70
   128
 71
    -5
 72
     8
 73
     6
 74
     6
  0
VERTEX
  5
713
330
700
100
AcDbEntity
  8
4
 62
    55
100
AcDbFaceRecord
 10
0.0
 20
0.0
 30
0.0
 70
   128
 71
     7
 72
     9
 73
   -10
 74
   -10
  0
VERTEX
  5
714
330
700
100
AcDbEntity
  8
4
 62
    55
100
AcDbFaceRecord
 10
0.0
 20
0.0
 30
0.0
 70
   128
 71
    -7
 72
    10
 73
     8
 74
     8
  0
VERTEX
  5
715
330
700
100
AcDbEntity
  8
4
 62
    55
100
AcDbFaceRecord
 10
0.0
 20
0.0
 30
0.0
 70
   128
 71
     9
 72
    11
 73
   -12
 74
   -12
  0
VERTEX
  5
716
330
700
100
AcDbEntity
  8
4
 62
    55
100
AcDbFaceRecord
 10
0.0
 20
0.0
 30
0.0
 70
   128
 71
    -9
 72
    12
 73
    10
 74
    10
  0
VERTEX
  5
717
330
700
100
AcDbEntity
  8
4
 62
    55
100
AcDbFaceRecord
 10
0.0
 20
0.0
 30
0.0
 70
   128
 71
    11
 72
     1
 73
    -4
 74
    -4
  0
VERTEX
  5
718
330
700
100
AcDbEntity
  8
4
 62
    55
100
AcDbFaceRecord
 10
0.0
 20
0.0
 30
0.0
 70
   128
 71
   -11
 72
     4
 73
    12
 74
    12
  0
VERTEX
  5
719
330
700
100
AcDbEntity
  8
4
 62
    55
100
AcDbFaceRecord
 10
0.0
 20
0.0
 30
0.0
 70
   128
 71
    -1
 72
     5
 73
     2
 74
     2
  0
VERTEX
  5
71A
330
700
100
AcDbEntity
  8
4
 62
    55
100
AcDbFaceRecord
 10
0.0
 20
0.0
 30
0.0
 70
   128
 71
    -5
 72
    -1
 73
     7
 74
     7
  0
VERTEX
  5
71B
330
700
100
AcDbEntity
  8
4
 62
    55
100
AcDbFaceRecord
 10
0.0
 20
0.0
 30
0.0
 70
   128
 71
    -7
 72
    -1
 73
     9
 74
     9
  0
VERTEX
  5
71C
330
700
100
AcDbEntity
  8
4
 62
    55
100
AcDbFaceRecord
 10
0.0
 20
0.0
 30
0.0
 70
   128
 71
    -9
 72
     1
 73
    11
 74
    11
  0
VERTEX
  5
71D
330
700
100
AcDbEntity
  8
4
 62
    55
100
AcDbFaceRecord
 10
0.0
 20
0.0
 30
0.0
 70
   128
 71
    -4
 72
    -8
 73
    12
 74
    12
  0
VERTEX
  5
71E
330
700
100
AcDbEntity
  8
4
 62
    55
100
AcDbFaceRecord
 10
0.0
 20
0.0
 30
0.0
 70
   128
 71
    -8
 72
     4
 73
    -3
 74
    -3
  0
VERTEX
  5
71F
330
700
100
AcDbEntity
  8
4
 62
    55
100
AcDbFaceRecord
 10
0.0
 20
0.0
 30
0.0
 70
   128
 71
    -8
 72
     3
 73
     6
 74
     6
  0
VERTEX
  5
720
330
700
100
AcDbEntity
  8
4
 62
    55
100
AcDbFaceRecord
 10
0.0
 20
0.0
 30
0.0
 70
   128
 71
    10
 72
   -12
 73
     8
 74
     8
  0
SEQEND
  5
721
330
700
100
AcDbEntity
  8
4
 62
    55
  0
POLYLINE
  5
722
330
1F
100
AcDbEntity
  8
4
 62
    55
420
 10921574
100
AcDbPolyFaceMesh
 66
     1
 10
0.0
 20
0.0
 30
0.0
 70
    64
 71
    12
 72
    20
1001
TeklaStructures
1000
ID
1000
128070602
  0
VERTEX
  5
723
330
722
100
AcDbEntity
  8
4
 62
    55
100
AcDbVertex
100
AcDbPolyFaceMeshVertex
 10
32399.99563019809
 20
9700.000007846082
 30
21030.0
 70
   192
  0
VERTEX
  5
724
330
722
100
AcDbEntity
  8
4
 62
    55
100
AcDbVertex
100
AcDbPolyFaceMeshVertex
 10
32399.99564519809
 20
9775.000007846082
 30
21030.0
 70
   192
  0
VERTEX
  5
725
330
722
100
AcDbEntity
  8
4
 62
    55
100
AcDbVertex
100
AcDbPolyFaceMeshVertex
 10
32499.99563697325
 20
9774.999987846084
 30
21030.0
 70
   192
  0
VERTEX
  5
726
330
722
100
AcDbEntity
  8
4
 62
    55
100
AcDbVertex
100
AcDbPolyFaceMeshVertex
 10
32499.99562197325
 20
9699.999987846084
 30
21030.0
 70
   192
  0
VERTEX
  5
727
330
722
100
AcDbEntity
  8
4
 62
    55
100
AcDbVertex
100
AcDbPolyFaceMeshVertex
 10
32399.99564519809
 20
9775.000007846082
 30
21025.0
 70
   192
  0
VERTEX
  5
728
330
722
100
AcDbEntity
  8
4
 62
    55
100
AcDbVertex
100
AcDbPolyFaceMeshVertex
 10
32499.99563697325
 20
9774.999987846084
 30
21025.0
 70
   192
  0
VERTEX
  5
729
330
722
100
AcDbEntity
  8
4
 62
    55
100
AcDbVertex
100
AcDbPolyFaceMeshVertex
 10
32399.99563119809
 20
9705.000007846082
 30
21025.0
 70
   192
  0
VERTEX
  5
72A
330
722
100
AcDbEntity
  8
4
 62
    55
100
AcDbVertex
100
AcDbPolyFaceMeshVertex
 10
32499.99562297325
 20
9704.999987846084
 30
21025.0
 70
   192
  0
VERTEX
  5
72B
330
722
100
AcDbEntity
  8
4
 62
    55
100
AcDbVertex
100
AcDbPolyFaceMeshVertex
 10
32399.99563119809
 20
9705.000007846082
 30
20955.0
 70
   192
  0
VERTEX
  5
72C
330
722
100
AcDbEntity
  8
4
 62
    55
100
AcDbVertex
100
AcDbPolyFaceMeshVertex
 10
32499.99562297325
 20
9704.999987846084
 30
20955.0
 70
   192
  0
VERTEX
  5
72D
330
722
100
AcDbEntity
  8
4
 62
    55
100
AcDbVertex
100
AcDbPolyFaceMeshVertex
 10
32399.99563019809
 20
9700.000007846082
 30
20955.0
 70
   192
  0
VERTEX
  5
72E
330
722
100
AcDbEntity
  8
4
 62
    55
100
AcDbVertex
100
AcDbPolyFaceMeshVertex
 10
32499.99562197325
 20
9699.999987846084
 30
20955.0
 70
   192
  0
VERTEX
  5
72F
330
722
100
AcDbEntity
  8
4
 62
    55
100
AcDbFaceRecord
 10
0.0
 20
0.0
 30
0.0
 70
   128
 71
     1
 72
     2
 73
    -3
 74
    -3
  0
VERTEX
  5
730
330
722
100
AcDbEntity
  8
4
 62
    55
100
AcDbFaceRecord
 10
0.0
 20
0.0
 30
0.0
 70
   128
 71
    -1
 72
     3
 73
     4
 74
     4
  0
VERTEX
  5
731
330
722
100
AcDbEntity
  8
4
 62
    55
100
AcDbFaceRecord
 10
0.0
 20
0.0
 30
0.0
 70
   128
 71
     2
 72
     5
 73
    -6
 74
    -6
  0
VERTEX
  5
732
330
722
100
AcDbEntity
  8
4
 62
    55
100
AcDbFaceRecord
 10
0.0
 20
0.0
 30
0.0
 70
   128
 71
    -2
 72
     6
 73
     3
 74
     3
  0
VERTEX
  5
733
330
722
100
AcDbEntity
  8
4
 62
    55
100
AcDbFaceRecord
 10
0.0
 20
0.0
 30
0.0
 70
   128
 71
     5
 72
     7
 73
    -8
 74
    -8
  0
VERTEX
  5
734
330
722
100
AcDbEntity
  8
4
 62
    55
100
AcDbFaceRecord
 10
0.0
 20
0.0
 30
0.0
 70
   128
 71
    -5
 72
     8
 73
     6
 74
     6
  0
VERTEX
  5
735
330
722
100
AcDbEntity
  8
4
 62
    55
100
AcDbFaceRecord
 10
0.0
 20
0.0
 30
0.0
 70
   128
 71
     7
 72
     9
 73
   -10
 74
   -10
  0
VERTEX
  5
736
330
722
100
AcDbEntity
  8
4
 62
    55
100
AcDbFaceRecord
 10
0.0
 20
0.0
 30
0.0
 70
   128
 71
    -7
 72
    10
 73
     8
 74
     8
  0
VERTEX
  5
737
330
722
100
AcDbEntity
  8
4
 62
    55
100
AcDbFaceRecord
 10
0.0
 20
0.0
 30
0.0
 70
   128
 71
     9
 72
    11
 73
   -12
 74
   -12
  0
VERTEX
  5
738
330
722
100
AcDbEntity
  8
4
 62
    55
100
AcDbFaceRecord
 10
0.0
 20
0.0
 30
0.0
 70
   128
 71
    -9
 72
    12
 73
    10
 74
    10
  0
VERTEX
  5
739
330
722
100
AcDbEntity
  8
4
 62
    55
100
AcDbFaceRecord
 10
0.0
 20
0.0
 30
0.0
 70
   128
 71
    11
 72
     1
 73
    -4
 74
    -4
  0
VERTEX
  5
73A
330
722
100
AcDbEntity
  8
4
 62
    55
100
AcDbFaceRecord
 10
0.0
 20
0.0
 30
0.0
 70
   128
 71
   -11
 72
     4
 73
    12
 74
    12
  0
VERTEX
  5
73B
330
722
100
AcDbEntity
  8
4
 62
    55
100
AcDbFaceRecord
 10
0.0
 20
0.0
 30
0.0
 70
   128
 71
    -1
 72
     5
 73
     2
 74
     2
  0
VERTEX
  5
73C
330
722
100
AcDbEntity
  8
4
 62
    55
100
AcDbFaceRecord
 10
0.0
 20
0.0
 30
0.0
 70
   128
 71
    -5
 72
    -1
 73
     7
 74
     7
  0
VERTEX
  5
73D
330
722
100
AcDbEntity
  8
4
 62
    55
100
AcDbFaceRecord
 10
0.0
 20
0.0
 30
0.0
 70
   128
 71
    -7
 72
    -1
 73
     9
 74
     9
  0
VERTEX
  5
73E
330
722
100
AcDbEntity
  8
4
 62
    55
100
AcDbFaceRecord
 10
0.0
 20
0.0
 30
0.0
 70
   128
 71
    -9
 72
     1
 73
    11
 74
    11
  0
VERTEX
  5
73F
330
722
100
AcDbEntity
  8
4
 62
    55
100
AcDbFaceRecord
 10
0.0
 20
0.0
 30
0.0
 70
   128
 71
    -4
 72
    -8
 73
    12
 74
    12
  0
VERTEX
  5
740
330
722
100
AcDbEntity
  8
4
 62
    55
100
AcDbFaceRecord
 10
0.0
 20
0.0
 30
0.0
 70
   128
 71
    -8
 72
     4
 73
    -3
 74
    -3
  0
VERTEX
  5
741
330
722
100
AcDbEntity
  8
4
 62
    55
100
AcDbFaceRecord
 10
0.0
 20
0.0
 30
0.0
 70
   128
 71
    -8
 72
     3
 73
     6
 74
     6
  0
VERTEX
  5
742
330
722
100
AcDbEntity
  8
4
 62
    55
100
AcDbFaceRecord
 10
0.0
 20
0.0
 30
0.0
 70
   128
 71
    10
 72
   -12
 73
     8
 74
     8
  0
SEQEND
  5
743
330
722
100
AcDbEntity
  8
4
 62
    55
  0
POLYLINE
  5
744
330
1F
100
AcDbEntity
  8
2
 62
    28
420
  6689812
100
AcDbPolyFaceMesh
 66
     1
 10
0.0
 20
0.0
 30
0.0
 70
    64
 71
    96
 72
   188
1001
TeklaStructures
1000
ID
1000
127648421
  0
VERTEX
  5
745
330
744
100
AcDbEntity
  8
2
 62
    28
100
AcDbVertex
100
AcDbPolyFaceMeshVertex
 10
33045.48673376905
 20
9704.50413787842
 30
21598.62468108378
 70
   192
  0
VERTEX
  5
746
330
744
100
AcDbEntity
  8
2
 62
    28
100
AcDbVertex
100
AcDbPolyFaceMeshVertex
 10
33046.80475325371
 20
9707.68611839376
 30
21598.6246810837
 70
   192
  0
VERTEX
  5
747
330
744
100
AcDbEntity
  8
2
 62
    28
100
AcDbVertex
100
AcDbPolyFaceMeshVertex
 10
33046.80473931088
 20
9707.686118394431
 30
21629.99999999995
 70
   192
  0
VERTEX
  5
748
330
744
100
AcDbEntity
  8
2
 62
    28
100
AcDbVertex
100
AcDbPolyFaceMeshVertex
 10
33045.48671982622
 20
9704.504137879092
 30
21630.00000000003
 70
   192
  0
VERTEX
  5
749
330
744
100
AcDbEntity
  8
2
 62
    28
100
AcDbVertex
100
AcDbPolyFaceMeshVertex
 10
33049.98673376905
 20
9709.00413787842
 30
21598.62468108366
 70
   192
  0
VERTEX
  5
74A
330
744
100
AcDbEntity
  8
2
 62
    28
100
AcDbVertex
100
AcDbPolyFaceMeshVertex
 10
33049.98671982622
 20
9709.004137879092
 30
21629.99999999992
 70
   192
  0
VERTEX
  5
74B
330
744
100
AcDbEntity
  8
2
 62
    28
100
AcDbVertex
100
AcDbPolyFaceMeshVertex
 10
33053.16871428439
 20
9707.68611839376
 30
21598.6246810837
 70
   192
  0
VERTEX
  5
74C
330
744
100
AcDbEntity
  8
2
 62
    28
100
AcDbVertex
100
AcDbPolyFaceMeshVertex
 10
33053.16870034157
 20
9707.686118394431
 30
21629.99999999995
 70
   192
  0
VERTEX
  5
74D
330
744
100
AcDbEntity
  8
2
 62
    28
100
AcDbVertex
100
AcDbPolyFaceMeshVertex
 10
33054.48673376905
 20
9704.50413787842
 30
21598.62468108378
 70
   192
  0
VERTEX
  5
74E
330
744
100
AcDbEntity
  8
2
 62
    28
100
AcDbVertex
100
AcDbPolyFaceMeshVertex
 10
33054.48671982622
 20
9704.504137879092
 30
21630.00000000003
 70
   192
  0
VERTEX
  5
74F
330
744
100
AcDbEntity
  8
2
 62
    28
100
AcDbVertex
100
AcDbPolyFaceMeshVertex
 10
33053.16871428439
 20
9701.322157363082
 30
21598.62468108386
 70
   192
  0
VERTEX
  5
750
330
744
100
AcDbEntity
  8
2
 62
    28
100
AcDbVertex
100
AcDbPolyFaceMeshVertex
 10
33053.16870034157
 20
9701.322157363751
 30
21630.00000000011
 70
   192
  0
VERTEX
  5
751
330
744
100
AcDbEntity
  8
2
 62
    28
100
AcDbVertex
100
AcDbPolyFaceMeshVertex
 10
33049.98673376905
 20
9700.00413787842
 30
21598.62468108389
 70
   192
  0
VERTEX
  5
752
330
744
100
AcDbEntity
  8
2
 62
    28
100
AcDbVertex
100
AcDbPolyFaceMeshVertex
 10
33049.98671982622
 20
9700.004137879092
 30
21630.00000000014
 70
   192
  0
VERTEX
  5
753
330
744
100
AcDbEntity
  8
2
 62
    28
100
AcDbVertex
100
AcDbPolyFaceMeshVertex
 10
33046.80475325371
 20
9701.322157363082
 30
21598.62468108386
 70
   192
  0
VERTEX
  5
754
330
744
100
AcDbEntity
  8
2
 62
    28
100
AcDbVertex
100
AcDbPolyFaceMeshVertex
 10
33046.80473931088
 20
9701.322157363751
 30
21630.00000000011
 70
   192
  0
VERTEX
  5
755
330
744
100
AcDbEntity
  8
2
 62
    28
100
AcDbVertex
100
AcDbPolyFaceMeshVertex
 10
33045.48673376905
 20
9704.504137878315
 30
21594.38835555531
 70
   192
  0
VERTEX
  5
756
330
744
100
AcDbEntity
  8
2
 62
    28
100
AcDbVertex
100
AcDbPolyFaceMeshVertex
 10
33046.80475325371
 20
9707.68611839371
 30
21596.6688991665
 70
   192
  0
VERTEX
  5
757
330
744
100
AcDbEntity
  8
2
 62
    28
100
AcDbVertex
100
AcDbPolyFaceMeshVertex
 10
33049.98673376905
 20
9709.004137878395
 30
21597.61351641615
 70
   192
  0
VERTEX
  5
758
330
744
100
AcDbEntity
  8
2
 62
    28
100
AcDbVertex
100
AcDbPolyFaceMeshVertex
 10
33053.16871428439
 20
9707.68611839371
 30
21596.66886333066
 70
   192
  0
VERTEX
  5
759
330
744
100
AcDbEntity
  8
2
 62
    28
100
AcDbVertex
100
AcDbPolyFaceMeshVertex
 10
33054.48673376905
 20
9704.504137878315
 30
21594.38830487578
 70
   192
  0
VERTEX
  5
75A
330
744
100
AcDbEntity
  8
2
 62
    28
100
AcDbVertex
100
AcDbPolyFaceMeshVertex
 10
33053.16871428439
 20
9701.322157362918
 30
21592.1077612646
 70
   192
  0
VERTEX
  5
75B
330
744
100
AcDbEntity
  8
2
 62
    28
100
AcDbVertex
100
AcDbPolyFaceMeshVertex
 10
33049.98673376905
 20
9700.004137878233
 30
21591.16314401495
 70
   192
  0
VERTEX
  5
75C
330
744
100
AcDbEntity
  8
2
 62
    28
100
AcDbVertex
100
AcDbPolyFaceMeshVertex
 10
33046.80475325371
 20
9701.322157362918
 30
21592.10779710044
 70
   192
  0
VERTEX
  5
75D
330
744
100
AcDbEntity
  8
2
 62
    28
100
AcDbVertex
100
AcDbPolyFaceMeshVertex
 10
33045.48671190171
 20
9708.51585347287
 30
21593.02726156998
 70
   192
  0
VERTEX
  5
75E
330
744
100
AcDbEntity
  8
2
 62
    28
100
AcDbVertex
100
AcDbPolyFaceMeshVertex
 10
33046.80474925943
 20
9709.538204460554
 30
21596.04052414453
 70
   192
  0
VERTEX
  5
75F
330
744
100
AcDbEntity
  8
2
 62
    28
100
AcDbVertex
100
AcDbPolyFaceMeshVertex
 10
33049.98673717792
 20
9709.961690911769
 30
21597.28863771073
 70
   192
  0
VERTEX
  5
760
330
744
100
AcDbEntity
  8
2
 62
    28
100
AcDbVertex
100
AcDbPolyFaceMeshVertex
 10
33053.16871028981
 20
9709.538240206864
 30
21596.04047426884
 70
   192
  0
VERTEX
  5
761
330
744
100
AcDbEntity
  8
2
 62
    28
100
AcDbVertex
100
AcDbPolyFaceMeshVertex
 10
33054.48671190126
 20
9708.515904025782
 30
21593.02719103505
 70
   192
  0
VERTEX
  5
762
330
744
100
AcDbEntity
  8
2
 62
    28
100
AcDbVertex
100
AcDbPolyFaceMeshVertex
 10
33053.1686745435
 20
9707.493553038092
 30
21590.01392846045
 70
   192
  0
VERTEX
  5
763
330
744
100
AcDbEntity
  8
2
 62
    28
100
AcDbVertex
100
AcDbPolyFaceMeshVertex
 10
33049.986686625
 20
9707.070066586877
 30
21588.76581489425
 70
   192
  0
VERTEX
  5
764
330
744
100
AcDbEntity
  8
2
 62
    28
100
AcDbVertex
100
AcDbPolyFaceMeshVertex
 10
33046.80471351312
 20
9707.493517291781
 30
21590.01397833615
 70
   192
  0
VERTEX
  5
765
330
744
100
AcDbEntity
  8
2
 62
    28
100
AcDbVertex
100
AcDbPolyFaceMeshVertex
 10
33053.16860733024
 20
9716.221687493917
 30
21584.3471832825
 70
   192
  0
VERTEX
  5
766
330
744
100
AcDbEntity
  8
2
 62
    28
100
AcDbVertex
100
AcDbPolyFaceMeshVertex
 10
33049.986625996
 20
9715.253882686826
 30
21583.45246321126
 70
   192
  0
VERTEX
  5
767
330
744
100
AcDbEntity
  8
2
 62
    28
100
AcDbVertex
100
AcDbPolyFaceMeshVertex
 10
33054.486628792
 20
9718.558153617394
 30
21586.50725755022
 70
   192
  0
VERTEX
  5
768
330
744
100
AcDbEntity
  8
2
 62
    28
100
AcDbVertex
100
AcDbPolyFaceMeshVertex
 10
33053.1686112845
 20
9720.894610890155
 30
21588.66734380414
 70
   192
  0
VERTEX
  5
769
330
744
100
AcDbEntity
  8
2
 62
    28
100
AcDbVertex
100
AcDbPolyFaceMeshVertex
 10
33049.98663158818
 20
9721.862394329715
 30
21589.56209281261
 70
   192
  0
VERTEX
  5
76A
330
744
100
AcDbEntity
  8
2
 62
    28
100
AcDbVertex
100
AcDbPolyFaceMeshVertex
 10
33046.80465025396
 20
9720.894589522633
 30
21588.66737274137
 70
   192
  0
VERTEX
  5
76B
330
744
100
AcDbEntity
  8
2
 62
    28
100
AcDbVertex
100
AcDbPolyFaceMeshVertex
 10
33045.48662879219
 20
9718.558123399149
 30
21586.50729847364
 70
   192
  0
VERTEX
  5
76C
330
744
100
AcDbEntity
  8
2
 62
    28
100
AcDbVertex
100
AcDbPolyFaceMeshVertex
 10
33046.80464629968
 20
9716.221666126386
 30
21584.34721221972
 70
   192
  0
VERTEX
  5
76D
330
744
100
AcDbEntity
  8
2
 62
    28
100
AcDbVertex
100
AcDbPolyFaceMeshVertex
 10
33049.98659456398
 20
9719.909857720644
 30
21574.87759011879
 70
   192
  0
VERTEX
  5
76E
330
744
100
AcDbEntity
  8
2
 62
    28
100
AcDbVertex
100
AcDbPolyFaceMeshVertex
 10
33046.80461022522
 20
9721.187321543937
 30
21575.20199297004
 70
   192
  0
VERTEX
  5
76F
330
744
100
AcDbEntity
  8
2
 62
    28
100
AcDbVertex
100
AcDbPolyFaceMeshVertex
 10
33045.48658150996
 20
9724.271413115319
 30
21575.9851627134
 70
   192
  0
VERTEX
  5
770
330
744
100
AcDbEntity
  8
2
 62
    28
100
AcDbVertex
100
AcDbPolyFaceMeshVertex
 10
33046.80459176396
 20
9727.35551341988
 30
21576.76832913483
 70
   192
  0
VERTEX
  5
771
330
744
100
AcDbEntity
  8
2
 62
    28
100
AcDbVertex
100
AcDbPolyFaceMeshVertex
 10
33049.98656845581
 20
9728.632998326928
 30
21577.09272396626
 70
   192
  0
VERTEX
  5
772
330
744
100
AcDbEntity
  8
2
 62
    28
100
AcDbVertex
100
AcDbPolyFaceMeshVertex
 10
33053.16855279456
 20
9727.355534503631
 30
21576.76832111501
 70
   192
  0
VERTEX
  5
773
330
744
100
AcDbEntity
  8
2
 62
    28
100
AcDbVertex
100
AcDbPolyFaceMeshVertex
 10
33054.48658150985
 20
9724.271442932242
 30
21575.98515137166
 70
   192
  0
VERTEX
  5
774
330
744
100
AcDbEntity
  8
2
 62
    28
100
AcDbVertex
100
AcDbPolyFaceMeshVertex
 10
33053.16857125583
 20
9721.187342627689
 30
21575.20198495022
 70
   192
  0
VERTEX
  5
775
330
744
100
AcDbEntity
  8
2
 62
    28
100
AcDbVertex
100
AcDbPolyFaceMeshVertex
 10
33049.9866016711
 20
9719.909133134315
 30
21565.12020565658
 70
   192
  0
VERTEX
  5
776
330
744
100
AcDbEntity
  8
2
 62
    28
100
AcDbVertex
100
AcDbPolyFaceMeshVertex
 10
33046.8046152533
 20
9721.186543897154
 30
21564.79561431094
 70
   192
  0
VERTEX
  5
777
330
744
100
AcDbEntity
  8
2
 62
    28
100
AcDbVertex
100
AcDbPolyFaceMeshVertex
 10
33045.4865815187
 20
9724.270517102143
 30
21564.01198703522
 70
   192
  0
VERTEX
  5
778
330
744
100
AcDbEntity
  8
2
 62
    28
100
AcDbVertex
100
AcDbPolyFaceMeshVertex
 10
33046.80458675338
 20
9727.354503071803
 30
21563.22836205969
 70
   192
  0
VERTEX
  5
779
330
744
100
AcDbEntity
  8
2
 62
    28
100
AcDbVertex
100
AcDbPolyFaceMeshVertex
 10
33049.98656136613
 20
9728.63194465127
 30
21562.90377626719
 70
   192
  0
VERTEX
  5
77A
330
744
100
AcDbEntity
  8
2
 62
    28
100
AcDbVertex
100
AcDbPolyFaceMeshVertex
 10
33053.16854778395
 20
9727.35453388843
 30
21563.22836761283
 70
   192
  0
VERTEX
  5
77B
330
744
100
AcDbEntity
  8
2
 62
    28
100
AcDbVertex
100
AcDbPolyFaceMeshVertex
 10
33054.48658151855
 20
9724.270560683435
 30
21564.01199488856
 70
   192
  0
VERTEX
  5
77C
330
744
100
AcDbEntity
  8
2
 62
    28
100
AcDbVertex
100
AcDbPolyFaceMeshVertex
 10
33053.16857628386
 20
9721.186574713782
 30
21564.79561986409
 70
   192
  0
VERTEX
  5
77D
330
744
100
AcDbEntity
  8
2
 62
    28
100
AcDbVertex
100
AcDbPolyFaceMeshVertex
 10
33049.98664731568
 20
9715.251884606521
 30
21556.54602416699
 70
   192
  0
VERTEX
  5
77E
330
744
100
AcDbEntity
  8
2
 62
    28
100
AcDbVertex
100
AcDbPolyFaceMeshVertex
 10
33046.80466138204
 20
9716.219524088947
 30
21555.65114165399
 70
   192
  0
VERTEX
  5
77F
330
744
100
AcDbEntity
  8
2
 62
    28
100
AcDbVertex
100
AcDbPolyFaceMeshVertex
 10
33045.4866288163
 20
9718.555655938235
 30
21553.4907126456
 70
   192
  0
VERTEX
  5
780
330
744
100
AcDbEntity
  8
2
 62
    28
100
AcDbVertex
100
AcDbPolyFaceMeshVertex
 10
33046.80463521978
 20
9720.891805800558
 30
21551.33028715439
 70
   192
  0
VERTEX
  5
781
330
744
100
AcDbEntity
  8
2
 62
    28
100
AcDbVertex
100
AcDbPolyFaceMeshVertex
 10
33049.98661031664
 20
9721.859488770311
 30
21550.43541313261
 70
   192
  0
VERTEX
  5
782
330
744
100
AcDbEntity
  8
2
 62
    28
100
AcDbVertex
100
AcDbPolyFaceMeshVertex
 10
33053.16859625028
 20
9720.891849287884
 30
21551.3302956456
 70
   192
  0
VERTEX
  5
783
330
744
100
AcDbEntity
  8
2
 62
    28
100
AcDbVertex
100
AcDbPolyFaceMeshVertex
 10
33054.48662881602
 20
9718.555717438603
 30
21553.49072465399
 70
   192
  0
VERTEX
  5
784
330
744
100
AcDbEntity
  8
2
 62
    28
100
AcDbVertex
100
AcDbPolyFaceMeshVertex
 10
33053.16862241254
 20
9716.219567576272
 30
21555.6511501452
 70
   192
  0
VERTEX
  5
785
330
744
100
AcDbEntity
  8
2
 62
    28
100
AcDbVertex
100
AcDbPolyFaceMeshVertex
 10
33049.98672215241
 20
9707.06727945467
 30
21551.23388800804
 70
   192
  0
VERTEX
  5
786
330
744
100
AcDbEntity
  8
2
 62
    28
100
AcDbVertex
100
AcDbPolyFaceMeshVertex
 10
33046.80473864459
 20
9707.490536715193
 30
21549.98568545667
 70
   192
  0
VERTEX
  5
787
330
744
100
AcDbEntity
  8
2
 62
    28
100
AcDbVertex
100
AcDbPolyFaceMeshVertex
 10
33045.48671193505
 20
9708.512433414302
 30
21546.97226413037
 70
   192
  0
VERTEX
  5
788
330
744
100
AcDbEntity
  8
2
 62
    28
100
AcDbVertex
100
AcDbPolyFaceMeshVertex
 10
33046.80472419506
 20
9709.534328794742
 30
21543.95883603634
 70
   192
  0
VERTEX
  5
789
330
744
100
AcDbEntity
  8
2
 62
    28
100
AcDbVertex
100
AcDbPolyFaceMeshVertex
 10
33049.98670171769
 20
9709.957637932233
 30
21542.71063581942
 70
   192
  0
VERTEX
  5
78A
330
744
100
AcDbEntity
  8
2
 62
    28
100
AcDbVertex
100
AcDbPolyFaceMeshVertex
 10
33053.1686852255
 20
9709.534380671714
 30
21543.95883837079
 70
   192
  0
VERTEX
  5
78B
330
744
100
AcDbEntity
  8
2
 62
    28
100
AcDbVertex
100
AcDbPolyFaceMeshVertex
 10
33054.48671193487
 20
9708.512495376019
 30
21546.97226356444
 70
   192
  0
VERTEX
  5
78C
330
744
100
AcDbEntity
  8
2
 62
    28
100
AcDbVertex
100
AcDbPolyFaceMeshVertex
 10
33053.16869967502
 20
9707.490588592178
 30
21549.98568779113
 70
   192
  0
VERTEX
  5
78D
330
744
100
AcDbEntity
  8
2
 62
    28
100
AcDbVertex
100
AcDbPolyFaceMeshVertex
 10
33045.48673380475
 20
9704.500016496257
 30
21545.6115953389
 70
   192
  0
VERTEX
  5
78E
330
744
100
AcDbEntity
  8
2
 62
    28
100
AcDbVertex
100
AcDbPolyFaceMeshVertex
 10
33046.80473429104
 20
9707.682004511018
 30
21543.33068599737
 70
   192
  0
VERTEX
  5
78F
330
744
100
AcDbEntity
  8
2
 62
    28
100
AcDbVertex
100
AcDbPolyFaceMeshVertex
 10
33049.98670693695
 20
9709.000042100883
 30
21542.38590117989
 70
   192
  0
VERTEX
  5
790
330
744
100
AcDbEntity
  8
2
 62
    28
100
AcDbVertex
100
AcDbPolyFaceMeshVertex
 10
33053.16869532161
 20
9707.682040721425
 30
21543.33068301902
 70
   192
  0
VERTEX
  5
791
330
744
100
AcDbEntity
  8
2
 62
    28
100
AcDbVertex
100
AcDbPolyFaceMeshVertex
 10
33054.4867338046
 20
9704.500067705509
 30
21545.61159112688
 70
   192
  0
VERTEX
  5
792
330
744
100
AcDbEntity
  8
2
 62
    28
100
AcDbVertex
100
AcDbPolyFaceMeshVertex
 10
33053.16873331831
 20
9701.318079690747
 30
21547.89250046841
 70
   192
  0
VERTEX
  5
793
330
744
100
AcDbEntity
  8
2
 62
    28
100
AcDbVertex
100
AcDbPolyFaceMeshVertex
 10
33049.9867606724
 20
9700.000042100883
 30
21548.83728528589
 70
   192
  0
VERTEX
  5
794
330
744
100
AcDbEntity
  8
2
 62
    28
100
AcDbVertex
100
AcDbPolyFaceMeshVertex
 10
33046.80477228773
 20
9701.318043480338
 30
21547.89250344676
 70
   192
  0
VERTEX
  5
795
330
744
100
AcDbEntity
  8
2
 62
    28
100
AcDbVertex
100
AcDbPolyFaceMeshVertex
 10
33045.48673380475
 20
9704.500016496368
 30
21541.37474425957
 70
   192
  0
VERTEX
  5
796
330
744
100
AcDbEntity
  8
2
 62
    28
100
AcDbVertex
100
AcDbPolyFaceMeshVertex
 10
33046.80473518418
 20
9707.682004511076
 30
21541.37474367385
 70
   192
  0
VERTEX
  5
797
330
744
100
AcDbEntity
  8
2
 62
    28
100
AcDbVertex
100
AcDbPolyFaceMeshVertex
 10
33049.98670820005
 20
9709.00004210092
 30
21541.37474225965
 70
   192
  0
VERTEX
  5
798
330
744
100
AcDbEntity
  8
2
 62
    28
100
AcDbVertex
100
AcDbPolyFaceMeshVertex
 10
33053.16869621476
 20
9707.682040721484
 30
21541.37474084538
 70
   192
  0
VERTEX
  5
799
330
744
100
AcDbEntity
  8
2
 62
    28
100
AcDbVertex
100
AcDbPolyFaceMeshVertex
 10
33054.4867338046
 20
9704.500067705618
 30
21541.37474025951
 70
   192
  0
VERTEX
  5
79A
330
744
100
AcDbEntity
  8
2
 62
    28
100
AcDbVertex
100
AcDbPolyFaceMeshVertex
 10
33053.16873242516
 20
9701.31807969091
 30
21541.37474084523
 70
   192
  0
VERTEX
  5
79B
330
744
100
AcDbEntity
  8
2
 62
    28
100
AcDbVertex
100
AcDbPolyFaceMeshVertex
 10
33049.9867594093
 20
9700.000042101065
 30
21541.37474225943
 70
   192
  0
VERTEX
  5
79C
330
744
100
AcDbEntity
  8
2
 62
    28
100
AcDbVertex
100
AcDbPolyFaceMeshVertex
 10
33046.80477139459
 20
9701.3180434805
 30
21541.3747436737
 70
   192
  0
VERTEX
  5
79D
330
744
100
AcDbEntity
  8
2
 62
    28
100
AcDbVertex
100
AcDbPolyFaceMeshVertex
 10
33045.4867198602
 20
9704.500016497062
 30
21510.00000200006
 70
   192
  0
VERTEX
  5
79E
330
744
100
AcDbEntity
  8
2
 62
    28
100
AcDbVertex
100
AcDbPolyFaceMeshVertex
 10
33046.80472123963
 20
9707.682004511773
 30
21510.00000141435
 70
   192
  0
VERTEX
  5
79F
330
744
100
AcDbEntity
  8
2
 62
    28
100
AcDbVertex
100
AcDbPolyFaceMeshVertex
 10
33049.9866942555
 20
9709.000042101616
 30
21510.00000000014
 70
   192
  0
VERTEX
  5
7A0
330
744
100
AcDbEntity
  8
2
 62
    28
100
AcDbVertex
100
AcDbPolyFaceMeshVertex
 10
33053.16868227021
 20
9707.68204072218
 30
21509.99999858587
 70
   192
  0
VERTEX
  5
7A1
330
744
100
AcDbEntity
  8
2
 62
    28
100
AcDbVertex
100
AcDbPolyFaceMeshVertex
 10
33054.48671986005
 20
9704.500067706314
 30
21509.999998
 70
   192
  0
VERTEX
  5
7A2
330
744
100
AcDbEntity
  8
2
 62
    28
100
AcDbVertex
100
AcDbPolyFaceMeshVertex
 10
33053.16871848062
 20
9701.318079691604
 30
21509.99999858572
 70
   192
  0
VERTEX
  5
7A3
330
744
100
AcDbEntity
  8
2
 62
    28
100
AcDbVertex
100
AcDbPolyFaceMeshVertex
 10
33049.98674546475
 20
9700.000042101761
 30
21509.99999999992
 70
   192
  0
VERTEX
  5
7A4
330
744
100
AcDbEntity
  8
2
 62
    28
100
AcDbVertex
100
AcDbPolyFaceMeshVertex
 10
33046.80475745004
 20
9701.318043481197
 30
21510.00000141419
 70
   192
  0
VERTEX
  5
7A5
330
744
100
AcDbEntity
  8
2
 62
    28
100
AcDbFaceRecord
 10
0.0
 20
0.0
 30
0.0
 70
   128
 71
     1
 72
     2
 73
    -3
 74
    -3
  0
VERTEX
  5
7A6
330
744
100
AcDbEntity
  8
2
 62
    28
100
AcDbFaceRecord
 10
0.0
 20
0.0
 30
0.0
 70
   128
 71
    -1
 72
     3
 73
     4
 74
     4
  0
VERTEX
  5
7A7
330
744
100
AcDbEntity
  8
2
 62
    28
100
AcDbFaceRecord
 10
0.0
 20
0.0
 30
0.0
 70
   128
 71
     2
 72
     5
 73
    -6
 74
    -6
  0
VERTEX
  5
7A8
330
744
100
AcDbEntity
  8
2
 62
    28
100
AcDbFaceRecord
 10
0.0
 20
0.0
 30
0.0
 70
   128
 71
    -2
 72
     6
 73
     3
 74
     3
  0
VERTEX
  5
7A9
330
744
100
AcDbEntity
  8
2
 62
    28
100
AcDbFaceRecord
 10
0.0
 20
0.0
 30
0.0
 70
   128
 71
     5
 72
     7
 73
    -8
 74
    -8
  0
VERTEX
  5
7AA
330
744
100
AcDbEntity
  8
2
 62
    28
100
AcDbFaceRecord
 10
0.0
 20
0.0
 30
0.0
 70
   128
 71
    -5
 72
     8
 73
     6
 74
     6
  0
VERTEX
  5
7AB
330
744
100
AcDbEntity
  8
2
 62
    28
100
AcDbFaceRecord
 10
0.0
 20
0.0
 30
0.0
 70
   128
 71
     7
 72
     9
 73
   -10
 74
   -10
  0
VERTEX
  5
7AC
330
744
100
AcDbEntity
  8
2
 62
    28
100
AcDbFaceRecord
 10
0.0
 20
0.0
 30
0.0
 70
   128
 71
    -7
 72
    10
 73
     8
 74
     8
  0
VERTEX
  5
7AD
330
744
100
AcDbEntity
  8
2
 62
    28
100
AcDbFaceRecord
 10
0.0
 20
0.0
 30
0.0
 70
   128
 71
     9
 72
    11
 73
   -12
 74
   -12
  0
VERTEX
  5
7AE
330
744
100
AcDbEntity
  8
2
 62
    28
100
AcDbFaceRecord
 10
0.0
 20
0.0
 30
0.0
 70
   128
 71
    -9
 72
    12
 73
    10
 74
    10
  0
VERTEX
  5
7AF
330
744
100
AcDbEntity
  8
2
 62
    28
100
AcDbFaceRecord
 10
0.0
 20
0.0
 30
0.0
 70
   128
 71
    11
 72
    13
 73
   -14
 74
   -14
  0
VERTEX
  5
7B0
330
744
100
AcDbEntity
  8
2
 62
    28
100
AcDbFaceRecord
 10
0.0
 20
0.0
 30
0.0
 70
   128
 71
   -11
 72
    14
 73
    12
 74
    12
  0
VERTEX
  5
7B1
330
744
100
AcDbEntity
  8
2
 62
    28
100
AcDbFaceRecord
 10
0.0
 20
0.0
 30
0.0
 70
   128
 71
    13
 72
    15
 73
   -16
 74
   -16
  0
VERTEX
  5
7B2
330
744
100
AcDbEntity
  8
2
 62
    28
100
AcDbFaceRecord
 10
0.0
 20
0.0
 30
0.0
 70
   128
 71
   -13
 72
    16
 73
    14
 74
    14
  0
VERTEX
  5
7B3
330
744
100
AcDbEntity
  8
2
 62
    28
100
AcDbFaceRecord
 10
0.0
 20
0.0
 30
0.0
 70
   128
 71
    15
 72
     1
 73
    -4
 74
    -4
  0
VERTEX
  5
7B4
330
744
100
AcDbEntity
  8
2
 62
    28
100
AcDbFaceRecord
 10
0.0
 20
0.0
 30
0.0
 70
   128
 71
   -15
 72
     4
 73
    16
 74
    16
  0
VERTEX
  5
7B5
330
744
100
AcDbEntity
  8
2
 62
    28
100
AcDbFaceRecord
 10
0.0
 20
0.0
 30
0.0
 70
   128
 71
    -4
 72
    14
 73
    16
 74
    16
  0
VERTEX
  5
7B6
330
744
100
AcDbEntity
  8
2
 62
    28
100
AcDbFaceRecord
 10
0.0
 20
0.0
 30
0.0
 70
   128
 71
   -14
 72
    -4
 73
    12
 74
    12
  0
VERTEX
  5
7B7
330
744
100
AcDbEntity
  8
2
 62
    28
100
AcDbFaceRecord
 10
0.0
 20
0.0
 30
0.0
 70
   128
 71
   -12
 72
    -4
 73
    10
 74
    10
  0
VERTEX
  5
7B8
330
744
100
AcDbEntity
  8
2
 62
    28
100
AcDbFaceRecord
 10
0.0
 20
0.0
 30
0.0
 70
   128
 71
   -10
 72
     4
 73
    -3
 74
    -3
  0
VERTEX
  5
7B9
330
744
100
AcDbEntity
  8
2
 62
    28
100
AcDbFaceRecord
 10
0.0
 20
0.0
 30
0.0
 70
   128
 71
   -10
 72
    -3
 73
     8
 74
     8
  0
VERTEX
  5
7BA
330
744
100
AcDbEntity
  8
2
 62
    28
100
AcDbFaceRecord
 10
0.0
 20
0.0
 30
0.0
 70
   128
 71
    -8
 72
     3
 73
     6
 74
     6
  0
VERTEX
  5
7BB
330
744
100
AcDbEntity
  8
2
 62
    28
100
AcDbFaceRecord
 10
0.0
 20
0.0
 30
0.0
 70
   128
 71
    17
 72
    18
 73
    -2
 74
    -2
  0
VERTEX
  5
7BC
330
744
100
AcDbEntity
  8
2
 62
    28
100
AcDbFaceRecord
 10
0.0
 20
0.0
 30
0.0
 70
   128
 71
   -17
 72
     2
 73
     1
 74
     1
  0
VERTEX
  5
7BD
330
744
100
AcDbEntity
  8
2
 62
    28
100
AcDbFaceRecord
 10
0.0
 20
0.0
 30
0.0
 70
   128
 71
    18
 72
    19
 73
    -5
 74
    -5
  0
VERTEX
  5
7BE
330
744
100
AcDbEntity
  8
2
 62
    28
100
AcDbFaceRecord
 10
0.0
 20
0.0
 30
0.0
 70
   128
 71
   -18
 72
     5
 73
     2
 74
     2
  0
VERTEX
  5
7BF
330
744
100
AcDbEntity
  8
2
 62
    28
100
AcDbFaceRecord
 10
0.0
 20
0.0
 30
0.0
 70
   128
 71
    19
 72
    20
 73
    -7
 74
    -7
  0
VERTEX
  5
7C0
330
744
100
AcDbEntity
  8
2
 62
    28
100
AcDbFaceRecord
 10
0.0
 20
0.0
 30
0.0
 70
   128
 71
   -19
 72
     7
 73
     5
 74
     5
  0
VERTEX
  5
7C1
330
744
100
AcDbEntity
  8
2
 62
    28
100
AcDbFaceRecord
 10
0.0
 20
0.0
 30
0.0
 70
   128
 71
    20
 72
    21
 73
    -9
 74
    -9
  0
VERTEX
  5
7C2
330
744
100
AcDbEntity
  8
2
 62
    28
100
AcDbFaceRecord
 10
0.0
 20
0.0
 30
0.0
 70
   128
 71
   -20
 72
     9
 73
     7
 74
     7
  0
VERTEX
  5
7C3
330
744
100
AcDbEntity
  8
2
 62
    28
100
AcDbFaceRecord
 10
0.0
 20
0.0
 30
0.0
 70
   128
 71
    21
 72
    22
 73
   -11
 74
   -11
  0
VERTEX
  5
7C4
330
744
100
AcDbEntity
  8
2
 62
    28
100
AcDbFaceRecord
 10
0.0
 20
0.0
 30
0.0
 70
   128
 71
   -21
 72
    11
 73
     9
 74
     9
  0
VERTEX
  5
7C5
330
744
100
AcDbEntity
  8
2
 62
    28
100
AcDbFaceRecord
 10
0.0
 20
0.0
 30
0.0
 70
   128
 71
    22
 72
    23
 73
   -13
 74
   -13
  0
VERTEX
  5
7C6
330
744
100
AcDbEntity
  8
2
 62
    28
100
AcDbFaceRecord
 10
0.0
 20
0.0
 30
0.0
 70
   128
 71
   -22
 72
    13
 73
    11
 74
    11
  0
VERTEX
  5
7C7
330
744
100
AcDbEntity
  8
2
 62
    28
100
AcDbFaceRecord
 10
0.0
 20
0.0
 30
0.0
 70
   128
 71
    23
 72
    24
 73
   -15
 74
   -15
  0
VERTEX
  5
7C8
330
744
100
AcDbEntity
  8
2
 62
    28
100
AcDbFaceRecord
 10
0.0
 20
0.0
 30
0.0
 70
   128
 71
   -23
 72
    15
 73
    13
 74
    13
  0
VERTEX
  5
7C9
330
744
100
AcDbEntity
  8
2
 62
    28
100
AcDbFaceRecord
 10
0.0
 20
0.0
 30
0.0
 70
   128
 71
    24
 72
    17
 73
    -1
 74
    -1
  0
VERTEX
  5
7CA
330
744
100
AcDbEntity
  8
2
 62
    28
100
AcDbFaceRecord
 10
0.0
 20
0.0
 30
0.0
 70
   128
 71
   -24
 72
     1
 73
    15
 74
    15
  0
VERTEX
  5
7CB
330
744
100
AcDbEntity
  8
2
 62
    28
100
AcDbFaceRecord
 10
0.0
 20
0.0
 30
0.0
 70
   128
 71
    25
 72
    26
 73
   -18
 74
   -18
  0
VERTEX
  5
7CC
330
744
100
AcDbEntity
  8
2
 62
    28
100
AcDbFaceRecord
 10
0.0
 20
0.0
 30
0.0
 70
   128
 71
   -25
 72
    18
 73
    17
 74
    17
  0
VERTEX
  5
7CD
330
744
100
AcDbEntity
  8
2
 62
    28
100
AcDbFaceRecord
 10
0.0
 20
0.0
 30
0.0
 70
   128
 71
    26
 72
    27
 73
   -19
 74
   -19
  0
VERTEX
  5
7CE
330
744
100
AcDbEntity
  8
2
 62
    28
100
AcDbFaceRecord
 10
0.0
 20
0.0
 30
0.0
 70
   128
 71
   -26
 72
    19
 73
    18
 74
    18
  0
VERTEX
  5
7CF
330
744
100
AcDbEntity
  8
2
 62
    28
100
AcDbFaceRecord
 10
0.0
 20
0.0
 30
0.0
 70
   128
 71
    27
 72
    28
 73
   -20
 74
   -20
  0
VERTEX
  5
7D0
330
744
100
AcDbEntity
  8
2
 62
    28
100
AcDbFaceRecord
 10
0.0
 20
0.0
 30
0.0
 70
   128
 71
   -27
 72
    20
 73
    19
 74
    19
  0
VERTEX
  5
7D1
330
744
100
AcDbEntity
  8
2
 62
    28
100
AcDbFaceRecord
 10
0.0
 20
0.0
 30
0.0
 70
   128
 71
    28
 72
    29
 73
   -21
 74
   -21
  0
VERTEX
  5
7D2
330
744
100
AcDbEntity
  8
2
 62
    28
100
AcDbFaceRecord
 10
0.0
 20
0.0
 30
0.0
 70
   128
 71
   -28
 72
    21
 73
    20
 74
    20
  0
VERTEX
  5
7D3
330
744
100
AcDbEntity
  8
2
 62
    28
100
AcDbFaceRecord
 10
0.0
 20
0.0
 30
0.0
 70
   128
 71
    29
 72
    30
 73
   -22
 74
   -22
  0
VERTEX
  5
7D4
330
744
100
AcDbEntity
  8
2
 62
    28
100
AcDbFaceRecord
 10
0.0
 20
0.0
 30
0.0
 70
   128
 71
   -29
 72
    22
 73
    21
 74
    21
  0
VERTEX
  5
7D5
330
744
100
AcDbEntity
  8
2
 62
    28
100
AcDbFaceRecord
 10
0.0
 20
0.0
 30
0.0
 70
   128
 71
    30
 72
    31
 73
   -23
 74
   -23
  0
VERTEX
  5
7D6
330
744
100
AcDbEntity
  8
2
 62
    28
100
AcDbFaceRecord
 10
0.0
 20
0.0
 30
0.0
 70
   128
 71
   -30
 72
    23
 73
    22
 74
    22
  0
VERTEX
  5
7D7
330
744
100
AcDbEntity
  8
2
 62
    28
100
AcDbFaceRecord
 10
0.0
 20
0.0
 30
0.0
 70
   128
 71
    31
 72
    32
 73
   -24
 74
   -24
  0
VERTEX
  5
7D8
330
744
100
AcDbEntity
  8
2
 62
    28
100
AcDbFaceRecord
 10
0.0
 20
0.0
 30
0.0
 70
   128
 71
   -31
 72
    24
 73
    23
 74
    23
  0
VERTEX
  5
7D9
330
744
100
AcDbEntity
  8
2
 62
    28
100
AcDbFaceRecord
 10
0.0
 20
0.0
 30
0.0
 70
   128
 71
    32
 72
    25
 73
   -17
 74
   -17
  0
VERTEX
  5
7DA
330
744
100
AcDbEntity
  8
2
 62
    28
100
AcDbFaceRecord
 10
0.0
 20
0.0
 30
0.0
 70
   128
 71
   -32
 72
    17
 73
    24
 74
    24
  0
VERTEX
  5
7DB
330
744
100
AcDbEntity
  8
2
 62
    28
100
AcDbFaceRecord
 10
0.0
 20
0.0
 30
0.0
 70
   128
 71
    33
 72
    34
 73
   -31
 74
   -31
  0
VERTEX
  5
7DC
330
744
100
AcDbEntity
  8
2
 62
    28
100
AcDbFaceRecord
 10
0.0
 20
0.0
 30
0.0
 70
   128
 71
   -33
 72
    31
 73
    30
 74
    30
  0
VERTEX
  5
7DD
330
744
100
AcDbEntity
  8
2
 62
    28
100
AcDbFaceRecord
 10
0.0
 20
0.0
 30
0.0
 70
   128
 71
    35
 72
    33
 73
   -30
 74
   -30
  0
VERTEX
  5
7DE
330
744
100
AcDbEntity
  8
2
 62
    28
100
AcDbFaceRecord
 10
0.0
 20
0.0
 30
0.0
 70
   128
 71
   -35
 72
    30
 73
    29
 74
    29
  0
VERTEX
  5
7DF
330
744
100
AcDbEntity
  8
2
 62
    28
100
AcDbFaceRecord
 10
0.0
 20
0.0
 30
0.0
 70
   128
 71
    36
 72
    35
 73
   -29
 74
   -29
  0
VERTEX
  5
7E0
330
744
100
AcDbEntity
  8
2
 62
    28
100
AcDbFaceRecord
 10
0.0
 20
0.0
 30
0.0
 70
   128
 71
   -36
 72
    29
 73
    28
 74
    28
  0
VERTEX
  5
7E1
330
744
100
AcDbEntity
  8
2
 62
    28
100
AcDbFaceRecord
 10
0.0
 20
0.0
 30
0.0
 70
   128
 71
    37
 72
    36
 73
   -28
 74
   -28
  0
VERTEX
  5
7E2
330
744
100
AcDbEntity
  8
2
 62
    28
100
AcDbFaceRecord
 10
0.0
 20
0.0
 30
0.0
 70
   128
 71
   -37
 72
    28
 73
    27
 74
    27
  0
VERTEX
  5
7E3
330
744
100
AcDbEntity
  8
2
 62
    28
100
AcDbFaceRecord
 10
0.0
 20
0.0
 30
0.0
 70
   128
 71
    38
 72
    37
 73
   -27
 74
   -27
  0
VERTEX
  5
7E4
330
744
100
AcDbEntity
  8
2
 62
    28
100
AcDbFaceRecord
 10
0.0
 20
0.0
 30
0.0
 70
   128
 71
   -38
 72
    27
 73
    26
 74
    26
  0
VERTEX
  5
7E5
330
744
100
AcDbEntity
  8
2
 62
    28
100
AcDbFaceRecord
 10
0.0
 20
0.0
 30
0.0
 70
   128
 71
    39
 72
    38
 73
   -26
 74
   -26
  0
VERTEX
  5
7E6
330
744
100
AcDbEntity
  8
2
 62
    28
100
AcDbFaceRecord
 10
0.0
 20
0.0
 30
0.0
 70
   128
 71
   -39
 72
    26
 73
    25
 74
    25
  0
VERTEX
  5
7E7
330
744
100
AcDbEntity
  8
2
 62
    28
100
AcDbFaceRecord
 10
0.0
 20
0.0
 30
0.0
 70
   128
 71
    40
 72
    39
 73
   -25
 74
   -25
  0
VERTEX
  5
7E8
330
744
100
AcDbEntity
  8
2
 62
    28
100
AcDbFaceRecord
 10
0.0
 20
0.0
 30
0.0
 70
   128
 71
   -40
 72
    25
 73
    32
 74
    32
  0
VERTEX
  5
7E9
330
744
100
AcDbEntity
  8
2
 62
    28
100
AcDbFaceRecord
 10
0.0
 20
0.0
 30
0.0
 70
   128
 71
    34
 72
    40
 73
   -32
 74
   -32
  0
VERTEX
  5
7EA
330
744
100
AcDbEntity
  8
2
 62
    28
100
AcDbFaceRecord
 10
0.0
 20
0.0
 30
0.0
 70
   128
 71
   -34
 72
    32
 73
    31
 74
    31
  0
VERTEX
  5
7EB
330
744
100
AcDbEntity
  8
2
 62
    28
100
AcDbFaceRecord
 10
0.0
 20
0.0
 30
0.0
 70
   128
 71
    34
 72
    41
 73
   -42
 74
   -42
  0
VERTEX
  5
7EC
330
744
100
AcDbEntity
  8
2
 62
    28
100
AcDbFaceRecord
 10
0.0
 20
0.0
 30
0.0
 70
   128
 71
   -34
 72
    42
 73
    40
 74
    40
  0
VERTEX
  5
7ED
330
744
100
AcDbEntity
  8
2
 62
    28
100
AcDbFaceRecord
 10
0.0
 20
0.0
 30
0.0
 70
   128
 71
    40
 72
    42
 73
   -43
 74
   -43
  0
VERTEX
  5
7EE
330
744
100
AcDbEntity
  8
2
 62
    28
100
AcDbFaceRecord
 10
0.0
 20
0.0
 30
0.0
 70
   128
 71
   -40
 72
    43
 73
    39
 74
    39
  0
VERTEX
  5
7EF
330
744
100
AcDbEntity
  8
2
 62
    28
100
AcDbFaceRecord
 10
0.0
 20
0.0
 30
0.0
 70
   128
 71
    39
 72
    43
 73
   -44
 74
   -44
  0
VERTEX
  5
7F0
330
744
100
AcDbEntity
  8
2
 62
    28
100
AcDbFaceRecord
 10
0.0
 20
0.0
 30
0.0
 70
   128
 71
   -39
 72
    44
 73
    38
 74
    38
  0
VERTEX
  5
7F1
330
744
100
AcDbEntity
  8
2
 62
    28
100
AcDbFaceRecord
 10
0.0
 20
0.0
 30
0.0
 70
   128
 71
    38
 72
    44
 73
   -45
 74
   -45
  0
VERTEX
  5
7F2
330
744
100
AcDbEntity
  8
2
 62
    28
100
AcDbFaceRecord
 10
0.0
 20
0.0
 30
0.0
 70
   128
 71
   -38
 72
    45
 73
    37
 74
    37
  0
VERTEX
  5
7F3
330
744
100
AcDbEntity
  8
2
 62
    28
100
AcDbFaceRecord
 10
0.0
 20
0.0
 30
0.0
 70
   128
 71
    37
 72
    45
 73
   -46
 74
   -46
  0
VERTEX
  5
7F4
330
744
100
AcDbEntity
  8
2
 62
    28
100
AcDbFaceRecord
 10
0.0
 20
0.0
 30
0.0
 70
   128
 71
   -37
 72
    46
 73
    36
 74
    36
  0
VERTEX
  5
7F5
330
744
100
AcDbEntity
  8
2
 62
    28
100
AcDbFaceRecord
 10
0.0
 20
0.0
 30
0.0
 70
   128
 71
    36
 72
    46
 73
   -47
 74
   -47
  0
VERTEX
  5
7F6
330
744
100
AcDbEntity
  8
2
 62
    28
100
AcDbFaceRecord
 10
0.0
 20
0.0
 30
0.0
 70
   128
 71
   -36
 72
    47
 73
    35
 74
    35
  0
VERTEX
  5
7F7
330
744
100
AcDbEntity
  8
2
 62
    28
100
AcDbFaceRecord
 10
0.0
 20
0.0
 30
0.0
 70
   128
 71
    35
 72
    47
 73
   -48
 74
   -48
  0
VERTEX
  5
7F8
330
744
100
AcDbEntity
  8
2
 62
    28
100
AcDbFaceRecord
 10
0.0
 20
0.0
 30
0.0
 70
   128
 71
   -35
 72
    48
 73
    33
 74
    33
  0
VERTEX
  5
7F9
330
744
100
AcDbEntity
  8
2
 62
    28
100
AcDbFaceRecord
 10
0.0
 20
0.0
 30
0.0
 70
   128
 71
    33
 72
    48
 73
   -41
 74
   -41
  0
VERTEX
  5
7FA
330
744
100
AcDbEntity
  8
2
 62
    28
100
AcDbFaceRecord
 10
0.0
 20
0.0
 30
0.0
 70
   128
 71
   -33
 72
    41
 73
    34
 74
    34
  0
VERTEX
  5
7FB
330
744
100
AcDbEntity
  8
2
 62
    28
100
AcDbFaceRecord
 10
0.0
 20
0.0
 30
0.0
 70
   128
 71
    41
 72
    49
 73
   -50
 74
   -50
  0
VERTEX
  5
7FC
330
744
100
AcDbEntity
  8
2
 62
    28
100
AcDbFaceRecord
 10
0.0
 20
0.0
 30
0.0
 70
   128
 71
   -41
 72
    50
 73
    42
 74
    42
  0
VERTEX
  5
7FD
330
744
100
AcDbEntity
  8
2
 62
    28
100
AcDbFaceRecord
 10
0.0
 20
0.0
 30
0.0
 70
   128
 71
    42
 72
    50
 73
   -51
 74
   -51
  0
VERTEX
  5
7FE
330
744
100
AcDbEntity
  8
2
 62
    28
100
AcDbFaceRecord
 10
0.0
 20
0.0
 30
0.0
 70
   128
 71
   -42
 72
    51
 73
    43
 74
    43
  0
VERTEX
  5
7FF
330
744
100
AcDbEntity
  8
2
 62
    28
100
AcDbFaceRecord
 10
0.0
 20
0.0
 30
0.0
 70
   128
 71
    43
 72
    51
 73
   -52
 74
   -52
  0
VERTEX
  5
800
330
744
100
AcDbEntity
  8
2
 62
    28
100
AcDbFaceRecord
 10
0.0
 20
0.0
 30
0.0
 70
   128
 71
   -43
 72
    52
 73
    44
 74
    44
  0
VERTEX
  5
801
330
744
100
AcDbEntity
  8
2
 62
    28
100
AcDbFaceRecord
 10
0.0
 20
0.0
 30
0.0
 70
   128
 71
    44
 72
    52
 73
   -53
 74
   -53
  0
VERTEX
  5
802
330
744
100
AcDbEntity
  8
2
 62
    28
100
AcDbFaceRecord
 10
0.0
 20
0.0
 30
0.0
 70
   128
 71
   -44
 72
    53
 73
    45
 74
    45
  0
VERTEX
  5
803
330
744
100
AcDbEntity
  8
2
 62
    28
100
AcDbFaceRecord
 10
0.0
 20
0.0
 30
0.0
 70
   128
 71
    45
 72
    53
 73
   -54
 74
   -54
  0
VERTEX
  5
804
330
744
100
AcDbEntity
  8
2
 62
    28
100
AcDbFaceRecord
 10
0.0
 20
0.0
 30
0.0
 70
   128
 71
   -45
 72
    54
 73
    46
 74
    46
  0
VERTEX
  5
805
330
744
100
AcDbEntity
  8
2
 62
    28
100
AcDbFaceRecord
 10
0.0
 20
0.0
 30
0.0
 70
   128
 71
    46
 72
    54
 73
   -55
 74
   -55
  0
VERTEX
  5
806
330
744
100
AcDbEntity
  8
2
 62
    28
100
AcDbFaceRecord
 10
0.0
 20
0.0
 30
0.0
 70
   128
 71
   -46
 72
    55
 73
    47
 74
    47
  0
VERTEX
  5
807
330
744
100
AcDbEntity
  8
2
 62
    28
100
AcDbFaceRecord
 10
0.0
 20
0.0
 30
0.0
 70
   128
 71
    47
 72
    55
 73
   -56
 74
   -56
  0
VERTEX
  5
808
330
744
100
AcDbEntity
  8
2
 62
    28
100
AcDbFaceRecord
 10
0.0
 20
0.0
 30
0.0
 70
   128
 71
   -47
 72
    56
 73
    48
 74
    48
  0
VERTEX
  5
809
330
744
100
AcDbEntity
  8
2
 62
    28
100
AcDbFaceRecord
 10
0.0
 20
0.0
 30
0.0
 70
   128
 71
    48
 72
    56
 73
   -49
 74
   -49
  0
VERTEX
  5
80A
330
744
100
AcDbEntity
  8
2
 62
    28
100
AcDbFaceRecord
 10
0.0
 20
0.0
 30
0.0
 70
   128
 71
   -48
 72
    49
 73
    41
 74
    41
  0
VERTEX
  5
80B
330
744
100
AcDbEntity
  8
2
 62
    28
100
AcDbFaceRecord
 10
0.0
 20
0.0
 30
0.0
 70
   128
 71
    49
 72
    57
 73
   -58
 74
   -58
  0
VERTEX
  5
80C
330
744
100
AcDbEntity
  8
2
 62
    28
100
AcDbFaceRecord
 10
0.0
 20
0.0
 30
0.0
 70
   128
 71
   -49
 72
    58
 73
    50
 74
    50
  0
VERTEX
  5
80D
330
744
100
AcDbEntity
  8
2
 62
    28
100
AcDbFaceRecord
 10
0.0
 20
0.0
 30
0.0
 70
   128
 71
    50
 72
    58
 73
   -59
 74
   -59
  0
VERTEX
  5
80E
330
744
100
AcDbEntity
  8
2
 62
    28
100
AcDbFaceRecord
 10
0.0
 20
0.0
 30
0.0
 70
   128
 71
   -50
 72
    59
 73
    51
 74
    51
  0
VERTEX
  5
80F
330
744
100
AcDbEntity
  8
2
 62
    28
100
AcDbFaceRecord
 10
0.0
 20
0.0
 30
0.0
 70
   128
 71
    51
 72
    59
 73
   -60
 74
   -60
  0
VERTEX
  5
810
330
744
100
AcDbEntity
  8
2
 62
    28
100
AcDbFaceRecord
 10
0.0
 20
0.0
 30
0.0
 70
   128
 71
   -51
 72
    60
 73
    52
 74
    52
  0
VERTEX
  5
811
330
744
100
AcDbEntity
  8
2
 62
    28
100
AcDbFaceRecord
 10
0.0
 20
0.0
 30
0.0
 70
   128
 71
    52
 72
    60
 73
   -61
 74
   -61
  0
VERTEX
  5
812
330
744
100
AcDbEntity
  8
2
 62
    28
100
AcDbFaceRecord
 10
0.0
 20
0.0
 30
0.0
 70
   128
 71
   -52
 72
    61
 73
    53
 74
    53
  0
VERTEX
  5
813
330
744
100
AcDbEntity
  8
2
 62
    28
100
AcDbFaceRecord
 10
0.0
 20
0.0
 30
0.0
 70
   128
 71
    53
 72
    61
 73
   -62
 74
   -62
  0
VERTEX
  5
814
330
744
100
AcDbEntity
  8
2
 62
    28
100
AcDbFaceRecord
 10
0.0
 20
0.0
 30
0.0
 70
   128
 71
   -53
 72
    62
 73
    54
 74
    54
  0
VERTEX
  5
815
330
744
100
AcDbEntity
  8
2
 62
    28
100
AcDbFaceRecord
 10
0.0
 20
0.0
 30
0.0
 70
   128
 71
    54
 72
    62
 73
   -63
 74
   -63
  0
VERTEX
  5
816
330
744
100
AcDbEntity
  8
2
 62
    28
100
AcDbFaceRecord
 10
0.0
 20
0.0
 30
0.0
 70
   128
 71
   -54
 72
    63
 73
    55
 74
    55
  0
VERTEX
  5
817
330
744
100
AcDbEntity
  8
2
 62
    28
100
AcDbFaceRecord
 10
0.0
 20
0.0
 30
0.0
 70
   128
 71
    55
 72
    63
 73
   -64
 74
   -64
  0
VERTEX
  5
818
330
744
100
AcDbEntity
  8
2
 62
    28
100
AcDbFaceRecord
 10
0.0
 20
0.0
 30
0.0
 70
   128
 71
   -55
 72
    64
 73
    56
 74
    56
  0
VERTEX
  5
819
330
744
100
AcDbEntity
  8
2
 62
    28
100
AcDbFaceRecord
 10
0.0
 20
0.0
 30
0.0
 70
   128
 71
    56
 72
    64
 73
   -57
 74
   -57
  0
VERTEX
  5
81A
330
744
100
AcDbEntity
  8
2
 62
    28
100
AcDbFaceRecord
 10
0.0
 20
0.0
 30
0.0
 70
   128
 71
   -56
 72
    57
 73
    49
 74
    49
  0
VERTEX
  5
81B
330
744
100
AcDbEntity
  8
2
 62
    28
100
AcDbFaceRecord
 10
0.0
 20
0.0
 30
0.0
 70
   128
 71
    57
 72
    65
 73
   -66
 74
   -66
  0
VERTEX
  5
81C
330
744
100
AcDbEntity
  8
2
 62
    28
100
AcDbFaceRecord
 10
0.0
 20
0.0
 30
0.0
 70
   128
 71
   -57
 72
    66
 73
    58
 74
    58
  0
VERTEX
  5
81D
330
744
100
AcDbEntity
  8
2
 62
    28
100
AcDbFaceRecord
 10
0.0
 20
0.0
 30
0.0
 70
   128
 71
    58
 72
    66
 73
   -67
 74
   -67
  0
VERTEX
  5
81E
330
744
100
AcDbEntity
  8
2
 62
    28
100
AcDbFaceRecord
 10
0.0
 20
0.0
 30
0.0
 70
   128
 71
   -58
 72
    67
 73
    59
 74
    59
  0
VERTEX
  5
81F
330
744
100
AcDbEntity
  8
2
 62
    28
100
AcDbFaceRecord
 10
0.0
 20
0.0
 30
0.0
 70
   128
 71
    59
 72
    67
 73
   -68
 74
   -68
  0
VERTEX
  5
820
330
744
100
AcDbEntity
  8
2
 62
    28
100
AcDbFaceRecord
 10
0.0
 20
0.0
 30
0.0
 70
   128
 71
   -59
 72
    68
 73
    60
 74
    60
  0
VERTEX
  5
821
330
744
100
AcDbEntity
  8
2
 62
    28
100
AcDbFaceRecord
 10
0.0
 20
0.0
 30
0.0
 70
   128
 71
    60
 72
    68
 73
   -69
 74
   -69
  0
VERTEX
  5
822
330
744
100
AcDbEntity
  8
2
 62
    28
100
AcDbFaceRecord
 10
0.0
 20
0.0
 30
0.0
 70
   128
 71
   -60
 72
    69
 73
    61
 74
    61
  0
VERTEX
  5
823
330
744
100
AcDbEntity
  8
2
 62
    28
100
AcDbFaceRecord
 10
0.0
 20
0.0
 30
0.0
 70
   128
 71
    61
 72
    69
 73
   -70
 74
   -70
  0
VERTEX
  5
824
330
744
100
AcDbEntity
  8
2
 62
    28
100
AcDbFaceRecord
 10
0.0
 20
0.0
 30
0.0
 70
   128
 71
   -61
 72
    70
 73
    62
 74
    62
  0
VERTEX
  5
825
330
744
100
AcDbEntity
  8
2
 62
    28
100
AcDbFaceRecord
 10
0.0
 20
0.0
 30
0.0
 70
   128
 71
    62
 72
    70
 73
   -71
 74
   -71
  0
VERTEX
  5
826
330
744
100
AcDbEntity
  8
2
 62
    28
100
AcDbFaceRecord
 10
0.0
 20
0.0
 30
0.0
 70
   128
 71
   -62
 72
    71
 73
    63
 74
    63
  0
VERTEX
  5
827
330
744
100
AcDbEntity
  8
2
 62
    28
100
AcDbFaceRecord
 10
0.0
 20
0.0
 30
0.0
 70
   128
 71
    63
 72
    71
 73
   -72
 74
   -72
  0
VERTEX
  5
828
330
744
100
AcDbEntity
  8
2
 62
    28
100
AcDbFaceRecord
 10
0.0
 20
0.0
 30
0.0
 70
   128
 71
   -63
 72
    72
 73
    64
 74
    64
  0
VERTEX
  5
829
330
744
100
AcDbEntity
  8
2
 62
    28
100
AcDbFaceRecord
 10
0.0
 20
0.0
 30
0.0
 70
   128
 71
    64
 72
    72
 73
   -65
 74
   -65
  0
VERTEX
  5
82A
330
744
100
AcDbEntity
  8
2
 62
    28
100
AcDbFaceRecord
 10
0.0
 20
0.0
 30
0.0
 70
   128
 71
   -64
 72
    65
 73
    57
 74
    57
  0
VERTEX
  5
82B
330
744
100
AcDbEntity
  8
2
 62
    28
100
AcDbFaceRecord
 10
0.0
 20
0.0
 30
0.0
 70
   128
 71
    73
 72
    74
 73
   -68
 74
   -68
  0
VERTEX
  5
82C
330
744
100
AcDbEntity
  8
2
 62
    28
100
AcDbFaceRecord
 10
0.0
 20
0.0
 30
0.0
 70
   128
 71
   -73
 72
    68
 73
    67
 74
    67
  0
VERTEX
  5
82D
330
744
100
AcDbEntity
  8
2
 62
    28
100
AcDbFaceRecord
 10
0.0
 20
0.0
 30
0.0
 70
   128
 71
    74
 72
    75
 73
   -69
 74
   -69
  0
VERTEX
  5
82E
330
744
100
AcDbEntity
  8
2
 62
    28
100
AcDbFaceRecord
 10
0.0
 20
0.0
 30
0.0
 70
   128
 71
   -74
 72
    69
 73
    68
 74
    68
  0
VERTEX
  5
82F
330
744
100
AcDbEntity
  8
2
 62
    28
100
AcDbFaceRecord
 10
0.0
 20
0.0
 30
0.0
 70
   128
 71
    75
 72
    76
 73
   -70
 74
   -70
  0
VERTEX
  5
830
330
744
100
AcDbEntity
  8
2
 62
    28
100
AcDbFaceRecord
 10
0.0
 20
0.0
 30
0.0
 70
   128
 71
   -75
 72
    70
 73
    69
 74
    69
  0
VERTEX
  5
831
330
744
100
AcDbEntity
  8
2
 62
    28
100
AcDbFaceRecord
 10
0.0
 20
0.0
 30
0.0
 70
   128
 71
    76
 72
    77
 73
   -71
 74
   -71
  0
VERTEX
  5
832
330
744
100
AcDbEntity
  8
2
 62
    28
100
AcDbFaceRecord
 10
0.0
 20
0.0
 30
0.0
 70
   128
 71
   -76
 72
    71
 73
    70
 74
    70
  0
VERTEX
  5
833
330
744
100
AcDbEntity
  8
2
 62
    28
100
AcDbFaceRecord
 10
0.0
 20
0.0
 30
0.0
 70
   128
 71
    77
 72
    78
 73
   -72
 74
   -72
  0
VERTEX
  5
834
330
744
100
AcDbEntity
  8
2
 62
    28
100
AcDbFaceRecord
 10
0.0
 20
0.0
 30
0.0
 70
   128
 71
   -77
 72
    72
 73
    71
 74
    71
  0
VERTEX
  5
835
330
744
100
AcDbEntity
  8
2
 62
    28
100
AcDbFaceRecord
 10
0.0
 20
0.0
 30
0.0
 70
   128
 71
    78
 72
    79
 73
   -65
 74
   -65
  0
VERTEX
  5
836
330
744
100
AcDbEntity
  8
2
 62
    28
100
AcDbFaceRecord
 10
0.0
 20
0.0
 30
0.0
 70
   128
 71
   -78
 72
    65
 73
    72
 74
    72
  0
VERTEX
  5
837
330
744
100
AcDbEntity
  8
2
 62
    28
100
AcDbFaceRecord
 10
0.0
 20
0.0
 30
0.0
 70
   128
 71
    79
 72
    80
 73
   -66
 74
   -66
  0
VERTEX
  5
838
330
744
100
AcDbEntity
  8
2
 62
    28
100
AcDbFaceRecord
 10
0.0
 20
0.0
 30
0.0
 70
   128
 71
   -79
 72
    66
 73
    65
 74
    65
  0
VERTEX
  5
839
330
744
100
AcDbEntity
  8
2
 62
    28
100
AcDbFaceRecord
 10
0.0
 20
0.0
 30
0.0
 70
   128
 71
    80
 72
    73
 73
   -67
 74
   -67
  0
VERTEX
  5
83A
330
744
100
AcDbEntity
  8
2
 62
    28
100
AcDbFaceRecord
 10
0.0
 20
0.0
 30
0.0
 70
   128
 71
   -80
 72
    67
 73
    66
 74
    66
  0
VERTEX
  5
83B
330
744
100
AcDbEntity
  8
2
 62
    28
100
AcDbFaceRecord
 10
0.0
 20
0.0
 30
0.0
 70
   128
 71
    81
 72
    82
 73
   -74
 74
   -74
  0
VERTEX
  5
83C
330
744
100
AcDbEntity
  8
2
 62
    28
100
AcDbFaceRecord
 10
0.0
 20
0.0
 30
0.0
 70
   128
 71
   -81
 72
    74
 73
    73
 74
    73
  0
VERTEX
  5
83D
330
744
100
AcDbEntity
  8
2
 62
    28
100
AcDbFaceRecord
 10
0.0
 20
0.0
 30
0.0
 70
   128
 71
    82
 72
    83
 73
   -75
 74
   -75
  0
VERTEX
  5
83E
330
744
100
AcDbEntity
  8
2
 62
    28
100
AcDbFaceRecord
 10
0.0
 20
0.0
 30
0.0
 70
   128
 71
   -82
 72
    75
 73
    74
 74
    74
  0
VERTEX
  5
83F
330
744
100
AcDbEntity
  8
2
 62
    28
100
AcDbFaceRecord
 10
0.0
 20
0.0
 30
0.0
 70
   128
 71
    83
 72
    84
 73
   -76
 74
   -76
  0
VERTEX
  5
840
330
744
100
AcDbEntity
  8
2
 62
    28
100
AcDbFaceRecord
 10
0.0
 20
0.0
 30
0.0
 70
   128
 71
   -83
 72
    76
 73
    75
 74
    75
  0
VERTEX
  5
841
330
744
100
AcDbEntity
  8
2
 62
    28
100
AcDbFaceRecord
 10
0.0
 20
0.0
 30
0.0
 70
   128
 71
    84
 72
    85
 73
   -77
 74
   -77
  0
VERTEX
  5
842
330
744
100
AcDbEntity
  8
2
 62
    28
100
AcDbFaceRecord
 10
0.0
 20
0.0
 30
0.0
 70
   128
 71
   -84
 72
    77
 73
    76
 74
    76
  0
VERTEX
  5
843
330
744
100
AcDbEntity
  8
2
 62
    28
100
AcDbFaceRecord
 10
0.0
 20
0.0
 30
0.0
 70
   128
 71
    85
 72
    86
 73
   -78
 74
   -78
  0
VERTEX
  5
844
330
744
100
AcDbEntity
  8
2
 62
    28
100
AcDbFaceRecord
 10
0.0
 20
0.0
 30
0.0
 70
   128
 71
   -85
 72
    78
 73
    77
 74
    77
  0
VERTEX
  5
845
330
744
100
AcDbEntity
  8
2
 62
    28
100
AcDbFaceRecord
 10
0.0
 20
0.0
 30
0.0
 70
   128
 71
    86
 72
    87
 73
   -79
 74
   -79
  0
VERTEX
  5
846
330
744
100
AcDbEntity
  8
2
 62
    28
100
AcDbFaceRecord
 10
0.0
 20
0.0
 30
0.0
 70
   128
 71
   -86
 72
    79
 73
    78
 74
    78
  0
VERTEX
  5
847
330
744
100
AcDbEntity
  8
2
 62
    28
100
AcDbFaceRecord
 10
0.0
 20
0.0
 30
0.0
 70
   128
 71
    87
 72
    88
 73
   -80
 74
   -80
  0
VERTEX
  5
848
330
744
100
AcDbEntity
  8
2
 62
    28
100
AcDbFaceRecord
 10
0.0
 20
0.0
 30
0.0
 70
   128
 71
   -87
 72
    80
 73
    79
 74
    79
  0
VERTEX
  5
849
330
744
100
AcDbEntity
  8
2
 62
    28
100
AcDbFaceRecord
 10
0.0
 20
0.0
 30
0.0
 70
   128
 71
    88
 72
    81
 73
   -73
 74
   -73
  0
VERTEX
  5
84A
330
744
100
AcDbEntity
  8
2
 62
    28
100
AcDbFaceRecord
 10
0.0
 20
0.0
 30
0.0
 70
   128
 71
   -88
 72
    73
 73
    80
 74
    80
  0
VERTEX
  5
84B
330
744
100
AcDbEntity
  8
2
 62
    28
100
AcDbFaceRecord
 10
0.0
 20
0.0
 30
0.0
 70
   128
 71
    89
 72
    90
 73
   -82
 74
   -82
  0
VERTEX
  5
84C
330
744
100
AcDbEntity
  8
2
 62
    28
100
AcDbFaceRecord
 10
0.0
 20
0.0
 30
0.0
 70
   128
 71
   -89
 72
    82
 73
    81
 74
    81
  0
VERTEX
  5
84D
330
744
100
AcDbEntity
  8
2
 62
    28
100
AcDbFaceRecord
 10
0.0
 20
0.0
 30
0.0
 70
   128
 71
    90
 72
    91
 73
   -83
 74
   -83
  0
VERTEX
  5
84E
330
744
100
AcDbEntity
  8
2
 62
    28
100
AcDbFaceRecord
 10
0.0
 20
0.0
 30
0.0
 70
   128
 71
   -90
 72
    83
 73
    82
 74
    82
  0
VERTEX
  5
84F
330
744
100
AcDbEntity
  8
2
 62
    28
100
AcDbFaceRecord
 10
0.0
 20
0.0
 30
0.0
 70
   128
 71
    91
 72
    92
 73
   -84
 74
   -84
  0
VERTEX
  5
850
330
744
100
AcDbEntity
  8
2
 62
    28
100
AcDbFaceRecord
 10
0.0
 20
0.0
 30
0.0
 70
   128
 71
   -91
 72
    84
 73
    83
 74
    83
  0
VERTEX
  5
851
330
744
100
AcDbEntity
  8
2
 62
    28
100
AcDbFaceRecord
 10
0.0
 20
0.0
 30
0.0
 70
   128
 71
    92
 72
    93
 73
   -85
 74
   -85
  0
VERTEX
  5
852
330
744
100
AcDbEntity
  8
2
 62
    28
100
AcDbFaceRecord
 10
0.0
 20
0.0
 30
0.0
 70
   128
 71
   -92
 72
    85
 73
    84
 74
    84
  0
VERTEX
  5
853
330
744
100
AcDbEntity
  8
2
 62
    28
100
AcDbFaceRecord
 10
0.0
 20
0.0
 30
0.0
 70
   128
 71
    93
 72
    94
 73
   -86
 74
   -86
  0
VERTEX
  5
854
330
744
100
AcDbEntity
  8
2
 62
    28
100
AcDbFaceRecord
 10
0.0
 20
0.0
 30
0.0
 70
   128
 71
   -93
 72
    86
 73
    85
 74
    85
  0
VERTEX
  5
855
330
744
100
AcDbEntity
  8
2
 62
    28
100
AcDbFaceRecord
 10
0.0
 20
0.0
 30
0.0
 70
   128
 71
    94
 72
    95
 73
   -87
 74
   -87
  0
VERTEX
  5
856
330
744
100
AcDbEntity
  8
2
 62
    28
100
AcDbFaceRecord
 10
0.0
 20
0.0
 30
0.0
 70
   128
 71
   -94
 72
    87
 73
    86
 74
    86
  0
VERTEX
  5
857
330
744
100
AcDbEntity
  8
2
 62
    28
100
AcDbFaceRecord
 10
0.0
 20
0.0
 30
0.0
 70
   128
 71
    95
 72
    96
 73
   -88
 74
   -88
  0
VERTEX
  5
858
330
744
100
AcDbEntity
  8
2
 62
    28
100
AcDbFaceRecord
 10
0.0
 20
0.0
 30
0.0
 70
   128
 71
   -95
 72
    88
 73
    87
 74
    87
  0
VERTEX
  5
859
330
744
100
AcDbEntity
  8
2
 62
    28
100
AcDbFaceRecord
 10
0.0
 20
0.0
 30
0.0
 70
   128
 71
    96
 72
    89
 73
   -81
 74
   -81
  0
VERTEX
  5
85A
330
744
100
AcDbEntity
  8
2
 62
    28
100
AcDbFaceRecord
 10
0.0
 20
0.0
 30
0.0
 70
   128
 71
   -96
 72
    81
 73
    88
 74
    88
  0
VERTEX
  5
85B
330
744
100
AcDbEntity
  8
2
 62
    28
100
AcDbFaceRecord
 10
0.0
 20
0.0
 30
0.0
 70
   128
 71
   -90
 72
    92
 73
    91
 74
    91
  0
VERTEX
  5
85C
330
744
100
AcDbEntity
  8
2
 62
    28
100
AcDbFaceRecord
 10
0.0
 20
0.0
 30
0.0
 70
   128
 71
   -92
 72
   -90
 73
    93
 74
    93
  0
VERTEX
  5
85D
330
744
100
AcDbEntity
  8
2
 62
    28
100
AcDbFaceRecord
 10
0.0
 20
0.0
 30
0.0
 70
   128
 71
   -93
 72
    90
 73
   -89
 74
   -89
  0
VERTEX
  5
85E
330
744
100
AcDbEntity
  8
2
 62
    28
100
AcDbFaceRecord
 10
0.0
 20
0.0
 30
0.0
 70
   128
 71
   -93
 72
   -89
 73
    94
 74
    94
  0
VERTEX
  5
85F
330
744
100
AcDbEntity
  8
2
 62
    28
100
AcDbFaceRecord
 10
0.0
 20
0.0
 30
0.0
 70
   128
 71
   -94
 72
    89
 73
   -96
 74
   -96
  0
VERTEX
  5
860
330
744
100
AcDbEntity
  8
2
 62
    28
100
AcDbFaceRecord
 10
0.0
 20
0.0
 30
0.0
 70
   128
 71
   -94
 72
    96
 73
    95
 74
    95
  0
SEQEND
  5
861
330
744
100
AcDbEntity
  8
2
 62
    28
  0
POLYLINE
  5
862
330
1F
100
AcDbEntity
  8
2
 62
    28
420
  6689812
100
AcDbPolyFaceMesh
 66
     1
 10
0.0
 20
0.0
 30
0.0
 70
    64
 71
    96
 72
   188
1001
TeklaStructures
1000
ID
1000
127648413
  0
VERTEX
  5
863
330
862
100
AcDbEntity
  8
2
 62
    28
100
AcDbVertex
100
AcDbPolyFaceMeshVertex
 10
33045.48673376905
 20
9704.50413788636
 30
22198.62468108378
 70
   192
  0
VERTEX
  5
864
330
862
100
AcDbEntity
  8
2
 62
    28
100
AcDbVertex
100
AcDbPolyFaceMeshVertex
 10
33046.80475325371
 20
9707.6861184017
 30
22198.6246810837
 70
   192
  0
VERTEX
  5
865
330
862
100
AcDbEntity
  8
2
 62
    28
100
AcDbVertex
100
AcDbPolyFaceMeshVertex
 10
33046.80473931088
 20
9707.686118402376
 30
22229.99999999995
 70
   192
  0
VERTEX
  5
866
330
862
100
AcDbEntity
  8
2
 62
    28
100
AcDbVertex
100
AcDbPolyFaceMeshVertex
 10
33045.48671982622
 20
9704.504137887037
 30
22230.00000000003
 70
   192
  0
VERTEX
  5
867
330
862
100
AcDbEntity
  8
2
 62
    28
100
AcDbVertex
100
AcDbPolyFaceMeshVertex
 10
33049.98673376905
 20
9709.00413788636
 30
22198.62468108366
 70
   192
  0
VERTEX
  5
868
330
862
100
AcDbEntity
  8
2
 62
    28
100
AcDbVertex
100
AcDbPolyFaceMeshVertex
 10
33049.98671982622
 20
9709.004137887037
 30
22229.99999999992
 70
   192
  0
VERTEX
  5
869
330
862
100
AcDbEntity
  8
2
 62
    28
100
AcDbVertex
100
AcDbPolyFaceMeshVertex
 10
33053.16871428439
 20
9707.6861184017
 30
22198.6246810837
 70
   192
  0
VERTEX
  5
86A
330
862
100
AcDbEntity
  8
2
 62
    28
100
AcDbVertex
100
AcDbPolyFaceMeshVertex
 10
33053.16870034157
 20
9707.686118402376
 30
22229.99999999995
 70
   192
  0
VERTEX
  5
86B
330
862
100
AcDbEntity
  8
2
 62
    28
100
AcDbVertex
100
AcDbPolyFaceMeshVertex
 10
33054.48673376905
 20
9704.50413788636
 30
22198.62468108378
 70
   192
  0
VERTEX
  5
86C
330
862
100
AcDbEntity
  8
2
 62
    28
100
AcDbVertex
100
AcDbPolyFaceMeshVertex
 10
33054.48671982622
 20
9704.504137887037
 30
22230.00000000003
 70
   192
  0
VERTEX
  5
86D
330
862
100
AcDbEntity
  8
2
 62
    28
100
AcDbVertex
100
AcDbPolyFaceMeshVertex
 10
33053.16871428439
 20
9701.32215737102
 30
22198.62468108386
 70
   192
  0
VERTEX
  5
86E
330
862
100
AcDbEntity
  8
2
 62
    28
100
AcDbVertex
100
AcDbPolyFaceMeshVertex
 10
33053.16870034157
 20
9701.322157371698
 30
22230.00000000011
 70
   192
  0
VERTEX
  5
86F
330
862
100
AcDbEntity
  8
2
 62
    28
100
AcDbVertex
100
AcDbPolyFaceMeshVertex
 10
33049.98673376905
 20
9700.00413788636
 30
22198.62468108389
 70
   192
  0
VERTEX
  5
870
330
862
100
AcDbEntity
  8
2
 62
    28
100
AcDbVertex
100
AcDbPolyFaceMeshVertex
 10
33049.98671982622
 20
9700.004137887037
 30
22230.00000000014
 70
   192
  0
VERTEX
  5
871
330
862
100
AcDbEntity
  8
2
 62
    28
100
AcDbVertex
100
AcDbPolyFaceMeshVertex
 10
33046.80475325371
 20
9701.32215737102
 30
22198.62468108386
 70
   192
  0
VERTEX
  5
872
330
862
100
AcDbEntity
  8
2
 62
    28
100
AcDbVertex
100
AcDbPolyFaceMeshVertex
 10
33046.80473931088
 20
9701.322157371698
 30
22230.00000000011
 70
   192
  0
VERTEX
  5
873
330
862
100
AcDbEntity
  8
2
 62
    28
100
AcDbVertex
100
AcDbPolyFaceMeshVertex
 10
33045.48673376905
 20
9704.504137886253
 30
22194.38835555531
 70
   192
  0
VERTEX
  5
874
330
862
100
AcDbEntity
  8
2
 62
    28
100
AcDbVertex
100
AcDbPolyFaceMeshVertex
 10
33046.80475325371
 20
9707.68611840165
 30
22196.6688991665
 70
   192
  0
VERTEX
  5
875
330
862
100
AcDbEntity
  8
2
 62
    28
100
AcDbVertex
100
AcDbPolyFaceMeshVertex
 10
33049.98673376905
 20
9709.004137886335
 30
22197.61351641615
 70
   192
  0
VERTEX
  5
876
330
862
100
AcDbEntity
  8
2
 62
    28
100
AcDbVertex
100
AcDbPolyFaceMeshVertex
 10
33053.16871428439
 20
9707.68611840165
 30
22196.66886333066
 70
   192
  0
VERTEX
  5
877
330
862
100
AcDbEntity
  8
2
 62
    28
100
AcDbVertex
100
AcDbPolyFaceMeshVertex
 10
33054.48673376905
 20
9704.504137886253
 30
22194.38830487578
 70
   192
  0
VERTEX
  5
878
330
862
100
AcDbEntity
  8
2
 62
    28
100
AcDbVertex
100
AcDbPolyFaceMeshVertex
 10
33053.16871428439
 20
9701.322157370856
 30
22192.1077612646
 70
   192
  0
VERTEX
  5
879
330
862
100
AcDbEntity
  8
2
 62
    28
100
AcDbVertex
100
AcDbPolyFaceMeshVertex
 10
33049.98673376905
 20
9700.004137886172
 30
22191.16314401495
 70
   192
  0
VERTEX
  5
87A
330
862
100
AcDbEntity
  8
2
 62
    28
100
AcDbVertex
100
AcDbPolyFaceMeshVertex
 10
33046.80475325371
 20
9701.322157370856
 30
22192.10779710044
 70
   192
  0
VERTEX
  5
87B
330
862
100
AcDbEntity
  8
2
 62
    28
100
AcDbVertex
100
AcDbPolyFaceMeshVertex
 10
33045.48671190171
 20
9708.51585348081
 30
22193.02726156998
 70
   192
  0
VERTEX
  5
87C
330
862
100
AcDbEntity
  8
2
 62
    28
100
AcDbVertex
100
AcDbPolyFaceMeshVertex
 10
33046.80474925943
 20
9709.538204468494
 30
22196.04052414453
 70
   192
  0
VERTEX
  5
87D
330
862
100
AcDbEntity
  8
2
 62
    28
100
AcDbVertex
100
AcDbPolyFaceMeshVertex
 10
33049.98673717792
 20
9709.961690919707
 30
22197.28863771073
 70
   192
  0
VERTEX
  5
87E
330
862
100
AcDbEntity
  8
2
 62
    28
100
AcDbVertex
100
AcDbPolyFaceMeshVertex
 10
33053.16871028981
 20
9709.538240214804
 30
22196.04047426884
 70
   192
  0
VERTEX
  5
87F
330
862
100
AcDbEntity
  8
2
 62
    28
100
AcDbVertex
100
AcDbPolyFaceMeshVertex
 10
33054.48671190126
 20
9708.515904033722
 30
22193.02719103505
 70
   192
  0
VERTEX
  5
880
330
862
100
AcDbEntity
  8
2
 62
    28
100
AcDbVertex
100
AcDbPolyFaceMeshVertex
 10
33053.1686745435
 20
9707.493553046032
 30
22190.01392846045
 70
   192
  0
VERTEX
  5
881
330
862
100
AcDbEntity
  8
2
 62
    28
100
AcDbVertex
100
AcDbPolyFaceMeshVertex
 10
33049.986686625
 20
9707.070066594819
 30
22188.76581489425
 70
   192
  0
VERTEX
  5
882
330
862
100
AcDbEntity
  8
2
 62
    28
100
AcDbVertex
100
AcDbPolyFaceMeshVertex
 10
33046.80471351312
 20
9707.493517299721
 30
22190.01397833615
 70
   192
  0
VERTEX
  5
883
330
862
100
AcDbEntity
  8
2
 62
    28
100
AcDbVertex
100
AcDbPolyFaceMeshVertex
 10
33053.16860733024
 20
9716.221687501855
 30
22184.3471832825
 70
   192
  0
VERTEX
  5
884
330
862
100
AcDbEntity
  8
2
 62
    28
100
AcDbVertex
100
AcDbPolyFaceMeshVertex
 10
33049.986625996
 20
9715.253882694764
 30
22183.45246321126
 70
   192
  0
VERTEX
  5
885
330
862
100
AcDbEntity
  8
2
 62
    28
100
AcDbVertex
100
AcDbPolyFaceMeshVertex
 10
33054.486628792
 20
9718.558153625334
 30
22186.50725755022
 70
   192
  0
VERTEX
  5
886
330
862
100
AcDbEntity
  8
2
 62
    28
100
AcDbVertex
100
AcDbPolyFaceMeshVertex
 10
33053.1686112845
 20
9720.894610898094
 30
22188.66734380414
 70
   192
  0
VERTEX
  5
887
330
862
100
AcDbEntity
  8
2
 62
    28
100
AcDbVertex
100
AcDbPolyFaceMeshVertex
 10
33049.98663158819
 20
9721.862394337651
 30
22189.56209281261
 70
   192
  0
VERTEX
  5
888
330
862
100
AcDbEntity
  8
2
 62
    28
100
AcDbVertex
100
AcDbPolyFaceMeshVertex
 10
33046.80465025396
 20
9720.894589530571
 30
22188.66737274137
 70
   192
  0
VERTEX
  5
889
330
862
100
AcDbEntity
  8
2
 62
    28
100
AcDbVertex
100
AcDbPolyFaceMeshVertex
 10
33045.48662879219
 20
9718.558123407087
 30
22186.50729847365
 70
   192
  0
VERTEX
  5
88A
330
862
100
AcDbEntity
  8
2
 62
    28
100
AcDbVertex
100
AcDbPolyFaceMeshVertex
 10
33046.80464629968
 20
9716.221666134326
 30
22184.34721221972
 70
   192
  0
VERTEX
  5
88B
330
862
100
AcDbEntity
  8
2
 62
    28
100
AcDbVertex
100
AcDbPolyFaceMeshVertex
 10
33049.98659456398
 20
9719.909857728582
 30
22174.8775901188
 70
   192
  0
VERTEX
  5
88C
330
862
100
AcDbEntity
  8
2
 62
    28
100
AcDbVertex
100
AcDbPolyFaceMeshVertex
 10
33046.80461022522
 20
9721.187321551875
 30
22175.20199297004
 70
   192
  0
VERTEX
  5
88D
330
862
100
AcDbEntity
  8
2
 62
    28
100
AcDbVertex
100
AcDbPolyFaceMeshVertex
 10
33045.48658150996
 20
9724.27141312326
 30
22175.9851627134
 70
   192
  0
VERTEX
  5
88E
330
862
100
AcDbEntity
  8
2
 62
    28
100
AcDbVertex
100
AcDbPolyFaceMeshVertex
 10
33046.80459176396
 20
9727.355513427818
 30
22176.76832913485
 70
   192
  0
VERTEX
  5
88F
330
862
100
AcDbEntity
  8
2
 62
    28
100
AcDbVertex
100
AcDbPolyFaceMeshVertex
 10
33049.98656845581
 20
9728.632998334864
 30
22177.09272396628
 70
   192
  0
VERTEX
  5
890
330
862
100
AcDbEntity
  8
2
 62
    28
100
AcDbVertex
100
AcDbPolyFaceMeshVertex
 10
33053.16855279456
 20
9727.355534511573
 30
22176.76832111501
 70
   192
  0
VERTEX
  5
891
330
862
100
AcDbEntity
  8
2
 62
    28
100
AcDbVertex
100
AcDbPolyFaceMeshVertex
 10
33054.48658150985
 20
9724.271442940182
 30
22175.98515137167
 70
   192
  0
VERTEX
  5
892
330
862
100
AcDbEntity
  8
2
 62
    28
100
AcDbVertex
100
AcDbPolyFaceMeshVertex
 10
33053.16857125583
 20
9721.187342635629
 30
22175.20198495022
 70
   192
  0
VERTEX
  5
893
330
862
100
AcDbEntity
  8
2
 62
    28
100
AcDbVertex
100
AcDbPolyFaceMeshVertex
 10
33049.9866016711
 20
9719.909133142259
 30
22165.12020565658
 70
   192
  0
VERTEX
  5
894
330
862
100
AcDbEntity
  8
2
 62
    28
100
AcDbVertex
100
AcDbPolyFaceMeshVertex
 10
33046.8046152533
 20
9721.186543905098
 30
22164.79561431094
 70
   192
  0
VERTEX
  5
895
330
862
100
AcDbEntity
  8
2
 62
    28
100
AcDbVertex
100
AcDbPolyFaceMeshVertex
 10
33045.4865815187
 20
9724.270517110086
 30
22164.01198703522
 70
   192
  0
VERTEX
  5
896
330
862
100
AcDbEntity
  8
2
 62
    28
100
AcDbVertex
100
AcDbPolyFaceMeshVertex
 10
33046.80458675338
 20
9727.354503079747
 30
22163.22836205969
 70
   192
  0
VERTEX
  5
897
330
862
100
AcDbEntity
  8
2
 62
    28
100
AcDbVertex
100
AcDbPolyFaceMeshVertex
 10
33049.98656136613
 20
9728.631944659212
 30
22162.90377626719
 70
   192
  0
VERTEX
  5
898
330
862
100
AcDbEntity
  8
2
 62
    28
100
AcDbVertex
100
AcDbPolyFaceMeshVertex
 10
33053.16854778395
 20
9727.354533896374
 30
22163.22836761283
 70
   192
  0
VERTEX
  5
899
330
862
100
AcDbEntity
  8
2
 62
    28
100
AcDbVertex
100
AcDbPolyFaceMeshVertex
 10
33054.48658151855
 20
9724.270560691379
 30
22164.01199488856
 70
   192
  0
VERTEX
  5
89A
330
862
100
AcDbEntity
  8
2
 62
    28
100
AcDbVertex
100
AcDbPolyFaceMeshVertex
 10
33053.16857628386
 20
9721.186574721725
 30
22164.79561986409
 70
   192
  0
VERTEX
  5
89B
330
862
100
AcDbEntity
  8
2
 62
    28
100
AcDbVertex
100
AcDbPolyFaceMeshVertex
 10
33049.98664731568
 20
9715.251884614467
 30
22156.54602416698
 70
   192
  0
VERTEX
  5
89C
330
862
100
AcDbEntity
  8
2
 62
    28
100
AcDbVertex
100
AcDbPolyFaceMeshVertex
 10
33046.80466138204
 20
9716.219524096892
 30
22155.65114165399
 70
   192
  0
VERTEX
  5
89D
330
862
100
AcDbEntity
  8
2
 62
    28
100
AcDbVertex
100
AcDbPolyFaceMeshVertex
 10
33045.4866288163
 20
9718.55565594618
 30
22153.4907126456
 70
   192
  0
VERTEX
  5
89E
330
862
100
AcDbEntity
  8
2
 62
    28
100
AcDbVertex
100
AcDbPolyFaceMeshVertex
 10
33046.80463521978
 20
9720.891805808502
 30
22151.33028715438
 70
   192
  0
VERTEX
  5
89F
330
862
100
AcDbEntity
  8
2
 62
    28
100
AcDbVertex
100
AcDbPolyFaceMeshVertex
 10
33049.98661031664
 20
9721.859488778256
 30
22150.4354131326
 70
   192
  0
VERTEX
  5
8A0
330
862
100
AcDbEntity
  8
2
 62
    28
100
AcDbVertex
100
AcDbPolyFaceMeshVertex
 10
33053.16859625028
 20
9720.89184929583
 30
22151.3302956456
 70
   192
  0
VERTEX
  5
8A1
330
862
100
AcDbEntity
  8
2
 62
    28
100
AcDbVertex
100
AcDbPolyFaceMeshVertex
 10
33054.48662881602
 20
9718.555717446547
 30
22153.49072465399
 70
   192
  0
VERTEX
  5
8A2
330
862
100
AcDbEntity
  8
2
 62
    28
100
AcDbVertex
100
AcDbPolyFaceMeshVertex
 10
33053.16862241254
 20
9716.21956758422
 30
22155.6511501452
 70
   192
  0
VERTEX
  5
8A3
330
862
100
AcDbEntity
  8
2
 62
    28
100
AcDbVertex
100
AcDbPolyFaceMeshVertex
 10
33049.98672215241
 20
9707.067279462613
 30
22151.23388800803
 70
   192
  0
VERTEX
  5
8A4
330
862
100
AcDbEntity
  8
2
 62
    28
100
AcDbVertex
100
AcDbPolyFaceMeshVertex
 10
33046.80473864459
 20
9707.490536723137
 30
22149.98568545666
 70
   192
  0
VERTEX
  5
8A5
330
862
100
AcDbEntity
  8
2
 62
    28
100
AcDbVertex
100
AcDbPolyFaceMeshVertex
 10
33045.48671193505
 20
9708.512433422247
 30
22146.97226413037
 70
   192
  0
VERTEX
  5
8A6
330
862
100
AcDbEntity
  8
2
 62
    28
100
AcDbVertex
100
AcDbPolyFaceMeshVertex
 10
33046.80472419506
 20
9709.534328802685
 30
22143.95883603633
 70
   192
  0
VERTEX
  5
8A7
330
862
100
AcDbEntity
  8
2
 62
    28
100
AcDbVertex
100
AcDbPolyFaceMeshVertex
 10
33049.98670171769
 20
9709.957637940179
 30
22142.71063581941
 70
   192
  0
VERTEX
  5
8A8
330
862
100
AcDbEntity
  8
2
 62
    28
100
AcDbVertex
100
AcDbPolyFaceMeshVertex
 10
33053.1686852255
 20
9709.53438067966
 30
22143.95883837078
 70
   192
  0
VERTEX
  5
8A9
330
862
100
AcDbEntity
  8
2
 62
    28
100
AcDbVertex
100
AcDbPolyFaceMeshVertex
 10
33054.48671193487
 20
9708.512495383968
 30
22146.97226356444
 70
   192
  0
VERTEX
  5
8AA
330
862
100
AcDbEntity
  8
2
 62
    28
100
AcDbVertex
100
AcDbPolyFaceMeshVertex
 10
33053.16869967502
 20
9707.490588600118
 30
22149.98568779112
 70
   192
  0
VERTEX
  5
8AB
330
862
100
AcDbEntity
  8
2
 62
    28
100
AcDbVertex
100
AcDbPolyFaceMeshVertex
 10
33045.48673380475
 20
9704.500016504202
 30
22145.6115953389
 70
   192
  0
VERTEX
  5
8AC
330
862
100
AcDbEntity
  8
2
 62
    28
100
AcDbVertex
100
AcDbPolyFaceMeshVertex
 10
33046.80473429104
 20
9707.682004518963
 30
22143.33068599737
 70
   192
  0
VERTEX
  5
8AD
330
862
100
AcDbEntity
  8
2
 62
    28
100
AcDbVertex
100
AcDbPolyFaceMeshVertex
 10
33049.98670693695
 20
9709.000042108828
 30
22142.38590117989
 70
   192
  0
VERTEX
  5
8AE
330
862
100
AcDbEntity
  8
2
 62
    28
100
AcDbVertex
100
AcDbPolyFaceMeshVertex
 10
33053.16869532161
 20
9707.68204072937
 30
22143.33068301902
 70
   192
  0
VERTEX
  5
8AF
330
862
100
AcDbEntity
  8
2
 62
    28
100
AcDbVertex
100
AcDbPolyFaceMeshVertex
 10
33054.4867338046
 20
9704.500067713454
 30
22145.61159112688
 70
   192
  0
VERTEX
  5
8B0
330
862
100
AcDbEntity
  8
2
 62
    28
100
AcDbVertex
100
AcDbPolyFaceMeshVertex
 10
33053.16873331831
 20
9701.318079698693
 30
22147.89250046841
 70
   192
  0
VERTEX
  5
8B1
330
862
100
AcDbEntity
  8
2
 62
    28
100
AcDbVertex
100
AcDbPolyFaceMeshVertex
 10
33049.9867606724
 20
9700.000042108828
 30
22148.83728528589
 70
   192
  0
VERTEX
  5
8B2
330
862
100
AcDbEntity
  8
2
 62
    28
100
AcDbVertex
100
AcDbPolyFaceMeshVertex
 10
33046.80477228773
 20
9701.318043488283
 30
22147.89250344676
 70
   192
  0
VERTEX
  5
8B3
330
862
100
AcDbEntity
  8
2
 62
    28
100
AcDbVertex
100
AcDbPolyFaceMeshVertex
 10
33045.48673380475
 20
9704.500016504311
 30
22141.37474425957
 70
   192
  0
VERTEX
  5
8B4
330
862
100
AcDbEntity
  8
2
 62
    28
100
AcDbVertex
100
AcDbPolyFaceMeshVertex
 10
33046.80473518418
 20
9707.682004519022
 30
22141.37474367385
 70
   192
  0
VERTEX
  5
8B5
330
862
100
AcDbEntity
  8
2
 62
    28
100
AcDbVertex
100
AcDbPolyFaceMeshVertex
 10
33049.98670820005
 20
9709.000042108864
 30
22141.37474225965
 70
   192
  0
VERTEX
  5
8B6
330
862
100
AcDbEntity
  8
2
 62
    28
100
AcDbVertex
100
AcDbPolyFaceMeshVertex
 10
33053.16869621476
 20
9707.682040729427
 30
22141.37474084538
 70
   192
  0
VERTEX
  5
8B7
330
862
100
AcDbEntity
  8
2
 62
    28
100
AcDbVertex
100
AcDbPolyFaceMeshVertex
 10
33054.4867338046
 20
9704.500067713563
 30
22141.37474025951
 70
   192
  0
VERTEX
  5
8B8
330
862
100
AcDbEntity
  8
2
 62
    28
100
AcDbVertex
100
AcDbPolyFaceMeshVertex
 10
33053.16873242516
 20
9701.318079698854
 30
22141.37474084523
 70
   192
  0
VERTEX
  5
8B9
330
862
100
AcDbEntity
  8
2
 62
    28
100
AcDbVertex
100
AcDbPolyFaceMeshVertex
 10
33049.9867594093
 20
9700.00004210901
 30
22141.37474225943
 70
   192
  0
VERTEX
  5
8BA
330
862
100
AcDbEntity
  8
2
 62
    28
100
AcDbVertex
100
AcDbPolyFaceMeshVertex
 10
33046.80477139459
 20
9701.318043488445
 30
22141.3747436737
 70
   192
  0
VERTEX
  5
8BB
330
862
100
AcDbEntity
  8
2
 62
    28
100
AcDbVertex
100
AcDbPolyFaceMeshVertex
 10
33045.4867198602
 20
9704.500016505008
 30
22110.00000200006
 70
   192
  0
VERTEX
  5
8BC
330
862
100
AcDbEntity
  8
2
 62
    28
100
AcDbVertex
100
AcDbPolyFaceMeshVertex
 10
33046.80472123963
 20
9707.682004519718
 30
22110.00000141435
 70
   192
  0
VERTEX
  5
8BD
330
862
100
AcDbEntity
  8
2
 62
    28
100
AcDbVertex
100
AcDbPolyFaceMeshVertex
 10
33049.9866942555
 20
9709.000042109563
 30
22110.00000000014
 70
   192
  0
VERTEX
  5
8BE
330
862
100
AcDbEntity
  8
2
 62
    28
100
AcDbVertex
100
AcDbPolyFaceMeshVertex
 10
33053.16868227021
 20
9707.682040730126
 30
22109.99999858587
 70
   192
  0
VERTEX
  5
8BF
330
862
100
AcDbEntity
  8
2
 62
    28
100
AcDbVertex
100
AcDbPolyFaceMeshVertex
 10
33054.48671986005
 20
9704.50006771426
 30
22109.999998
 70
   192
  0
VERTEX
  5
8C0
330
862
100
AcDbEntity
  8
2
 62
    28
100
AcDbVertex
100
AcDbPolyFaceMeshVertex
 10
33053.16871848062
 20
9701.31807969955
 30
22109.99999858572
 70
   192
  0
VERTEX
  5
8C1
330
862
100
AcDbEntity
  8
2
 62
    28
100
AcDbVertex
100
AcDbPolyFaceMeshVertex
 10
33049.98674546475
 20
9700.000042109707
 30
22109.99999999992
 70
   192
  0
VERTEX
  5
8C2
330
862
100
AcDbEntity
  8
2
 62
    28
100
AcDbVertex
100
AcDbPolyFaceMeshVertex
 10
33046.80475745004
 20
9701.318043489142
 30
22110.00000141419
 70
   192
  0
VERTEX
  5
8C3
330
862
100
AcDbEntity
  8
2
 62
    28
100
AcDbFaceRecord
 10
0.0
 20
0.0
 30
0.0
 70
   128
 71
     1
 72
     2
 73
    -3
 74
    -3
  0
VERTEX
  5
8C4
330
862
100
AcDbEntity
  8
2
 62
    28
100
AcDbFaceRecord
 10
0.0
 20
0.0
 30
0.0
 70
   128
 71
    -1
 72
     3
 73
     4
 74
     4
  0
VERTEX
  5
8C5
330
862
100
AcDbEntity
  8
2
 62
    28
100
AcDbFaceRecord
 10
0.0
 20
0.0
 30
0.0
 70
   128
 71
     2
 72
     5
 73
    -6
 74
    -6
  0
VERTEX
  5
8C6
330
862
100
AcDbEntity
  8
2
 62
    28
100
AcDbFaceRecord
 10
0.0
 20
0.0
 30
0.0
 70
   128
 71
    -2
 72
     6
 73
     3
 74
     3
  0
VERTEX
  5
8C7
330
862
100
AcDbEntity
  8
2
 62
    28
100
AcDbFaceRecord
 10
0.0
 20
0.0
 30
0.0
 70
   128
 71
     5
 72
     7
 73
    -8
 74
    -8
  0
VERTEX
  5
8C8
330
862
100
AcDbEntity
  8
2
 62
    28
100
AcDbFaceRecord
 10
0.0
 20
0.0
 30
0.0
 70
   128
 71
    -5
 72
     8
 73
     6
 74
     6
  0
VERTEX
  5
8C9
330
862
100
AcDbEntity
  8
2
 62
    28
100
AcDbFaceRecord
 10
0.0
 20
0.0
 30
0.0
 70
   128
 71
     7
 72
     9
 73
   -10
 74
   -10
  0
VERTEX
  5
8CA
330
862
100
AcDbEntity
  8
2
 62
    28
100
AcDbFaceRecord
 10
0.0
 20
0.0
 30
0.0
 70
   128
 71
    -7
 72
    10
 73
     8
 74
     8
  0
VERTEX
  5
8CB
330
862
100
AcDbEntity
  8
2
 62
    28
100
AcDbFaceRecord
 10
0.0
 20
0.0
 30
0.0
 70
   128
 71
     9
 72
    11
 73
   -12
 74
   -12
  0
VERTEX
  5
8CC
330
862
100
AcDbEntity
  8
2
 62
    28
100
AcDbFaceRecord
 10
0.0
 20
0.0
 30
0.0
 70
   128
 71
    -9
 72
    12
 73
    10
 74
    10
  0
VERTEX
  5
8CD
330
862
100
AcDbEntity
  8
2
 62
    28
100
AcDbFaceRecord
 10
0.0
 20
0.0
 30
0.0
 70
   128
 71
    11
 72
    13
 73
   -14
 74
   -14
  0
VERTEX
  5
8CE
330
862
100
AcDbEntity
  8
2
 62
    28
100
AcDbFaceRecord
 10
0.0
 20
0.0
 30
0.0
 70
   128
 71
   -11
 72
    14
 73
    12
 74
    12
  0
VERTEX
  5
8CF
330
862
100
AcDbEntity
  8
2
 62
    28
100
AcDbFaceRecord
 10
0.0
 20
0.0
 30
0.0
 70
   128
 71
    13
 72
    15
 73
   -16
 74
   -16
  0
VERTEX
  5
8D0
330
862
100
AcDbEntity
  8
2
 62
    28
100
AcDbFaceRecord
 10
0.0
 20
0.0
 30
0.0
 70
   128
 71
   -13
 72
    16
 73
    14
 74
    14
  0
VERTEX
  5
8D1
330
862
100
AcDbEntity
  8
2
 62
    28
100
AcDbFaceRecord
 10
0.0
 20
0.0
 30
0.0
 70
   128
 71
    15
 72
     1
 73
    -4
 74
    -4
  0
VERTEX
  5
8D2
330
862
100
AcDbEntity
  8
2
 62
    28
100
AcDbFaceRecord
 10
0.0
 20
0.0
 30
0.0
 70
   128
 71
   -15
 72
     4
 73
    16
 74
    16
  0
VERTEX
  5
8D3
330
862
100
AcDbEntity
  8
2
 62
    28
100
AcDbFaceRecord
 10
0.0
 20
0.0
 30
0.0
 70
   128
 71
    -4
 72
    14
 73
    16
 74
    16
  0
VERTEX
  5
8D4
330
862
100
AcDbEntity
  8
2
 62
    28
100
AcDbFaceRecord
 10
0.0
 20
0.0
 30
0.0
 70
   128
 71
   -14
 72
    -4
 73
    12
 74
    12
  0
VERTEX
  5
8D5
330
862
100
AcDbEntity
  8
2
 62
    28
100
AcDbFaceRecord
 10
0.0
 20
0.0
 30
0.0
 70
   128
 71
   -12
 72
    -4
 73
    10
 74
    10
  0
VERTEX
  5
8D6
330
862
100
AcDbEntity
  8
2
 62
    28
100
AcDbFaceRecord
 10
0.0
 20
0.0
 30
0.0
 70
   128
 71
   -10
 72
     4
 73
    -3
 74
    -3
  0
VERTEX
  5
8D7
330
862
100
AcDbEntity
  8
2
 62
    28
100
AcDbFaceRecord
 10
0.0
 20
0.0
 30
0.0
 70
   128
 71
   -10
 72
    -3
 73
     8
 74
     8
  0
VERTEX
  5
8D8
330
862
100
AcDbEntity
  8
2
 62
    28
100
AcDbFaceRecord
 10
0.0
 20
0.0
 30
0.0
 70
   128
 71
    -8
 72
     3
 73
     6
 74
     6
  0
VERTEX
  5
8D9
330
862
100
AcDbEntity
  8
2
 62
    28
100
AcDbFaceRecord
 10
0.0
 20
0.0
 30
0.0
 70
   128
 71
    17
 72
    18
 73
    -2
 74
    -2
  0
VERTEX
  5
8DA
330
862
100
AcDbEntity
  8
2
 62
    28
100
AcDbFaceRecord
 10
0.0
 20
0.0
 30
0.0
 70
   128
 71
   -17
 72
     2
 73
     1
 74
     1
  0
VERTEX
  5
8DB
330
862
100
AcDbEntity
  8
2
 62
    28
100
AcDbFaceRecord
 10
0.0
 20
0.0
 30
0.0
 70
   128
 71
    18
 72
    19
 73
    -5
 74
    -5
  0
VERTEX
  5
8DC
330
862
100
AcDbEntity
  8
2
 62
    28
100
AcDbFaceRecord
 10
0.0
 20
0.0
 30
0.0
 70
   128
 71
   -18
 72
     5
 73
     2
 74
     2
  0
VERTEX
  5
8DD
330
862
100
AcDbEntity
  8
2
 62
    28
100
AcDbFaceRecord
 10
0.0
 20
0.0
 30
0.0
 70
   128
 71
    19
 72
    20
 73
    -7
 74
    -7
  0
VERTEX
  5
8DE
330
862
100
AcDbEntity
  8
2
 62
    28
100
AcDbFaceRecord
 10
0.0
 20
0.0
 30
0.0
 70
   128
 71
   -19
 72
     7
 73
     5
 74
     5
  0
VERTEX
  5
8DF
330
862
100
AcDbEntity
  8
2
 62
    28
100
AcDbFaceRecord
 10
0.0
 20
0.0
 30
0.0
 70
   128
 71
    20
 72
    21
 73
    -9
 74
    -9
  0
VERTEX
  5
8E0
330
862
100
AcDbEntity
  8
2
 62
    28
100
AcDbFaceRecord
 10
0.0
 20
0.0
 30
0.0
 70
   128
 71
   -20
 72
     9
 73
     7
 74
     7
  0
VERTEX
  5
8E1
330
862
100
AcDbEntity
  8
2
 62
    28
100
AcDbFaceRecord
 10
0.0
 20
0.0
 30
0.0
 70
   128
 71
    21
 72
    22
 73
   -11
 74
   -11
  0
VERTEX
  5
8E2
330
862
100
AcDbEntity
  8
2
 62
    28
100
AcDbFaceRecord
 10
0.0
 20
0.0
 30
0.0
 70
   128
 71
   -21
 72
    11
 73
     9
 74
     9
  0
VERTEX
  5
8E3
330
862
100
AcDbEntity
  8
2
 62
    28
100
AcDbFaceRecord
 10
0.0
 20
0.0
 30
0.0
 70
   128
 71
    22
 72
    23
 73
   -13
 74
   -13
  0
VERTEX
  5
8E4
330
862
100
AcDbEntity
  8
2
 62
    28
100
AcDbFaceRecord
 10
0.0
 20
0.0
 30
0.0
 70
   128
 71
   -22
 72
    13
 73
    11
 74
    11
  0
VERTEX
  5
8E5
330
862
100
AcDbEntity
  8
2
 62
    28
100
AcDbFaceRecord
 10
0.0
 20
0.0
 30
0.0
 70
   128
 71
    23
 72
    24
 73
   -15
 74
   -15
  0
VERTEX
  5
8E6
330
862
100
AcDbEntity
  8
2
 62
    28
100
AcDbFaceRecord
 10
0.0
 20
0.0
 30
0.0
 70
   128
 71
   -23
 72
    15
 73
    13
 74
    13
  0
VERTEX
  5
8E7
330
862
100
AcDbEntity
  8
2
 62
    28
100
AcDbFaceRecord
 10
0.0
 20
0.0
 30
0.0
 70
   128
 71
    24
 72
    17
 73
    -1
 74
    -1
  0
VERTEX
  5
8E8
330
862
100
AcDbEntity
  8
2
 62
    28
100
AcDbFaceRecord
 10
0.0
 20
0.0
 30
0.0
 70
   128
 71
   -24
 72
     1
 73
    15
 74
    15
  0
VERTEX
  5
8E9
330
862
100
AcDbEntity
  8
2
 62
    28
100
AcDbFaceRecord
 10
0.0
 20
0.0
 30
0.0
 70
   128
 71
    25
 72
    26
 73
   -18
 74
   -18
  0
VERTEX
  5
8EA
330
862
100
AcDbEntity
  8
2
 62
    28
100
AcDbFaceRecord
 10
0.0
 20
0.0
 30
0.0
 70
   128
 71
   -25
 72
    18
 73
    17
 74
    17
  0
VERTEX
  5
8EB
330
862
100
AcDbEntity
  8
2
 62
    28
100
AcDbFaceRecord
 10
0.0
 20
0.0
 30
0.0
 70
   128
 71
    26
 72
    27
 73
   -19
 74
   -19
  0
VERTEX
  5
8EC
330
862
100
AcDbEntity
  8
2
 62
    28
100
AcDbFaceRecord
 10
0.0
 20
0.0
 30
0.0
 70
   128
 71
   -26
 72
    19
 73
    18
 74
    18
  0
VERTEX
  5
8ED
330
862
100
AcDbEntity
  8
2
 62
    28
100
AcDbFaceRecord
 10
0.0
 20
0.0
 30
0.0
 70
   128
 71
    27
 72
    28
 73
   -20
 74
   -20
  0
VERTEX
  5
8EE
330
862
100
AcDbEntity
  8
2
 62
    28
100
AcDbFaceRecord
 10
0.0
 20
0.0
 30
0.0
 70
   128
 71
   -27
 72
    20
 73
    19
 74
    19
  0
VERTEX
  5
8EF
330
862
100
AcDbEntity
  8
2
 62
    28
100
AcDbFaceRecord
 10
0.0
 20
0.0
 30
0.0
 70
   128
 71
    28
 72
    29
 73
   -21
 74
   -21
  0
VERTEX
  5
8F0
330
862
100
AcDbEntity
  8
2
 62
    28
100
AcDbFaceRecord
 10
0.0
 20
0.0
 30
0.0
 70
   128
 71
   -28
 72
    21
 73
    20
 74
    20
  0
VERTEX
  5
8F1
330
862
100
AcDbEntity
  8
2
 62
    28
100
AcDbFaceRecord
 10
0.0
 20
0.0
 30
0.0
 70
   128
 71
    29
 72
    30
 73
   -22
 74
   -22
  0
VERTEX
  5
8F2
330
862
100
AcDbEntity
  8
2
 62
    28
100
AcDbFaceRecord
 10
0.0
 20
0.0
 30
0.0
 70
   128
 71
   -29
 72
    22
 73
    21
 74
    21
  0
VERTEX
  5
8F3
330
862
100
AcDbEntity
  8
2
 62
    28
100
AcDbFaceRecord
 10
0.0
 20
0.0
 30
0.0
 70
   128
 71
    30
 72
    31
 73
   -23
 74
   -23
  0
VERTEX
  5
8F4
330
862
100
AcDbEntity
  8
2
 62
    28
100
AcDbFaceRecord
 10
0.0
 20
0.0
 30
0.0
 70
   128
 71
   -30
 72
    23
 73
    22
 74
    22
  0
VERTEX
  5
8F5
330
862
100
AcDbEntity
  8
2
 62
    28
100
AcDbFaceRecord
 10
0.0
 20
0.0
 30
0.0
 70
   128
 71
    31
 72
    32
 73
   -24
 74
   -24
  0
VERTEX
  5
8F6
330
862
100
AcDbEntity
  8
2
 62
    28
100
AcDbFaceRecord
 10
0.0
 20
0.0
 30
0.0
 70
   128
 71
   -31
 72
    24
 73
    23
 74
    23
  0
VERTEX
  5
8F7
330
862
100
AcDbEntity
  8
2
 62
    28
100
AcDbFaceRecord
 10
0.0
 20
0.0
 30
0.0
 70
   128
 71
    32
 72
    25
 73
   -17
 74
   -17
  0
VERTEX
  5
8F8
330
862
100
AcDbEntity
  8
2
 62
    28
100
AcDbFaceRecord
 10
0.0
 20
0.0
 30
0.0
 70
   128
 71
   -32
 72
    17
 73
    24
 74
    24
  0
VERTEX
  5
8F9
330
862
100
AcDbEntity
  8
2
 62
    28
100
AcDbFaceRecord
 10
0.0
 20
0.0
 30
0.0
 70
   128
 71
    33
 72
    34
 73
   -31
 74
   -31
  0
VERTEX
  5
8FA
330
862
100
AcDbEntity
  8
2
 62
    28
100
AcDbFaceRecord
 10
0.0
 20
0.0
 30
0.0
 70
   128
 71
   -33
 72
    31
 73
    30
 74
    30
  0
VERTEX
  5
8FB
330
862
100
AcDbEntity
  8
2
 62
    28
100
AcDbFaceRecord
 10
0.0
 20
0.0
 30
0.0
 70
   128
 71
    35
 72
    33
 73
   -30
 74
   -30
  0
VERTEX
  5
8FC
330
862
100
AcDbEntity
  8
2
 62
    28
100
AcDbFaceRecord
 10
0.0
 20
0.0
 30
0.0
 70
   128
 71
   -35
 72
    30
 73
    29
 74
    29
  0
VERTEX
  5
8FD
330
862
100
AcDbEntity
  8
2
 62
    28
100
AcDbFaceRecord
 10
0.0
 20
0.0
 30
0.0
 70
   128
 71
    36
 72
    35
 73
   -29
 74
   -29
  0
VERTEX
  5
8FE
330
862
100
AcDbEntity
  8
2
 62
    28
100
AcDbFaceRecord
 10
0.0
 20
0.0
 30
0.0
 70
   128
 71
   -36
 72
    29
 73
    28
 74
    28
  0
VERTEX
  5
8FF
330
862
100
AcDbEntity
  8
2
 62
    28
100
AcDbFaceRecord
 10
0.0
 20
0.0
 30
0.0
 70
   128
 71
    37
 72
    36
 73
   -28
 74
   -28
  0
VERTEX
  5
900
330
862
100
AcDbEntity
  8
2
 62
    28
100
AcDbFaceRecord
 10
0.0
 20
0.0
 30
0.0
 70
   128
 71
   -37
 72
    28
 73
    27
 74
    27
  0
VERTEX
  5
901
330
862
100
AcDbEntity
  8
2
 62
    28
100
AcDbFaceRecord
 10
0.0
 20
0.0
 30
0.0
 70
   128
 71
    38
 72
    37
 73
   -27
 74
   -27
  0
VERTEX
  5
902
330
862
100
AcDbEntity
  8
2
 62
    28
100
AcDbFaceRecord
 10
0.0
 20
0.0
 30
0.0
 70
   128
 71
   -38
 72
    27
 73
    26
 74
    26
  0
VERTEX
  5
903
330
862
100
AcDbEntity
  8
2
 62
    28
100
AcDbFaceRecord
 10
0.0
 20
0.0
 30
0.0
 70
   128
 71
    39
 72
    38
 73
   -26
 74
   -26
  0
VERTEX
  5
904
330
862
100
AcDbEntity
  8
2
 62
    28
100
AcDbFaceRecord
 10
0.0
 20
0.0
 30
0.0
 70
   128
 71
   -39
 72
    26
 73
    25
 74
    25
  0
VERTEX
  5
905
330
862
100
AcDbEntity
  8
2
 62
    28
100
AcDbFaceRecord
 10
0.0
 20
0.0
 30
0.0
 70
   128
 71
    40
 72
    39
 73
   -25
 74
   -25
  0
VERTEX
  5
906
330
862
100
AcDbEntity
  8
2
 62
    28
100
AcDbFaceRecord
 10
0.0
 20
0.0
 30
0.0
 70
   128
 71
   -40
 72
    25
 73
    32
 74
    32
  0
VERTEX
  5
907
330
862
100
AcDbEntity
  8
2
 62
    28
100
AcDbFaceRecord
 10
0.0
 20
0.0
 30
0.0
 70
   128
 71
    34
 72
    40
 73
   -32
 74
   -32
  0
VERTEX
  5
908
330
862
100
AcDbEntity
  8
2
 62
    28
100
AcDbFaceRecord
 10
0.0
 20
0.0
 30
0.0
 70
   128
 71
   -34
 72
    32
 73
    31
 74
    31
  0
VERTEX
  5
909
330
862
100
AcDbEntity
  8
2
 62
    28
100
AcDbFaceRecord
 10
0.0
 20
0.0
 30
0.0
 70
   128
 71
    34
 72
    41
 73
   -42
 74
   -42
  0
VERTEX
  5
90A
330
862
100
AcDbEntity
  8
2
 62
    28
100
AcDbFaceRecord
 10
0.0
 20
0.0
 30
0.0
 70
   128
 71
   -34
 72
    42
 73
    40
 74
    40
  0
VERTEX
  5
90B
330
862
100
AcDbEntity
  8
2
 62
    28
100
AcDbFaceRecord
 10
0.0
 20
0.0
 30
0.0
 70
   128
 71
    40
 72
    42
 73
   -43
 74
   -43
  0
VERTEX
  5
90C
330
862
100
AcDbEntity
  8
2
 62
    28
100
AcDbFaceRecord
 10
0.0
 20
0.0
 30
0.0
 70
   128
 71
   -40
 72
    43
 73
    39
 74
    39
  0
VERTEX
  5
90D
330
862
100
AcDbEntity
  8
2
 62
    28
100
AcDbFaceRecord
 10
0.0
 20
0.0
 30
0.0
 70
   128
 71
    39
 72
    43
 73
   -44
 74
   -44
  0
VERTEX
  5
90E
330
862
100
AcDbEntity
  8
2
 62
    28
100
AcDbFaceRecord
 10
0.0
 20
0.0
 30
0.0
 70
   128
 71
   -39
 72
    44
 73
    38
 74
    38
  0
VERTEX
  5
90F
330
862
100
AcDbEntity
  8
2
 62
    28
100
AcDbFaceRecord
 10
0.0
 20
0.0
 30
0.0
 70
   128
 71
    38
 72
    44
 73
   -45
 74
   -45
  0
VERTEX
  5
910
330
862
100
AcDbEntity
  8
2
 62
    28
100
AcDbFaceRecord
 10
0.0
 20
0.0
 30
0.0
 70
   128
 71
   -38
 72
    45
 73
    37
 74
    37
  0
VERTEX
  5
911
330
862
100
AcDbEntity
  8
2
 62
    28
100
AcDbFaceRecord
 10
0.0
 20
0.0
 30
0.0
 70
   128
 71
    37
 72
    45
 73
   -46
 74
   -46
  0
VERTEX
  5
912
330
862
100
AcDbEntity
  8
2
 62
    28
100
AcDbFaceRecord
 10
0.0
 20
0.0
 30
0.0
 70
   128
 71
   -37
 72
    46
 73
    36
 74
    36
  0
VERTEX
  5
913
330
862
100
AcDbEntity
  8
2
 62
    28
100
AcDbFaceRecord
 10
0.0
 20
0.0
 30
0.0
 70
   128
 71
    36
 72
    46
 73
   -47
 74
   -47
  0
VERTEX
  5
914
330
862
100
AcDbEntity
  8
2
 62
    28
100
AcDbFaceRecord
 10
0.0
 20
0.0
 30
0.0
 70
   128
 71
   -36
 72
    47
 73
    35
 74
    35
  0
VERTEX
  5
915
330
862
100
AcDbEntity
  8
2
 62
    28
100
AcDbFaceRecord
 10
0.0
 20
0.0
 30
0.0
 70
   128
 71
    35
 72
    47
 73
   -48
 74
   -48
  0
VERTEX
  5
916
330
862
100
AcDbEntity
  8
2
 62
    28
100
AcDbFaceRecord
 10
0.0
 20
0.0
 30
0.0
 70
   128
 71
   -35
 72
    48
 73
    33
 74
    33
  0
VERTEX
  5
917
330
862
100
AcDbEntity
  8
2
 62
    28
100
AcDbFaceRecord
 10
0.0
 20
0.0
 30
0.0
 70
   128
 71
    33
 72
    48
 73
   -41
 74
   -41
  0
VERTEX
  5
918
330
862
100
AcDbEntity
  8
2
 62
    28
100
AcDbFaceRecord
 10
0.0
 20
0.0
 30
0.0
 70
   128
 71
   -33
 72
    41
 73
    34
 74
    34
  0
VERTEX
  5
919
330
862
100
AcDbEntity
  8
2
 62
    28
100
AcDbFaceRecord
 10
0.0
 20
0.0
 30
0.0
 70
   128
 71
    41
 72
    49
 73
   -50
 74
   -50
  0
VERTEX
  5
91A
330
862
100
AcDbEntity
  8
2
 62
    28
100
AcDbFaceRecord
 10
0.0
 20
0.0
 30
0.0
 70
   128
 71
   -41
 72
    50
 73
    42
 74
    42
  0
VERTEX
  5
91B
330
862
100
AcDbEntity
  8
2
 62
    28
100
AcDbFaceRecord
 10
0.0
 20
0.0
 30
0.0
 70
   128
 71
    42
 72
    50
 73
   -51
 74
   -51
  0
VERTEX
  5
91C
330
862
100
AcDbEntity
  8
2
 62
    28
100
AcDbFaceRecord
 10
0.0
 20
0.0
 30
0.0
 70
   128
 71
   -42
 72
    51
 73
    43
 74
    43
  0
VERTEX
  5
91D
330
862
100
AcDbEntity
  8
2
 62
    28
100
AcDbFaceRecord
 10
0.0
 20
0.0
 30
0.0
 70
   128
 71
    43
 72
    51
 73
   -52
 74
   -52
  0
VERTEX
  5
91E
330
862
100
AcDbEntity
  8
2
 62
    28
100
AcDbFaceRecord
 10
0.0
 20
0.0
 30
0.0
 70
   128
 71
   -43
 72
    52
 73
    44
 74
    44
  0
VERTEX
  5
91F
330
862
100
AcDbEntity
  8
2
 62
    28
100
AcDbFaceRecord
 10
0.0
 20
0.0
 30
0.0
 70
   128
 71
    44
 72
    52
 73
   -53
 74
   -53
  0
VERTEX
  5
920
330
862
100
AcDbEntity
  8
2
 62
    28
100
AcDbFaceRecord
 10
0.0
 20
0.0
 30
0.0
 70
   128
 71
   -44
 72
    53
 73
    45
 74
    45
  0
VERTEX
  5
921
330
862
100
AcDbEntity
  8
2
 62
    28
100
AcDbFaceRecord
 10
0.0
 20
0.0
 30
0.0
 70
   128
 71
    45
 72
    53
 73
   -54
 74
   -54
  0
VERTEX
  5
922
330
862
100
AcDbEntity
  8
2
 62
    28
100
AcDbFaceRecord
 10
0.0
 20
0.0
 30
0.0
 70
   128
 71
   -45
 72
    54
 73
    46
 74
    46
  0
VERTEX
  5
923
330
862
100
AcDbEntity
  8
2
 62
    28
100
AcDbFaceRecord
 10
0.0
 20
0.0
 30
0.0
 70
   128
 71
    46
 72
    54
 73
   -55
 74
   -55
  0
VERTEX
  5
924
330
862
100
AcDbEntity
  8
2
 62
    28
100
AcDbFaceRecord
 10
0.0
 20
0.0
 30
0.0
 70
   128
 71
   -46
 72
    55
 73
    47
 74
    47
  0
VERTEX
  5
925
330
862
100
AcDbEntity
  8
2
 62
    28
100
AcDbFaceRecord
 10
0.0
 20
0.0
 30
0.0
 70
   128
 71
    47
 72
    55
 73
   -56
 74
   -56
  0
VERTEX
  5
926
330
862
100
AcDbEntity
  8
2
 62
    28
100
AcDbFaceRecord
 10
0.0
 20
0.0
 30
0.0
 70
   128
 71
   -47
 72
    56
 73
    48
 74
    48
  0
VERTEX
  5
927
330
862
100
AcDbEntity
  8
2
 62
    28
100
AcDbFaceRecord
 10
0.0
 20
0.0
 30
0.0
 70
   128
 71
    48
 72
    56
 73
   -49
 74
   -49
  0
VERTEX
  5
928
330
862
100
AcDbEntity
  8
2
 62
    28
100
AcDbFaceRecord
 10
0.0
 20
0.0
 30
0.0
 70
   128
 71
   -48
 72
    49
 73
    41
 74
    41
  0
VERTEX
  5
929
330
862
100
AcDbEntity
  8
2
 62
    28
100
AcDbFaceRecord
 10
0.0
 20
0.0
 30
0.0
 70
   128
 71
    49
 72
    57
 73
   -58
 74
   -58
  0
VERTEX
  5
92A
330
862
100
AcDbEntity
  8
2
 62
    28
100
AcDbFaceRecord
 10
0.0
 20
0.0
 30
0.0
 70
   128
 71
   -49
 72
    58
 73
    50
 74
    50
  0
VERTEX
  5
92B
330
862
100
AcDbEntity
  8
2
 62
    28
100
AcDbFaceRecord
 10
0.0
 20
0.0
 30
0.0
 70
   128
 71
    50
 72
    58
 73
   -59
 74
   -59
  0
VERTEX
  5
92C
330
862
100
AcDbEntity
  8
2
 62
    28
100
AcDbFaceRecord
 10
0.0
 20
0.0
 30
0.0
 70
   128
 71
   -50
 72
    59
 73
    51
 74
    51
  0
VERTEX
  5
92D
330
862
100
AcDbEntity
  8
2
 62
    28
100
AcDbFaceRecord
 10
0.0
 20
0.0
 30
0.0
 70
   128
 71
    51
 72
    59
 73
   -60
 74
   -60
  0
VERTEX
  5
92E
330
862
100
AcDbEntity
  8
2
 62
    28
100
AcDbFaceRecord
 10
0.0
 20
0.0
 30
0.0
 70
   128
 71
   -51
 72
    60
 73
    52
 74
    52
  0
VERTEX
  5
92F
330
862
100
AcDbEntity
  8
2
 62
    28
100
AcDbFaceRecord
 10
0.0
 20
0.0
 30
0.0
 70
   128
 71
    52
 72
    60
 73
   -61
 74
   -61
  0
VERTEX
  5
930
330
862
100
AcDbEntity
  8
2
 62
    28
100
AcDbFaceRecord
 10
0.0
 20
0.0
 30
0.0
 70
   128
 71
   -52
 72
    61
 73
    53
 74
    53
  0
VERTEX
  5
931
330
862
100
AcDbEntity
  8
2
 62
    28
100
AcDbFaceRecord
 10
0.0
 20
0.0
 30
0.0
 70
   128
 71
    53
 72
    61
 73
   -62
 74
   -62
  0
VERTEX
  5
932
330
862
100
AcDbEntity
  8
2
 62
    28
100
AcDbFaceRecord
 10
0.0
 20
0.0
 30
0.0
 70
   128
 71
   -53
 72
    62
 73
    54
 74
    54
  0
VERTEX
  5
933
330
862
100
AcDbEntity
  8
2
 62
    28
100
AcDbFaceRecord
 10
0.0
 20
0.0
 30
0.0
 70
   128
 71
    54
 72
    62
 73
   -63
 74
   -63
  0
VERTEX
  5
934
330
862
100
AcDbEntity
  8
2
 62
    28
100
AcDbFaceRecord
 10
0.0
 20
0.0
 30
0.0
 70
   128
 71
   -54
 72
    63
 73
    55
 74
    55
  0
VERTEX
  5
935
330
862
100
AcDbEntity
  8
2
 62
    28
100
AcDbFaceRecord
 10
0.0
 20
0.0
 30
0.0
 70
   128
 71
    55
 72
    63
 73
   -64
 74
   -64
  0
VERTEX
  5
936
330
862
100
AcDbEntity
  8
2
 62
    28
100
AcDbFaceRecord
 10
0.0
 20
0.0
 30
0.0
 70
   128
 71
   -55
 72
    64
 73
    56
 74
    56
  0
VERTEX
  5
937
330
862
100
AcDbEntity
  8
2
 62
    28
100
AcDbFaceRecord
 10
0.0
 20
0.0
 30
0.0
 70
   128
 71
    56
 72
    64
 73
   -57
 74
   -57
  0
VERTEX
  5
938
330
862
100
AcDbEntity
  8
2
 62
    28
100
AcDbFaceRecord
 10
0.0
 20
0.0
 30
0.0
 70
   128
 71
   -56
 72
    57
 73
    49
 74
    49
  0
VERTEX
  5
939
330
862
100
AcDbEntity
  8
2
 62
    28
100
AcDbFaceRecord
 10
0.0
 20
0.0
 30
0.0
 70
   128
 71
    57
 72
    65
 73
   -66
 74
   -66
  0
VERTEX
  5
93A
330
862
100
AcDbEntity
  8
2
 62
    28
100
AcDbFaceRecord
 10
0.0
 20
0.0
 30
0.0
 70
   128
 71
   -57
 72
    66
 73
    58
 74
    58
  0
VERTEX
  5
93B
330
862
100
AcDbEntity
  8
2
 62
    28
100
AcDbFaceRecord
 10
0.0
 20
0.0
 30
0.0
 70
   128
 71
    58
 72
    66
 73
   -67
 74
   -67
  0
VERTEX
  5
93C
330
862
100
AcDbEntity
  8
2
 62
    28
100
AcDbFaceRecord
 10
0.0
 20
0.0
 30
0.0
 70
   128
 71
   -58
 72
    67
 73
    59
 74
    59
  0
VERTEX
  5
93D
330
862
100
AcDbEntity
  8
2
 62
    28
100
AcDbFaceRecord
 10
0.0
 20
0.0
 30
0.0
 70
   128
 71
    59
 72
    67
 73
   -68
 74
   -68
  0
VERTEX
  5
93E
330
862
100
AcDbEntity
  8
2
 62
    28
100
AcDbFaceRecord
 10
0.0
 20
0.0
 30
0.0
 70
   128
 71
   -59
 72
    68
 73
    60
 74
    60
  0
VERTEX
  5
93F
330
862
100
AcDbEntity
  8
2
 62
    28
100
AcDbFaceRecord
 10
0.0
 20
0.0
 30
0.0
 70
   128
 71
    60
 72
    68
 73
   -69
 74
   -69
  0
VERTEX
  5
940
330
862
100
AcDbEntity
  8
2
 62
    28
100
AcDbFaceRecord
 10
0.0
 20
0.0
 30
0.0
 70
   128
 71
   -60
 72
    69
 73
    61
 74
    61
  0
VERTEX
  5
941
330
862
100
AcDbEntity
  8
2
 62
    28
100
AcDbFaceRecord
 10
0.0
 20
0.0
 30
0.0
 70
   128
 71
    61
 72
    69
 73
   -70
 74
   -70
  0
VERTEX
  5
942
330
862
100
AcDbEntity
  8
2
 62
    28
100
AcDbFaceRecord
 10
0.0
 20
0.0
 30
0.0
 70
   128
 71
   -61
 72
    70
 73
    62
 74
    62
  0
VERTEX
  5
943
330
862
100
AcDbEntity
  8
2
 62
    28
100
AcDbFaceRecord
 10
0.0
 20
0.0
 30
0.0
 70
   128
 71
    62
 72
    70
 73
   -71
 74
   -71
  0
VERTEX
  5
944
330
862
100
AcDbEntity
  8
2
 62
    28
100
AcDbFaceRecord
 10
0.0
 20
0.0
 30
0.0
 70
   128
 71
   -62
 72
    71
 73
    63
 74
    63
  0
VERTEX
  5
945
330
862
100
AcDbEntity
  8
2
 62
    28
100
AcDbFaceRecord
 10
0.0
 20
0.0
 30
0.0
 70
   128
 71
    63
 72
    71
 73
   -72
 74
   -72
  0
VERTEX
  5
946
330
862
100
AcDbEntity
  8
2
 62
    28
100
AcDbFaceRecord
 10
0.0
 20
0.0
 30
0.0
 70
   128
 71
   -63
 72
    72
 73
    64
 74
    64
  0
VERTEX
  5
947
330
862
100
AcDbEntity
  8
2
 62
    28
100
AcDbFaceRecord
 10
0.0
 20
0.0
 30
0.0
 70
   128
 71
    64
 72
    72
 73
   -65
 74
   -65
  0
VERTEX
  5
948
330
862
100
AcDbEntity
  8
2
 62
    28
100
AcDbFaceRecord
 10
0.0
 20
0.0
 30
0.0
 70
   128
 71
   -64
 72
    65
 73
    57
 74
    57
  0
VERTEX
  5
949
330
862
100
AcDbEntity
  8
2
 62
    28
100
AcDbFaceRecord
 10
0.0
 20
0.0
 30
0.0
 70
   128
 71
    73
 72
    74
 73
   -68
 74
   -68
  0
VERTEX
  5
94A
330
862
100
AcDbEntity
  8
2
 62
    28
100
AcDbFaceRecord
 10
0.0
 20
0.0
 30
0.0
 70
   128
 71
   -73
 72
    68
 73
    67
 74
    67
  0
VERTEX
  5
94B
330
862
100
AcDbEntity
  8
2
 62
    28
100
AcDbFaceRecord
 10
0.0
 20
0.0
 30
0.0
 70
   128
 71
    74
 72
    75
 73
   -69
 74
   -69
  0
VERTEX
  5
94C
330
862
100
AcDbEntity
  8
2
 62
    28
100
AcDbFaceRecord
 10
0.0
 20
0.0
 30
0.0
 70
   128
 71
   -74
 72
    69
 73
    68
 74
    68
  0
VERTEX
  5
94D
330
862
100
AcDbEntity
  8
2
 62
    28
100
AcDbFaceRecord
 10
0.0
 20
0.0
 30
0.0
 70
   128
 71
    75
 72
    76
 73
   -70
 74
   -70
  0
VERTEX
  5
94E
330
862
100
AcDbEntity
  8
2
 62
    28
100
AcDbFaceRecord
 10
0.0
 20
0.0
 30
0.0
 70
   128
 71
   -75
 72
    70
 73
    69
 74
    69
  0
VERTEX
  5
94F
330
862
100
AcDbEntity
  8
2
 62
    28
100
AcDbFaceRecord
 10
0.0
 20
0.0
 30
0.0
 70
   128
 71
    76
 72
    77
 73
   -71
 74
   -71
  0
VERTEX
  5
950
330
862
100
AcDbEntity
  8
2
 62
    28
100
AcDbFaceRecord
 10
0.0
 20
0.0
 30
0.0
 70
   128
 71
   -76
 72
    71
 73
    70
 74
    70
  0
VERTEX
  5
951
330
862
100
AcDbEntity
  8
2
 62
    28
100
AcDbFaceRecord
 10
0.0
 20
0.0
 30
0.0
 70
   128
 71
    77
 72
    78
 73
   -72
 74
   -72
  0
VERTEX
  5
952
330
862
100
AcDbEntity
  8
2
 62
    28
100
AcDbFaceRecord
 10
0.0
 20
0.0
 30
0.0
 70
   128
 71
   -77
 72
    72
 73
    71
 74
    71
  0
VERTEX
  5
953
330
862
100
AcDbEntity
  8
2
 62
    28
100
AcDbFaceRecord
 10
0.0
 20
0.0
 30
0.0
 70
   128
 71
    78
 72
    79
 73
   -65
 74
   -65
  0
VERTEX
  5
954
330
862
100
AcDbEntity
  8
2
 62
    28
100
AcDbFaceRecord
 10
0.0
 20
0.0
 30
0.0
 70
   128
 71
   -78
 72
    65
 73
    72
 74
    72
  0
VERTEX
  5
955
330
862
100
AcDbEntity
  8
2
 62
    28
100
AcDbFaceRecord
 10
0.0
 20
0.0
 30
0.0
 70
   128
 71
    79
 72
    80
 73
   -66
 74
   -66
  0
VERTEX
  5
956
330
862
100
AcDbEntity
  8
2
 62
    28
100
AcDbFaceRecord
 10
0.0
 20
0.0
 30
0.0
 70
   128
 71
   -79
 72
    66
 73
    65
 74
    65
  0
VERTEX
  5
957
330
862
100
AcDbEntity
  8
2
 62
    28
100
AcDbFaceRecord
 10
0.0
 20
0.0
 30
0.0
 70
   128
 71
    80
 72
    73
 73
   -67
 74
   -67
  0
VERTEX
  5
958
330
862
100
AcDbEntity
  8
2
 62
    28
100
AcDbFaceRecord
 10
0.0
 20
0.0
 30
0.0
 70
   128
 71
   -80
 72
    67
 73
    66
 74
    66
  0
VERTEX
  5
959
330
862
100
AcDbEntity
  8
2
 62
    28
100
AcDbFaceRecord
 10
0.0
 20
0.0
 30
0.0
 70
   128
 71
    81
 72
    82
 73
   -74
 74
   -74
  0
VERTEX
  5
95A
330
862
100
AcDbEntity
  8
2
 62
    28
100
AcDbFaceRecord
 10
0.0
 20
0.0
 30
0.0
 70
   128
 71
   -81
 72
    74
 73
    73
 74
    73
  0
VERTEX
  5
95B
330
862
100
AcDbEntity
  8
2
 62
    28
100
AcDbFaceRecord
 10
0.0
 20
0.0
 30
0.0
 70
   128
 71
    82
 72
    83
 73
   -75
 74
   -75
  0
VERTEX
  5
95C
330
862
100
AcDbEntity
  8
2
 62
    28
100
AcDbFaceRecord
 10
0.0
 20
0.0
 30
0.0
 70
   128
 71
   -82
 72
    75
 73
    74
 74
    74
  0
VERTEX
  5
95D
330
862
100
AcDbEntity
  8
2
 62
    28
100
AcDbFaceRecord
 10
0.0
 20
0.0
 30
0.0
 70
   128
 71
    83
 72
    84
 73
   -76
 74
   -76
  0
VERTEX
  5
95E
330
862
100
AcDbEntity
  8
2
 62
    28
100
AcDbFaceRecord
 10
0.0
 20
0.0
 30
0.0
 70
   128
 71
   -83
 72
    76
 73
    75
 74
    75
  0
VERTEX
  5
95F
330
862
100
AcDbEntity
  8
2
 62
    28
100
AcDbFaceRecord
 10
0.0
 20
0.0
 30
0.0
 70
   128
 71
    84
 72
    85
 73
   -77
 74
   -77
  0
VERTEX
  5
960
330
862
100
AcDbEntity
  8
2
 62
    28
100
AcDbFaceRecord
 10
0.0
 20
0.0
 30
0.0
 70
   128
 71
   -84
 72
    77
 73
    76
 74
    76
  0
VERTEX
  5
961
330
862
100
AcDbEntity
  8
2
 62
    28
100
AcDbFaceRecord
 10
0.0
 20
0.0
 30
0.0
 70
   128
 71
    85
 72
    86
 73
   -78
 74
   -78
  0
VERTEX
  5
962
330
862
100
AcDbEntity
  8
2
 62
    28
100
AcDbFaceRecord
 10
0.0
 20
0.0
 30
0.0
 70
   128
 71
   -85
 72
    78
 73
    77
 74
    77
  0
VERTEX
  5
963
330
862
100
AcDbEntity
  8
2
 62
    28
100
AcDbFaceRecord
 10
0.0
 20
0.0
 30
0.0
 70
   128
 71
    86
 72
    87
 73
   -79
 74
   -79
  0
VERTEX
  5
964
330
862
100
AcDbEntity
  8
2
 62
    28
100
AcDbFaceRecord
 10
0.0
 20
0.0
 30
0.0
 70
   128
 71
   -86
 72
    79
 73
    78
 74
    78
  0
VERTEX
  5
965
330
862
100
AcDbEntity
  8
2
 62
    28
100
AcDbFaceRecord
 10
0.0
 20
0.0
 30
0.0
 70
   128
 71
    87
 72
    88
 73
   -80
 74
   -80
  0
VERTEX
  5
966
330
862
100
AcDbEntity
  8
2
 62
    28
100
AcDbFaceRecord
 10
0.0
 20
0.0
 30
0.0
 70
   128
 71
   -87
 72
    80
 73
    79
 74
    79
  0
VERTEX
  5
967
330
862
100
AcDbEntity
  8
2
 62
    28
100
AcDbFaceRecord
 10
0.0
 20
0.0
 30
0.0
 70
   128
 71
    88
 72
    81
 73
   -73
 74
   -73
  0
VERTEX
  5
968
330
862
100
AcDbEntity
  8
2
 62
    28
100
AcDbFaceRecord
 10
0.0
 20
0.0
 30
0.0
 70
   128
 71
   -88
 72
    73
 73
    80
 74
    80
  0
VERTEX
  5
969
330
862
100
AcDbEntity
  8
2
 62
    28
100
AcDbFaceRecord
 10
0.0
 20
0.0
 30
0.0
 70
   128
 71
    89
 72
    90
 73
   -82
 74
   -82
  0
VERTEX
  5
96A
330
862
100
AcDbEntity
  8
2
 62
    28
100
AcDbFaceRecord
 10
0.0
 20
0.0
 30
0.0
 70
   128
 71
   -89
 72
    82
 73
    81
 74
    81
  0
VERTEX
  5
96B
330
862
100
AcDbEntity
  8
2
 62
    28
100
AcDbFaceRecord
 10
0.0
 20
0.0
 30
0.0
 70
   128
 71
    90
 72
    91
 73
   -83
 74
   -83
  0
VERTEX
  5
96C
330
862
100
AcDbEntity
  8
2
 62
    28
100
AcDbFaceRecord
 10
0.0
 20
0.0
 30
0.0
 70
   128
 71
   -90
 72
    83
 73
    82
 74
    82
  0
VERTEX
  5
96D
330
862
100
AcDbEntity
  8
2
 62
    28
100
AcDbFaceRecord
 10
0.0
 20
0.0
 30
0.0
 70
   128
 71
    91
 72
    92
 73
   -84
 74
   -84
  0
VERTEX
  5
96E
330
862
100
AcDbEntity
  8
2
 62
    28
100
AcDbFaceRecord
 10
0.0
 20
0.0
 30
0.0
 70
   128
 71
   -91
 72
    84
 73
    83
 74
    83
  0
VERTEX
  5
96F
330
862
100
AcDbEntity
  8
2
 62
    28
100
AcDbFaceRecord
 10
0.0
 20
0.0
 30
0.0
 70
   128
 71
    92
 72
    93
 73
   -85
 74
   -85
  0
VERTEX
  5
970
330
862
100
AcDbEntity
  8
2
 62
    28
100
AcDbFaceRecord
 10
0.0
 20
0.0
 30
0.0
 70
   128
 71
   -92
 72
    85
 73
    84
 74
    84
  0
VERTEX
  5
971
330
862
100
AcDbEntity
  8
2
 62
    28
100
AcDbFaceRecord
 10
0.0
 20
0.0
 30
0.0
 70
   128
 71
    93
 72
    94
 73
   -86
 74
   -86
  0
VERTEX
  5
972
330
862
100
AcDbEntity
  8
2
 62
    28
100
AcDbFaceRecord
 10
0.0
 20
0.0
 30
0.0
 70
   128
 71
   -93
 72
    86
 73
    85
 74
    85
  0
VERTEX
  5
973
330
862
100
AcDbEntity
  8
2
 62
    28
100
AcDbFaceRecord
 10
0.0
 20
0.0
 30
0.0
 70
   128
 71
    94
 72
    95
 73
   -87
 74
   -87
  0
VERTEX
  5
974
330
862
100
AcDbEntity
  8
2
 62
    28
100
AcDbFaceRecord
 10
0.0
 20
0.0
 30
0.0
 70
   128
 71
   -94
 72
    87
 73
    86
 74
    86
  0
VERTEX
  5
975
330
862
100
AcDbEntity
  8
2
 62
    28
100
AcDbFaceRecord
 10
0.0
 20
0.0
 30
0.0
 70
   128
 71
    95
 72
    96
 73
   -88
 74
   -88
  0
VERTEX
  5
976
330
862
100
AcDbEntity
  8
2
 62
    28
100
AcDbFaceRecord
 10
0.0
 20
0.0
 30
0.0
 70
   128
 71
   -95
 72
    88
 73
    87
 74
    87
  0
VERTEX
  5
977
330
862
100
AcDbEntity
  8
2
 62
    28
100
AcDbFaceRecord
 10
0.0
 20
0.0
 30
0.0
 70
   128
 71
    96
 72
    89
 73
   -81
 74
   -81
  0
VERTEX
  5
978
330
862
100
AcDbEntity
  8
2
 62
    28
100
AcDbFaceRecord
 10
0.0
 20
0.0
 30
0.0
 70
   128
 71
   -96
 72
    81
 73
    88
 74
    88
  0
VERTEX
  5
979
330
862
100
AcDbEntity
  8
2
 62
    28
100
AcDbFaceRecord
 10
0.0
 20
0.0
 30
0.0
 70
   128
 71
   -90
 72
    92
 73
    91
 74
    91
  0
VERTEX
  5
97A
330
862
100
AcDbEntity
  8
2
 62
    28
100
AcDbFaceRecord
 10
0.0
 20
0.0
 30
0.0
 70
   128
 71
   -92
 72
   -90
 73
    93
 74
    93
  0
VERTEX
  5
97B
330
862
100
AcDbEntity
  8
2
 62
    28
100
AcDbFaceRecord
 10
0.0
 20
0.0
 30
0.0
 70
   128
 71
   -93
 72
    90
 73
   -89
 74
   -89
  0
VERTEX
  5
97C
330
862
100
AcDbEntity
  8
2
 62
    28
100
AcDbFaceRecord
 10
0.0
 20
0.0
 30
0.0
 70
   128
 71
   -93
 72
   -89
 73
    94
 74
    94
  0
VERTEX
  5
97D
330
862
100
AcDbEntity
  8
2
 62
    28
100
AcDbFaceRecord
 10
0.0
 20
0.0
 30
0.0
 70
   128
 71
   -94
 72
    89
 73
   -96
 74
   -96
  0
VERTEX
  5
97E
330
862
100
AcDbEntity
  8
2
 62
    28
100
AcDbFaceRecord
 10
0.0
 20
0.0
 30
0.0
 70
   128
 71
   -94
 72
    96
 73
    95
 74
    95
  0
SEQEND
  5
97F
330
862
100
AcDbEntity
  8
2
 62
    28
  0
POLYLINE
  5
980
330
1F
100
AcDbEntity
  8
2
 62
    28
420
  6689812
100
AcDbPolyFaceMesh
 66
     1
 10
0.0
 20
0.0
 30
0.0
 70
    64
 71
    96
 72
   188
1001
TeklaStructures
1000
ID
1000
127648405
  0
VERTEX
  5
981
330
980
100
AcDbEntity
  8
2
 62
    28
100
AcDbVertex
100
AcDbPolyFaceMeshVertex
 10
33054.51326477536
 20
9095.49586212158
 30
21598.62468108374
 70
   192
  0
VERTEX
  5
982
330
980
100
AcDbEntity
  8
2
 62
    28
100
AcDbVertex
100
AcDbPolyFaceMeshVertex
 10
33053.19524529069
 20
9092.31388160624
 30
21598.62468108366
 70
   192
  0
VERTEX
  5
983
330
980
100
AcDbEntity
  8
2
 62
    28
100
AcDbVertex
100
AcDbPolyFaceMeshVertex
 10
33053.19525923352
 20
9092.313881605569
 30
21629.99999999991
 70
   192
  0
VERTEX
  5
984
330
980
100
AcDbEntity
  8
2
 62
    28
100
AcDbVertex
100
AcDbPolyFaceMeshVertex
 10
33054.51327871818
 20
9095.495862120908
 30
21629.99999999999
 70
   192
  0
VERTEX
  5
985
330
980
100
AcDbEntity
  8
2
 62
    28
100
AcDbVertex
100
AcDbPolyFaceMeshVertex
 10
33050.01326477536
 20
9090.99586212158
 30
21598.62468108363
 70
   192
  0
VERTEX
  5
986
330
980
100
AcDbEntity
  8
2
 62
    28
100
AcDbVertex
100
AcDbPolyFaceMeshVertex
 10
33050.01327871818
 20
9090.995862120908
 30
21629.99999999988
 70
   192
  0
VERTEX
  5
987
330
980
100
AcDbEntity
  8
2
 62
    28
100
AcDbVertex
100
AcDbPolyFaceMeshVertex
 10
33046.83128426002
 20
9092.31388160624
 30
21598.62468108366
 70
   192
  0
VERTEX
  5
988
330
980
100
AcDbEntity
  8
2
 62
    28
100
AcDbVertex
100
AcDbPolyFaceMeshVertex
 10
33046.83129820284
 20
9092.313881605569
 30
21629.99999999991
 70
   192
  0
VERTEX
  5
989
330
980
100
AcDbEntity
  8
2
 62
    28
100
AcDbVertex
100
AcDbPolyFaceMeshVertex
 10
33045.51326477536
 20
9095.49586212158
 30
21598.62468108374
 70
   192
  0
VERTEX
  5
98A
330
980
100
AcDbEntity
  8
2
 62
    28
100
AcDbVertex
100
AcDbPolyFaceMeshVertex
 10
33045.51327871818
 20
9095.495862120908
 30
21629.99999999999
 70
   192
  0
VERTEX
  5
98B
330
980
100
AcDbEntity
  8
2
 62
    28
100
AcDbVertex
100
AcDbPolyFaceMeshVertex
 10
33046.83128426002
 20
9098.677842636918
 30
21598.62468108382
 70
   192
  0
VERTEX
  5
98C
330
980
100
AcDbEntity
  8
2
 62
    28
100
AcDbVertex
100
AcDbPolyFaceMeshVertex
 10
33046.83129820284
 20
9098.677842636249
 30
21630.00000000007
 70
   192
  0
VERTEX
  5
98D
330
980
100
AcDbEntity
  8
2
 62
    28
100
AcDbVertex
100
AcDbPolyFaceMeshVertex
 10
33050.01326477536
 20
9099.99586212158
 30
21598.62468108385
 70
   192
  0
VERTEX
  5
98E
330
980
100
AcDbEntity
  8
2
 62
    28
100
AcDbVertex
100
AcDbPolyFaceMeshVertex
 10
33050.01327871818
 20
9099.995862120908
 30
21630.00000000011
 70
   192
  0
VERTEX
  5
98F
330
980
100
AcDbEntity
  8
2
 62
    28
100
AcDbVertex
100
AcDbPolyFaceMeshVertex
 10
33053.19524529069
 20
9098.677842636918
 30
21598.62468108382
 70
   192
  0
VERTEX
  5
990
330
980
100
AcDbEntity
  8
2
 62
    28
100
AcDbVertex
100
AcDbPolyFaceMeshVertex
 10
33053.19525923352
 20
9098.677842636249
 30
21630.00000000007
 70
   192
  0
VERTEX
  5
991
330
980
100
AcDbEntity
  8
2
 62
    28
100
AcDbVertex
100
AcDbPolyFaceMeshVertex
 10
33054.51326477536
 20
9095.495862121685
 30
21594.38835555528
 70
   192
  0
VERTEX
  5
992
330
980
100
AcDbEntity
  8
2
 62
    28
100
AcDbVertex
100
AcDbPolyFaceMeshVertex
 10
33053.19524529069
 20
9092.31388160629
 30
21596.66889916646
 70
   192
  0
VERTEX
  5
993
330
980
100
AcDbEntity
  8
2
 62
    28
100
AcDbVertex
100
AcDbPolyFaceMeshVertex
 10
33050.01326477536
 20
9090.995862121605
 30
21597.61351641611
 70
   192
  0
VERTEX
  5
994
330
980
100
AcDbEntity
  8
2
 62
    28
100
AcDbVertex
100
AcDbPolyFaceMeshVertex
 10
33046.83128426002
 20
9092.31388160629
 30
21596.66886333062
 70
   192
  0
VERTEX
  5
995
330
980
100
AcDbEntity
  8
2
 62
    28
100
AcDbVertex
100
AcDbPolyFaceMeshVertex
 10
33045.51326477536
 20
9095.495862121685
 30
21594.38830487575
 70
   192
  0
VERTEX
  5
996
330
980
100
AcDbEntity
  8
2
 62
    28
100
AcDbVertex
100
AcDbPolyFaceMeshVertex
 10
33046.83128426002
 20
9098.677842637082
 30
21592.10776126456
 70
   192
  0
VERTEX
  5
997
330
980
100
AcDbEntity
  8
2
 62
    28
100
AcDbVertex
100
AcDbPolyFaceMeshVertex
 10
33050.01326477536
 20
9099.995862121767
 30
21591.16314401492
 70
   192
  0
VERTEX
  5
998
330
980
100
AcDbEntity
  8
2
 62
    28
100
AcDbVertex
100
AcDbPolyFaceMeshVertex
 10
33053.19524529069
 20
9098.677842637082
 30
21592.1077971004
 70
   192
  0
VERTEX
  5
999
330
980
100
AcDbEntity
  8
2
 62
    28
100
AcDbVertex
100
AcDbPolyFaceMeshVertex
 10
33054.5132866427
 20
9091.48414652713
 30
21593.02726156994
 70
   192
  0
VERTEX
  5
99A
330
980
100
AcDbEntity
  8
2
 62
    28
100
AcDbVertex
100
AcDbPolyFaceMeshVertex
 10
33053.19524928498
 20
9090.461795539446
 30
21596.04052414449
 70
   192
  0
VERTEX
  5
99B
330
980
100
AcDbEntity
  8
2
 62
    28
100
AcDbVertex
100
AcDbPolyFaceMeshVertex
 10
33050.01326136649
 20
9090.038309088231
 30
21597.2886377107
 70
   192
  0
VERTEX
  5
99C
330
980
100
AcDbEntity
  8
2
 62
    28
100
AcDbVertex
100
AcDbPolyFaceMeshVertex
 10
33046.8312882546
 20
9090.461759793136
 30
21596.0404742688
 70
   192
  0
VERTEX
  5
99D
330
980
100
AcDbEntity
  8
2
 62
    28
100
AcDbVertex
100
AcDbPolyFaceMeshVertex
 10
33045.51328664315
 20
9091.484095974218
 30
21593.02719103501
 70
   192
  0
VERTEX
  5
99E
330
980
100
AcDbEntity
  8
2
 62
    28
100
AcDbVertex
100
AcDbPolyFaceMeshVertex
 10
33046.8313240009
 20
9092.506446961908
 30
21590.01392846041
 70
   192
  0
VERTEX
  5
99F
330
980
100
AcDbEntity
  8
2
 62
    28
100
AcDbVertex
100
AcDbPolyFaceMeshVertex
 10
33050.0133119194
 20
9092.929933413123
 30
21588.76581489421
 70
   192
  0
VERTEX
  5
9A0
330
980
100
AcDbEntity
  8
2
 62
    28
100
AcDbVertex
100
AcDbPolyFaceMeshVertex
 10
33053.19528503129
 20
9092.506482708219
 30
21590.01397833611
 70
   192
  0
VERTEX
  5
9A1
330
980
100
AcDbEntity
  8
2
 62
    28
100
AcDbVertex
100
AcDbPolyFaceMeshVertex
 10
33046.83139121416
 20
9083.778312506089
 30
21584.34718328246
 70
   192
  0
VERTEX
  5
9A2
330
980
100
AcDbEntity
  8
2
 62
    28
100
AcDbVertex
100
AcDbPolyFaceMeshVertex
 10
33050.01337254841
 20
9084.74611731318
 30
21583.45246321122
 70
   192
  0
VERTEX
  5
9A3
330
980
100
AcDbEntity
  8
2
 62
    28
100
AcDbVertex
100
AcDbPolyFaceMeshVertex
 10
33045.5133697524
 20
9081.441846382608
 30
21586.50725755018
 70
   192
  0
VERTEX
  5
9A4
330
980
100
AcDbEntity
  8
2
 62
    28
100
AcDbVertex
100
AcDbPolyFaceMeshVertex
 10
33046.83138725991
 20
9079.10538910985
 30
21588.6673438041
 70
   192
  0
VERTEX
  5
9A5
330
980
100
AcDbEntity
  8
2
 62
    28
100
AcDbVertex
100
AcDbPolyFaceMeshVertex
 10
33050.01336695622
 20
9078.13760567029
 30
21589.56209281257
 70
   192
  0
VERTEX
  5
9A6
330
980
100
AcDbEntity
  8
2
 62
    28
100
AcDbVertex
100
AcDbPolyFaceMeshVertex
 10
33053.19534829045
 20
9079.10541047737
 30
21588.66737274133
 70
   192
  0
VERTEX
  5
9A7
330
980
100
AcDbEntity
  8
2
 62
    28
100
AcDbVertex
100
AcDbPolyFaceMeshVertex
 10
33054.51336975221
 20
9081.441876600857
 30
21586.5072984736
 70
   192
  0
VERTEX
  5
9A8
330
980
100
AcDbEntity
  8
2
 62
    28
100
AcDbVertex
100
AcDbPolyFaceMeshVertex
 10
33053.19535224472
 20
9083.778333873617
 30
21584.34721221969
 70
   192
  0
VERTEX
  5
9A9
330
980
100
AcDbEntity
  8
2
 62
    28
100
AcDbVertex
100
AcDbPolyFaceMeshVertex
 10
33050.01340398043
 20
9080.090142279367
 30
21574.87759011875
 70
   192
  0
VERTEX
  5
9AA
330
980
100
AcDbEntity
  8
2
 62
    28
100
AcDbVertex
100
AcDbPolyFaceMeshVertex
 10
33053.19538831918
 20
9078.812678456072
 30
21575.20199297
 70
   192
  0
VERTEX
  5
9AB
330
980
100
AcDbEntity
  8
2
 62
    28
100
AcDbVertex
100
AcDbPolyFaceMeshVertex
 10
33054.51341703445
 20
9075.728586884688
 30
21575.98516271336
 70
   192
  0
VERTEX
  5
9AC
330
980
100
AcDbEntity
  8
2
 62
    28
100
AcDbVertex
100
AcDbPolyFaceMeshVertex
 10
33053.19540678045
 20
9072.64448658013
 30
21576.76832913479
 70
   192
  0
VERTEX
  5
9AD
330
980
100
AcDbEntity
  8
2
 62
    28
100
AcDbVertex
100
AcDbPolyFaceMeshVertex
 10
33050.01343008859
 20
9071.367001673081
 30
21577.09272396622
 70
   192
  0
VERTEX
  5
9AE
330
980
100
AcDbEntity
  8
2
 62
    28
100
AcDbVertex
100
AcDbPolyFaceMeshVertex
 10
33046.83144574984
 20
9072.644465496378
 30
21576.76832111497
 70
   192
  0
VERTEX
  5
9AF
330
980
100
AcDbEntity
  8
2
 62
    28
100
AcDbVertex
100
AcDbPolyFaceMeshVertex
 10
33045.51341703456
 20
9075.728557067763
 30
21575.98515137162
 70
   192
  0
VERTEX
  5
9B0
330
980
100
AcDbEntity
  8
2
 62
    28
100
AcDbVertex
100
AcDbPolyFaceMeshVertex
 10
33046.83142728858
 20
9078.81265737232
 30
21575.20198495019
 70
   192
  0
VERTEX
  5
9B1
330
980
100
AcDbEntity
  8
2
 62
    28
100
AcDbVertex
100
AcDbPolyFaceMeshVertex
 10
33050.0133968733
 20
9080.090866865694
 30
21565.12020565655
 70
   192
  0
VERTEX
  5
9B2
330
980
100
AcDbEntity
  8
2
 62
    28
100
AcDbVertex
100
AcDbPolyFaceMeshVertex
 10
33053.1953832911
 20
9078.813456102856
 30
21564.79561431091
 70
   192
  0
VERTEX
  5
9B3
330
980
100
AcDbEntity
  8
2
 62
    28
100
AcDbVertex
100
AcDbPolyFaceMeshVertex
 10
33054.5134170257
 20
9075.729482897868
 30
21564.01198703518
 70
   192
  0
VERTEX
  5
9B4
330
980
100
AcDbEntity
  8
2
 62
    28
100
AcDbVertex
100
AcDbPolyFaceMeshVertex
 10
33053.19541179103
 20
9072.64549692821
 30
21563.22836205964
 70
   192
  0
VERTEX
  5
9B5
330
980
100
AcDbEntity
  8
2
 62
    28
100
AcDbVertex
100
AcDbPolyFaceMeshVertex
 10
33050.01343717827
 20
9071.368055348745
 30
21562.90377626716
 70
   192
  0
VERTEX
  5
9B6
330
980
100
AcDbEntity
  8
2
 62
    28
100
AcDbVertex
100
AcDbPolyFaceMeshVertex
 10
33046.83145076045
 20
9072.645466111584
 30
21563.2283676128
 70
   192
  0
VERTEX
  5
9B7
330
980
100
AcDbEntity
  8
2
 62
    28
100
AcDbVertex
100
AcDbPolyFaceMeshVertex
 10
33045.51341702586
 20
9075.729439316578
 30
21564.01199488852
 70
   192
  0
VERTEX
  5
9B8
330
980
100
AcDbEntity
  8
2
 62
    28
100
AcDbVertex
100
AcDbPolyFaceMeshVertex
 10
33046.83142226054
 20
9078.813425286233
 30
21564.79561986406
 70
   192
  0
VERTEX
  5
9B9
330
980
100
AcDbEntity
  8
2
 62
    28
100
AcDbVertex
100
AcDbPolyFaceMeshVertex
 10
33050.01335122873
 20
9084.74811539349
 30
21556.54602416695
 70
   192
  0
VERTEX
  5
9BA
330
980
100
AcDbEntity
  8
2
 62
    28
100
AcDbVertex
100
AcDbPolyFaceMeshVertex
 10
33053.19533716236
 20
9083.780475911066
 30
21555.65114165396
 70
   192
  0
VERTEX
  5
9BB
330
980
100
AcDbEntity
  8
2
 62
    28
100
AcDbVertex
100
AcDbPolyFaceMeshVertex
 10
33054.51336972811
 20
9081.444344061783
 30
21553.49071264557
 70
   192
  0
VERTEX
  5
9BC
330
980
100
AcDbEntity
  8
2
 62
    28
100
AcDbVertex
100
AcDbPolyFaceMeshVertex
 10
33053.19536332463
 20
9079.108194199454
 30
21551.33028715435
 70
   192
  0
VERTEX
  5
9BD
330
980
100
AcDbEntity
  8
2
 62
    28
100
AcDbVertex
100
AcDbPolyFaceMeshVertex
 10
33050.01338822777
 20
9078.140511229702
 30
21550.43541313258
 70
   192
  0
VERTEX
  5
9BE
330
980
100
AcDbEntity
  8
2
 62
    28
100
AcDbVertex
100
AcDbPolyFaceMeshVertex
 10
33046.83140229413
 20
9079.108150712127
 30
21551.33029564557
 70
   192
  0
VERTEX
  5
9BF
330
980
100
AcDbEntity
  8
2
 62
    28
100
AcDbVertex
100
AcDbPolyFaceMeshVertex
 10
33045.51336972838
 20
9081.444282561411
 30
21553.49072465396
 70
   192
  0
VERTEX
  5
9C0
330
980
100
AcDbEntity
  8
2
 62
    28
100
AcDbVertex
100
AcDbPolyFaceMeshVertex
 10
33046.83137613187
 20
9083.78043242374
 30
21555.65115014517
 70
   192
  0
VERTEX
  5
9C1
330
980
100
AcDbEntity
  8
2
 62
    28
100
AcDbVertex
100
AcDbPolyFaceMeshVertex
 10
33050.013276392
 20
9092.93272054534
 30
21551.23388800801
 70
   192
  0
VERTEX
  5
9C2
330
980
100
AcDbEntity
  8
2
 62
    28
100
AcDbVertex
100
AcDbPolyFaceMeshVertex
 10
33053.19525989981
 20
9092.509463284818
 30
21549.98568545664
 70
   192
  0
VERTEX
  5
9C3
330
980
100
AcDbEntity
  8
2
 62
    28
100
AcDbVertex
100
AcDbPolyFaceMeshVertex
 10
33054.51328660936
 20
9091.487566585698
 30
21546.97226413034
 70
   192
  0
VERTEX
  5
9C4
330
980
100
AcDbEntity
  8
2
 62
    28
100
AcDbVertex
100
AcDbPolyFaceMeshVertex
 10
33053.19527434935
 20
9090.46567120527
 30
21543.9588360363
 70
   192
  0
VERTEX
  5
9C5
330
980
100
AcDbEntity
  8
2
 62
    28
100
AcDbVertex
100
AcDbPolyFaceMeshVertex
 10
33050.01329682672
 20
9090.04236206778
 30
21542.71063581939
 70
   192
  0
VERTEX
  5
9C6
330
980
100
AcDbEntity
  8
2
 62
    28
100
AcDbVertex
100
AcDbPolyFaceMeshVertex
 10
33046.83131331891
 20
9090.465619328297
 30
21543.95883837076
 70
   192
  0
VERTEX
  5
9C7
330
980
100
AcDbEntity
  8
2
 62
    28
100
AcDbVertex
100
AcDbPolyFaceMeshVertex
 10
33045.51328660953
 20
9091.487504623992
 30
21546.97226356442
 70
   192
  0
VERTEX
  5
9C8
330
980
100
AcDbEntity
  8
2
 62
    28
100
AcDbVertex
100
AcDbPolyFaceMeshVertex
 10
33046.83129886938
 20
9092.509411407837
 30
21549.9856877911
 70
   192
  0
VERTEX
  5
9C9
330
980
100
AcDbEntity
  8
2
 62
    28
100
AcDbVertex
100
AcDbPolyFaceMeshVertex
 10
33054.51326473966
 20
9095.499983503743
 30
21545.61159533887
 70
   192
  0
VERTEX
  5
9CA
330
980
100
AcDbEntity
  8
2
 62
    28
100
AcDbVertex
100
AcDbPolyFaceMeshVertex
 10
33053.19526425337
 20
9092.317995488982
 30
21543.33068599734
 70
   192
  0
VERTEX
  5
9CB
330
980
100
AcDbEntity
  8
2
 62
    28
100
AcDbVertex
100
AcDbPolyFaceMeshVertex
 10
33050.01329160745
 20
9090.999957899117
 30
21542.38590117986
 70
   192
  0
VERTEX
  5
9CC
330
980
100
AcDbEntity
  8
2
 62
    28
100
AcDbVertex
100
AcDbPolyFaceMeshVertex
 10
33046.83130322279
 20
9092.317959278575
 30
21543.33068301898
 70
   192
  0
VERTEX
  5
9CD
330
980
100
AcDbEntity
  8
2
 62
    28
100
AcDbVertex
100
AcDbPolyFaceMeshVertex
 10
33045.51326473981
 20
9095.499932294491
 30
21545.61159112685
 70
   192
  0
VERTEX
  5
9CE
330
980
100
AcDbEntity
  8
2
 62
    28
100
AcDbVertex
100
AcDbPolyFaceMeshVertex
 10
33046.8312652261
 20
9098.681920309253
 30
21547.89250046838
 70
   192
  0
VERTEX
  5
9CF
330
980
100
AcDbEntity
  8
2
 62
    28
100
AcDbVertex
100
AcDbPolyFaceMeshVertex
 10
33050.01323787201
 20
9099.999957899117
 30
21548.83728528586
 70
   192
  0
VERTEX
  5
9D0
330
980
100
AcDbEntity
  8
2
 62
    28
100
AcDbVertex
100
AcDbPolyFaceMeshVertex
 10
33053.19522625667
 20
9098.681956519662
 30
21547.89250344673
 70
   192
  0
VERTEX
  5
9D1
330
980
100
AcDbEntity
  8
2
 62
    28
100
AcDbVertex
100
AcDbPolyFaceMeshVertex
 10
33054.51326473966
 20
9095.499983503632
 30
21541.37474425954
 70
   192
  0
VERTEX
  5
9D2
330
980
100
AcDbEntity
  8
2
 62
    28
100
AcDbVertex
100
AcDbPolyFaceMeshVertex
 10
33053.19526336022
 20
9092.317995488924
 30
21541.37474367382
 70
   192
  0
VERTEX
  5
9D3
330
980
100
AcDbEntity
  8
2
 62
    28
100
AcDbVertex
100
AcDbPolyFaceMeshVertex
 10
33050.01329034435
 20
9090.99995789908
 30
21541.37474225961
 70
   192
  0
VERTEX
  5
9D4
330
980
100
AcDbEntity
  8
2
 62
    28
100
AcDbVertex
100
AcDbPolyFaceMeshVertex
 10
33046.83130232965
 20
9092.317959278516
 30
21541.37474084535
 70
   192
  0
VERTEX
  5
9D5
330
980
100
AcDbEntity
  8
2
 62
    28
100
AcDbVertex
100
AcDbPolyFaceMeshVertex
 10
33045.5132647398
 20
9095.499932294382
 30
21541.37474025947
 70
   192
  0
VERTEX
  5
9D6
330
980
100
AcDbEntity
  8
2
 62
    28
100
AcDbVertex
100
AcDbPolyFaceMeshVertex
 10
33046.83126611924
 20
9098.68192030909
 30
21541.37474084519
 70
   192
  0
VERTEX
  5
9D7
330
980
100
AcDbEntity
  8
2
 62
    28
100
AcDbVertex
100
AcDbPolyFaceMeshVertex
 10
33050.01323913511
 20
9099.999957898935
 30
21541.37474225939
 70
   192
  0
VERTEX
  5
9D8
330
980
100
AcDbEntity
  8
2
 62
    28
100
AcDbVertex
100
AcDbPolyFaceMeshVertex
 10
33053.19522714982
 20
9098.6819565195
 30
21541.37474367366
 70
   192
  0
VERTEX
  5
9D9
330
980
100
AcDbEntity
  8
2
 62
    28
100
AcDbVertex
100
AcDbPolyFaceMeshVertex
 10
33054.51327868421
 20
9095.499983502938
 30
21510.00000200003
 70
   192
  0
VERTEX
  5
9DA
330
980
100
AcDbEntity
  8
2
 62
    28
100
AcDbVertex
100
AcDbPolyFaceMeshVertex
 10
33053.19527730478
 20
9092.317995488227
 30
21510.00000141431
 70
   192
  0
VERTEX
  5
9DB
330
980
100
AcDbEntity
  8
2
 62
    28
100
AcDbVertex
100
AcDbPolyFaceMeshVertex
 10
33050.01330428891
 20
9090.999957898384
 30
21510.00000000011
 70
   192
  0
VERTEX
  5
9DC
330
980
100
AcDbEntity
  8
2
 62
    28
100
AcDbVertex
100
AcDbPolyFaceMeshVertex
 10
33046.8313162742
 20
9092.31795927782
 30
21509.99999858584
 70
   192
  0
VERTEX
  5
9DD
330
980
100
AcDbEntity
  8
2
 62
    28
100
AcDbVertex
100
AcDbPolyFaceMeshVertex
 10
33045.51327868436
 20
9095.499932293686
 30
21509.99999799996
 70
   192
  0
VERTEX
  5
9DE
330
980
100
AcDbEntity
  8
2
 62
    28
100
AcDbVertex
100
AcDbPolyFaceMeshVertex
 10
33046.83128006379
 20
9098.681920308396
 30
21509.99999858568
 70
   192
  0
VERTEX
  5
9DF
330
980
100
AcDbEntity
  8
2
 62
    28
100
AcDbVertex
100
AcDbPolyFaceMeshVertex
 10
33050.01325307966
 20
9099.999957898239
 30
21509.99999999988
 70
   192
  0
VERTEX
  5
9E0
330
980
100
AcDbEntity
  8
2
 62
    28
100
AcDbVertex
100
AcDbPolyFaceMeshVertex
 10
33053.19524109437
 20
9098.681956518803
 30
21510.00000141415
 70
   192
  0
VERTEX
  5
9E1
330
980
100
AcDbEntity
  8
2
 62
    28
100
AcDbFaceRecord
 10
0.0
 20
0.0
 30
0.0
 70
   128
 71
     1
 72
     2
 73
    -3
 74
    -3
  0
VERTEX
  5
9E2
330
980
100
AcDbEntity
  8
2
 62
    28
100
AcDbFaceRecord
 10
0.0
 20
0.0
 30
0.0
 70
   128
 71
    -1
 72
     3
 73
     4
 74
     4
  0
VERTEX
  5
9E3
330
980
100
AcDbEntity
  8
2
 62
    28
100
AcDbFaceRecord
 10
0.0
 20
0.0
 30
0.0
 70
   128
 71
     2
 72
     5
 73
    -6
 74
    -6
  0
VERTEX
  5
9E4
330
980
100
AcDbEntity
  8
2
 62
    28
100
AcDbFaceRecord
 10
0.0
 20
0.0
 30
0.0
 70
   128
 71
    -2
 72
     6
 73
     3
 74
     3
  0
VERTEX
  5
9E5
330
980
100
AcDbEntity
  8
2
 62
    28
100
AcDbFaceRecord
 10
0.0
 20
0.0
 30
0.0
 70
   128
 71
     5
 72
     7
 73
    -8
 74
    -8
  0
VERTEX
  5
9E6
330
980
100
AcDbEntity
  8
2
 62
    28
100
AcDbFaceRecord
 10
0.0
 20
0.0
 30
0.0
 70
   128
 71
    -5
 72
     8
 73
     6
 74
     6
  0
VERTEX
  5
9E7
330
980
100
AcDbEntity
  8
2
 62
    28
100
AcDbFaceRecord
 10
0.0
 20
0.0
 30
0.0
 70
   128
 71
     7
 72
     9
 73
   -10
 74
   -10
  0
VERTEX
  5
9E8
330
980
100
AcDbEntity
  8
2
 62
    28
100
AcDbFaceRecord
 10
0.0
 20
0.0
 30
0.0
 70
   128
 71
    -7
 72
    10
 73
     8
 74
     8
  0
VERTEX
  5
9E9
330
980
100
AcDbEntity
  8
2
 62
    28
100
AcDbFaceRecord
 10
0.0
 20
0.0
 30
0.0
 70
   128
 71
     9
 72
    11
 73
   -12
 74
   -12
  0
VERTEX
  5
9EA
330
980
100
AcDbEntity
  8
2
 62
    28
100
AcDbFaceRecord
 10
0.0
 20
0.0
 30
0.0
 70
   128
 71
    -9
 72
    12
 73
    10
 74
    10
  0
VERTEX
  5
9EB
330
980
100
AcDbEntity
  8
2
 62
    28
100
AcDbFaceRecord
 10
0.0
 20
0.0
 30
0.0
 70
   128
 71
    11
 72
    13
 73
   -14
 74
   -14
  0
VERTEX
  5
9EC
330
980
100
AcDbEntity
  8
2
 62
    28
100
AcDbFaceRecord
 10
0.0
 20
0.0
 30
0.0
 70
   128
 71
   -11
 72
    14
 73
    12
 74
    12
  0
VERTEX
  5
9ED
330
980
100
AcDbEntity
  8
2
 62
    28
100
AcDbFaceRecord
 10
0.0
 20
0.0
 30
0.0
 70
   128
 71
    13
 72
    15
 73
   -16
 74
   -16
  0
VERTEX
  5
9EE
330
980
100
AcDbEntity
  8
2
 62
    28
100
AcDbFaceRecord
 10
0.0
 20
0.0
 30
0.0
 70
   128
 71
   -13
 72
    16
 73
    14
 74
    14
  0
VERTEX
  5
9EF
330
980
100
AcDbEntity
  8
2
 62
    28
100
AcDbFaceRecord
 10
0.0
 20
0.0
 30
0.0
 70
   128
 71
    15
 72
     1
 73
    -4
 74
    -4
  0
VERTEX
  5
9F0
330
980
100
AcDbEntity
  8
2
 62
    28
100
AcDbFaceRecord
 10
0.0
 20
0.0
 30
0.0
 70
   128
 71
   -15
 72
     4
 73
    16
 74
    16
  0
VERTEX
  5
9F1
330
980
100
AcDbEntity
  8
2
 62
    28
100
AcDbFaceRecord
 10
0.0
 20
0.0
 30
0.0
 70
   128
 71
    -4
 72
    14
 73
    16
 74
    16
  0
VERTEX
  5
9F2
330
980
100
AcDbEntity
  8
2
 62
    28
100
AcDbFaceRecord
 10
0.0
 20
0.0
 30
0.0
 70
   128
 71
   -14
 72
    -4
 73
    12
 74
    12
  0
VERTEX
  5
9F3
330
980
100
AcDbEntity
  8
2
 62
    28
100
AcDbFaceRecord
 10
0.0
 20
0.0
 30
0.0
 70
   128
 71
   -12
 72
    -4
 73
    10
 74
    10
  0
VERTEX
  5
9F4
330
980
100
AcDbEntity
  8
2
 62
    28
100
AcDbFaceRecord
 10
0.0
 20
0.0
 30
0.0
 70
   128
 71
   -10
 72
     4
 73
    -3
 74
    -3
  0
VERTEX
  5
9F5
330
980
100
AcDbEntity
  8
2
 62
    28
100
AcDbFaceRecord
 10
0.0
 20
0.0
 30
0.0
 70
   128
 71
   -10
 72
    -3
 73
     8
 74
     8
  0
VERTEX
  5
9F6
330
980
100
AcDbEntity
  8
2
 62
    28
100
AcDbFaceRecord
 10
0.0
 20
0.0
 30
0.0
 70
   128
 71
    -8
 72
     3
 73
     6
 74
     6
  0
VERTEX
  5
9F7
330
980
100
AcDbEntity
  8
2
 62
    28
100
AcDbFaceRecord
 10
0.0
 20
0.0
 30
0.0
 70
   128
 71
    17
 72
    18
 73
    -2
 74
    -2
  0
VERTEX
  5
9F8
330
980
100
AcDbEntity
  8
2
 62
    28
100
AcDbFaceRecord
 10
0.0
 20
0.0
 30
0.0
 70
   128
 71
   -17
 72
     2
 73
     1
 74
     1
  0
VERTEX
  5
9F9
330
980
100
AcDbEntity
  8
2
 62
    28
100
AcDbFaceRecord
 10
0.0
 20
0.0
 30
0.0
 70
   128
 71
    18
 72
    19
 73
    -5
 74
    -5
  0
VERTEX
  5
9FA
330
980
100
AcDbEntity
  8
2
 62
    28
100
AcDbFaceRecord
 10
0.0
 20
0.0
 30
0.0
 70
   128
 71
   -18
 72
     5
 73
     2
 74
     2
  0
VERTEX
  5
9FB
330
980
100
AcDbEntity
  8
2
 62
    28
100
AcDbFaceRecord
 10
0.0
 20
0.0
 30
0.0
 70
   128
 71
    19
 72
    20
 73
    -7
 74
    -7
  0
VERTEX
  5
9FC
330
980
100
AcDbEntity
  8
2
 62
    28
100
AcDbFaceRecord
 10
0.0
 20
0.0
 30
0.0
 70
   128
 71
   -19
 72
     7
 73
     5
 74
     5
  0
VERTEX
  5
9FD
330
980
100
AcDbEntity
  8
2
 62
    28
100
AcDbFaceRecord
 10
0.0
 20
0.0
 30
0.0
 70
   128
 71
    20
 72
    21
 73
    -9
 74
    -9
  0
VERTEX
  5
9FE
330
980
100
AcDbEntity
  8
2
 62
    28
100
AcDbFaceRecord
 10
0.0
 20
0.0
 30
0.0
 70
   128
 71
   -20
 72
     9
 73
     7
 74
     7
  0
VERTEX
  5
9FF
330
980
100
AcDbEntity
  8
2
 62
    28
100
AcDbFaceRecord
 10
0.0
 20
0.0
 30
0.0
 70
   128
 71
    21
 72
    22
 73
   -11
 74
   -11
  0
VERTEX
  5
A00
330
980
100
AcDbEntity
  8
2
 62
    28
100
AcDbFaceRecord
 10
0.0
 20
0.0
 30
0.0
 70
   128
 71
   -21
 72
    11
 73
     9
 74
     9
  0
VERTEX
  5
A01
330
980
100
AcDbEntity
  8
2
 62
    28
100
AcDbFaceRecord
 10
0.0
 20
0.0
 30
0.0
 70
   128
 71
    22
 72
    23
 73
   -13
 74
   -13
  0
VERTEX
  5
A02
330
980
100
AcDbEntity
  8
2
 62
    28
100
AcDbFaceRecord
 10
0.0
 20
0.0
 30
0.0
 70
   128
 71
   -22
 72
    13
 73
    11
 74
    11
  0
VERTEX
  5
A03
330
980
100
AcDbEntity
  8
2
 62
    28
100
AcDbFaceRecord
 10
0.0
 20
0.0
 30
0.0
 70
   128
 71
    23
 72
    24
 73
   -15
 74
   -15
  0
VERTEX
  5
A04
330
980
100
AcDbEntity
  8
2
 62
    28
100
AcDbFaceRecord
 10
0.0
 20
0.0
 30
0.0
 70
   128
 71
   -23
 72
    15
 73
    13
 74
    13
  0
VERTEX
  5
A05
330
980
100
AcDbEntity
  8
2
 62
    28
100
AcDbFaceRecord
 10
0.0
 20
0.0
 30
0.0
 70
   128
 71
    24
 72
    17
 73
    -1
 74
    -1
  0
VERTEX
  5
A06
330
980
100
AcDbEntity
  8
2
 62
    28
100
AcDbFaceRecord
 10
0.0
 20
0.0
 30
0.0
 70
   128
 71
   -24
 72
     1
 73
    15
 74
    15
  0
VERTEX
  5
A07
330
980
100
AcDbEntity
  8
2
 62
    28
100
AcDbFaceRecord
 10
0.0
 20
0.0
 30
0.0
 70
   128
 71
    25
 72
    26
 73
   -18
 74
   -18
  0
VERTEX
  5
A08
330
980
100
AcDbEntity
  8
2
 62
    28
100
AcDbFaceRecord
 10
0.0
 20
0.0
 30
0.0
 70
   128
 71
   -25
 72
    18
 73
    17
 74
    17
  0
VERTEX
  5
A09
330
980
100
AcDbEntity
  8
2
 62
    28
100
AcDbFaceRecord
 10
0.0
 20
0.0
 30
0.0
 70
   128
 71
    26
 72
    27
 73
   -19
 74
   -19
  0
VERTEX
  5
A0A
330
980
100
AcDbEntity
  8
2
 62
    28
100
AcDbFaceRecord
 10
0.0
 20
0.0
 30
0.0
 70
   128
 71
   -26
 72
    19
 73
    18
 74
    18
  0
VERTEX
  5
A0B
330
980
100
AcDbEntity
  8
2
 62
    28
100
AcDbFaceRecord
 10
0.0
 20
0.0
 30
0.0
 70
   128
 71
    27
 72
    28
 73
   -20
 74
   -20
  0
VERTEX
  5
A0C
330
980
100
AcDbEntity
  8
2
 62
    28
100
AcDbFaceRecord
 10
0.0
 20
0.0
 30
0.0
 70
   128
 71
   -27
 72
    20
 73
    19
 74
    19
  0
VERTEX
  5
A0D
330
980
100
AcDbEntity
  8
2
 62
    28
100
AcDbFaceRecord
 10
0.0
 20
0.0
 30
0.0
 70
   128
 71
    28
 72
    29
 73
   -21
 74
   -21
  0
VERTEX
  5
A0E
330
980
100
AcDbEntity
  8
2
 62
    28
100
AcDbFaceRecord
 10
0.0
 20
0.0
 30
0.0
 70
   128
 71
   -28
 72
    21
 73
    20
 74
    20
  0
VERTEX
  5
A0F
330
980
100
AcDbEntity
  8
2
 62
    28
100
AcDbFaceRecord
 10
0.0
 20
0.0
 30
0.0
 70
   128
 71
    29
 72
    30
 73
   -22
 74
   -22
  0
VERTEX
  5
A10
330
980
100
AcDbEntity
  8
2
 62
    28
100
AcDbFaceRecord
 10
0.0
 20
0.0
 30
0.0
 70
   128
 71
   -29
 72
    22
 73
    21
 74
    21
  0
VERTEX
  5
A11
330
980
100
AcDbEntity
  8
2
 62
    28
100
AcDbFaceRecord
 10
0.0
 20
0.0
 30
0.0
 70
   128
 71
    30
 72
    31
 73
   -23
 74
   -23
  0
VERTEX
  5
A12
330
980
100
AcDbEntity
  8
2
 62
    28
100
AcDbFaceRecord
 10
0.0
 20
0.0
 30
0.0
 70
   128
 71
   -30
 72
    23
 73
    22
 74
    22
  0
VERTEX
  5
A13
330
980
100
AcDbEntity
  8
2
 62
    28
100
AcDbFaceRecord
 10
0.0
 20
0.0
 30
0.0
 70
   128
 71
    31
 72
    32
 73
   -24
 74
   -24
  0
VERTEX
  5
A14
330
980
100
AcDbEntity
  8
2
 62
    28
100
AcDbFaceRecord
 10
0.0
 20
0.0
 30
0.0
 70
   128
 71
   -31
 72
    24
 73
    23
 74
    23
  0
VERTEX
  5
A15
330
980
100
AcDbEntity
  8
2
 62
    28
100
AcDbFaceRecord
 10
0.0
 20
0.0
 30
0.0
 70
   128
 71
    32
 72
    25
 73
   -17
 74
   -17
  0
VERTEX
  5
A16
330
980
100
AcDbEntity
  8
2
 62
    28
100
AcDbFaceRecord
 10
0.0
 20
0.0
 30
0.0
 70
   128
 71
   -32
 72
    17
 73
    24
 74
    24
  0
VERTEX
  5
A17
330
980
100
AcDbEntity
  8
2
 62
    28
100
AcDbFaceRecord
 10
0.0
 20
0.0
 30
0.0
 70
   128
 71
    33
 72
    34
 73
   -31
 74
   -31
  0
VERTEX
  5
A18
330
980
100
AcDbEntity
  8
2
 62
    28
100
AcDbFaceRecord
 10
0.0
 20
0.0
 30
0.0
 70
   128
 71
   -33
 72
    31
 73
    30
 74
    30
  0
VERTEX
  5
A19
330
980
100
AcDbEntity
  8
2
 62
    28
100
AcDbFaceRecord
 10
0.0
 20
0.0
 30
0.0
 70
   128
 71
    35
 72
    33
 73
   -30
 74
   -30
  0
VERTEX
  5
A1A
330
980
100
AcDbEntity
  8
2
 62
    28
100
AcDbFaceRecord
 10
0.0
 20
0.0
 30
0.0
 70
   128
 71
   -35
 72
    30
 73
    29
 74
    29
  0
VERTEX
  5
A1B
330
980
100
AcDbEntity
  8
2
 62
    28
100
AcDbFaceRecord
 10
0.0
 20
0.0
 30
0.0
 70
   128
 71
    36
 72
    35
 73
   -29
 74
   -29
  0
VERTEX
  5
A1C
330
980
100
AcDbEntity
  8
2
 62
    28
100
AcDbFaceRecord
 10
0.0
 20
0.0
 30
0.0
 70
   128
 71
   -36
 72
    29
 73
    28
 74
    28
  0
VERTEX
  5
A1D
330
980
100
AcDbEntity
  8
2
 62
    28
100
AcDbFaceRecord
 10
0.0
 20
0.0
 30
0.0
 70
   128
 71
    37
 72
    36
 73
   -28
 74
   -28
  0
VERTEX
  5
A1E
330
980
100
AcDbEntity
  8
2
 62
    28
100
AcDbFaceRecord
 10
0.0
 20
0.0
 30
0.0
 70
   128
 71
   -37
 72
    28
 73
    27
 74
    27
  0
VERTEX
  5
A1F
330
980
100
AcDbEntity
  8
2
 62
    28
100
AcDbFaceRecord
 10
0.0
 20
0.0
 30
0.0
 70
   128
 71
    38
 72
    37
 73
   -27
 74
   -27
  0
VERTEX
  5
A20
330
980
100
AcDbEntity
  8
2
 62
    28
100
AcDbFaceRecord
 10
0.0
 20
0.0
 30
0.0
 70
   128
 71
   -38
 72
    27
 73
    26
 74
    26
  0
VERTEX
  5
A21
330
980
100
AcDbEntity
  8
2
 62
    28
100
AcDbFaceRecord
 10
0.0
 20
0.0
 30
0.0
 70
   128
 71
    39
 72
    38
 73
   -26
 74
   -26
  0
VERTEX
  5
A22
330
980
100
AcDbEntity
  8
2
 62
    28
100
AcDbFaceRecord
 10
0.0
 20
0.0
 30
0.0
 70
   128
 71
   -39
 72
    26
 73
    25
 74
    25
  0
VERTEX
  5
A23
330
980
100
AcDbEntity
  8
2
 62
    28
100
AcDbFaceRecord
 10
0.0
 20
0.0
 30
0.0
 70
   128
 71
    40
 72
    39
 73
   -25
 74
   -25
  0
VERTEX
  5
A24
330
980
100
AcDbEntity
  8
2
 62
    28
100
AcDbFaceRecord
 10
0.0
 20
0.0
 30
0.0
 70
   128
 71
   -40
 72
    25
 73
    32
 74
    32
  0
VERTEX
  5
A25
330
980
100
AcDbEntity
  8
2
 62
    28
100
AcDbFaceRecord
 10
0.0
 20
0.0
 30
0.0
 70
   128
 71
    34
 72
    40
 73
   -32
 74
   -32
  0
VERTEX
  5
A26
330
980
100
AcDbEntity
  8
2
 62
    28
100
AcDbFaceRecord
 10
0.0
 20
0.0
 30
0.0
 70
   128
 71
   -34
 72
    32
 73
    31
 74
    31
  0
VERTEX
  5
A27
330
980
100
AcDbEntity
  8
2
 62
    28
100
AcDbFaceRecord
 10
0.0
 20
0.0
 30
0.0
 70
   128
 71
    34
 72
    41
 73
   -42
 74
   -42
  0
VERTEX
  5
A28
330
980
100
AcDbEntity
  8
2
 62
    28
100
AcDbFaceRecord
 10
0.0
 20
0.0
 30
0.0
 70
   128
 71
   -34
 72
    42
 73
    40
 74
    40
  0
VERTEX
  5
A29
330
980
100
AcDbEntity
  8
2
 62
    28
100
AcDbFaceRecord
 10
0.0
 20
0.0
 30
0.0
 70
   128
 71
    40
 72
    42
 73
   -43
 74
   -43
  0
VERTEX
  5
A2A
330
980
100
AcDbEntity
  8
2
 62
    28
100
AcDbFaceRecord
 10
0.0
 20
0.0
 30
0.0
 70
   128
 71
   -40
 72
    43
 73
    39
 74
    39
  0
VERTEX
  5
A2B
330
980
100
AcDbEntity
  8
2
 62
    28
100
AcDbFaceRecord
 10
0.0
 20
0.0
 30
0.0
 70
   128
 71
    39
 72
    43
 73
   -44
 74
   -44
  0
VERTEX
  5
A2C
330
980
100
AcDbEntity
  8
2
 62
    28
100
AcDbFaceRecord
 10
0.0
 20
0.0
 30
0.0
 70
   128
 71
   -39
 72
    44
 73
    38
 74
    38
  0
VERTEX
  5
A2D
330
980
100
AcDbEntity
  8
2
 62
    28
100
AcDbFaceRecord
 10
0.0
 20
0.0
 30
0.0
 70
   128
 71
    38
 72
    44
 73
   -45
 74
   -45
  0
VERTEX
  5
A2E
330
980
100
AcDbEntity
  8
2
 62
    28
100
AcDbFaceRecord
 10
0.0
 20
0.0
 30
0.0
 70
   128
 71
   -38
 72
    45
 73
    37
 74
    37
  0
VERTEX
  5
A2F
330
980
100
AcDbEntity
  8
2
 62
    28
100
AcDbFaceRecord
 10
0.0
 20
0.0
 30
0.0
 70
   128
 71
    37
 72
    45
 73
   -46
 74
   -46
  0
VERTEX
  5
A30
330
980
100
AcDbEntity
  8
2
 62
    28
100
AcDbFaceRecord
 10
0.0
 20
0.0
 30
0.0
 70
   128
 71
   -37
 72
    46
 73
    36
 74
    36
  0
VERTEX
  5
A31
330
980
100
AcDbEntity
  8
2
 62
    28
100
AcDbFaceRecord
 10
0.0
 20
0.0
 30
0.0
 70
   128
 71
    36
 72
    46
 73
   -47
 74
   -47
  0
VERTEX
  5
A32
330
980
100
AcDbEntity
  8
2
 62
    28
100
AcDbFaceRecord
 10
0.0
 20
0.0
 30
0.0
 70
   128
 71
   -36
 72
    47
 73
    35
 74
    35
  0
VERTEX
  5
A33
330
980
100
AcDbEntity
  8
2
 62
    28
100
AcDbFaceRecord
 10
0.0
 20
0.0
 30
0.0
 70
   128
 71
    35
 72
    47
 73
   -48
 74
   -48
  0
VERTEX
  5
A34
330
980
100
AcDbEntity
  8
2
 62
    28
100
AcDbFaceRecord
 10
0.0
 20
0.0
 30
0.0
 70
   128
 71
   -35
 72
    48
 73
    33
 74
    33
  0
VERTEX
  5
A35
330
980
100
AcDbEntity
  8
2
 62
    28
100
AcDbFaceRecord
 10
0.0
 20
0.0
 30
0.0
 70
   128
 71
    33
 72
    48
 73
   -41
 74
   -41
  0
VERTEX
  5
A36
330
980
100
AcDbEntity
  8
2
 62
    28
100
AcDbFaceRecord
 10
0.0
 20
0.0
 30
0.0
 70
   128
 71
   -33
 72
    41
 73
    34
 74
    34
  0
VERTEX
  5
A37
330
980
100
AcDbEntity
  8
2
 62
    28
100
AcDbFaceRecord
 10
0.0
 20
0.0
 30
0.0
 70
   128
 71
    41
 72
    49
 73
   -50
 74
   -50
  0
VERTEX
  5
A38
330
980
100
AcDbEntity
  8
2
 62
    28
100
AcDbFaceRecord
 10
0.0
 20
0.0
 30
0.0
 70
   128
 71
   -41
 72
    50
 73
    42
 74
    42
  0
VERTEX
  5
A39
330
980
100
AcDbEntity
  8
2
 62
    28
100
AcDbFaceRecord
 10
0.0
 20
0.0
 30
0.0
 70
   128
 71
    42
 72
    50
 73
   -51
 74
   -51
  0
VERTEX
  5
A3A
330
980
100
AcDbEntity
  8
2
 62
    28
100
AcDbFaceRecord
 10
0.0
 20
0.0
 30
0.0
 70
   128
 71
   -42
 72
    51
 73
    43
 74
    43
  0
VERTEX
  5
A3B
330
980
100
AcDbEntity
  8
2
 62
    28
100
AcDbFaceRecord
 10
0.0
 20
0.0
 30
0.0
 70
   128
 71
    43
 72
    51
 73
   -52
 74
   -52
  0
VERTEX
  5
A3C
330
980
100
AcDbEntity
  8
2
 62
    28
100
AcDbFaceRecord
 10
0.0
 20
0.0
 30
0.0
 70
   128
 71
   -43
 72
    52
 73
    44
 74
    44
  0
VERTEX
  5
A3D
330
980
100
AcDbEntity
  8
2
 62
    28
100
AcDbFaceRecord
 10
0.0
 20
0.0
 30
0.0
 70
   128
 71
    44
 72
    52
 73
   -53
 74
   -53
  0
VERTEX
  5
A3E
330
980
100
AcDbEntity
  8
2
 62
    28
100
AcDbFaceRecord
 10
0.0
 20
0.0
 30
0.0
 70
   128
 71
   -44
 72
    53
 73
    45
 74
    45
  0
VERTEX
  5
A3F
330
980
100
AcDbEntity
  8
2
 62
    28
100
AcDbFaceRecord
 10
0.0
 20
0.0
 30
0.0
 70
   128
 71
    45
 72
    53
 73
   -54
 74
   -54
  0
VERTEX
  5
A40
330
980
100
AcDbEntity
  8
2
 62
    28
100
AcDbFaceRecord
 10
0.0
 20
0.0
 30
0.0
 70
   128
 71
   -45
 72
    54
 73
    46
 74
    46
  0
VERTEX
  5
A41
330
980
100
AcDbEntity
  8
2
 62
    28
100
AcDbFaceRecord
 10
0.0
 20
0.0
 30
0.0
 70
   128
 71
    46
 72
    54
 73
   -55
 74
   -55
  0
VERTEX
  5
A42
330
980
100
AcDbEntity
  8
2
 62
    28
100
AcDbFaceRecord
 10
0.0
 20
0.0
 30
0.0
 70
   128
 71
   -46
 72
    55
 73
    47
 74
    47
  0
VERTEX
  5
A43
330
980
100
AcDbEntity
  8
2
 62
    28
100
AcDbFaceRecord
 10
0.0
 20
0.0
 30
0.0
 70
   128
 71
    47
 72
    55
 73
   -56
 74
   -56
  0
VERTEX
  5
A44
330
980
100
AcDbEntity
  8
2
 62
    28
100
AcDbFaceRecord
 10
0.0
 20
0.0
 30
0.0
 70
   128
 71
   -47
 72
    56
 73
    48
 74
    48
  0
VERTEX
  5
A45
330
980
100
AcDbEntity
  8
2
 62
    28
100
AcDbFaceRecord
 10
0.0
 20
0.0
 30
0.0
 70
   128
 71
    48
 72
    56
 73
   -49
 74
   -49
  0
VERTEX
  5
A46
330
980
100
AcDbEntity
  8
2
 62
    28
100
AcDbFaceRecord
 10
0.0
 20
0.0
 30
0.0
 70
   128
 71
   -48
 72
    49
 73
    41
 74
    41
  0
VERTEX
  5
A47
330
980
100
AcDbEntity
  8
2
 62
    28
100
AcDbFaceRecord
 10
0.0
 20
0.0
 30
0.0
 70
   128
 71
    49
 72
    57
 73
   -58
 74
   -58
  0
VERTEX
  5
A48
330
980
100
AcDbEntity
  8
2
 62
    28
100
AcDbFaceRecord
 10
0.0
 20
0.0
 30
0.0
 70
   128
 71
   -49
 72
    58
 73
    50
 74
    50
  0
VERTEX
  5
A49
330
980
100
AcDbEntity
  8
2
 62
    28
100
AcDbFaceRecord
 10
0.0
 20
0.0
 30
0.0
 70
   128
 71
    50
 72
    58
 73
   -59
 74
   -59
  0
VERTEX
  5
A4A
330
980
100
AcDbEntity
  8
2
 62
    28
100
AcDbFaceRecord
 10
0.0
 20
0.0
 30
0.0
 70
   128
 71
   -50
 72
    59
 73
    51
 74
    51
  0
VERTEX
  5
A4B
330
980
100
AcDbEntity
  8
2
 62
    28
100
AcDbFaceRecord
 10
0.0
 20
0.0
 30
0.0
 70
   128
 71
    51
 72
    59
 73
   -60
 74
   -60
  0
VERTEX
  5
A4C
330
980
100
AcDbEntity
  8
2
 62
    28
100
AcDbFaceRecord
 10
0.0
 20
0.0
 30
0.0
 70
   128
 71
   -51
 72
    60
 73
    52
 74
    52
  0
VERTEX
  5
A4D
330
980
100
AcDbEntity
  8
2
 62
    28
100
AcDbFaceRecord
 10
0.0
 20
0.0
 30
0.0
 70
   128
 71
    52
 72
    60
 73
   -61
 74
   -61
  0
VERTEX
  5
A4E
330
980
100
AcDbEntity
  8
2
 62
    28
100
AcDbFaceRecord
 10
0.0
 20
0.0
 30
0.0
 70
   128
 71
   -52
 72
    61
 73
    53
 74
    53
  0
VERTEX
  5
A4F
330
980
100
AcDbEntity
  8
2
 62
    28
100
AcDbFaceRecord
 10
0.0
 20
0.0
 30
0.0
 70
   128
 71
    53
 72
    61
 73
   -62
 74
   -62
  0
VERTEX
  5
A50
330
980
100
AcDbEntity
  8
2
 62
    28
100
AcDbFaceRecord
 10
0.0
 20
0.0
 30
0.0
 70
   128
 71
   -53
 72
    62
 73
    54
 74
    54
  0
VERTEX
  5
A51
330
980
100
AcDbEntity
  8
2
 62
    28
100
AcDbFaceRecord
 10
0.0
 20
0.0
 30
0.0
 70
   128
 71
    54
 72
    62
 73
   -63
 74
   -63
  0
VERTEX
  5
A52
330
980
100
AcDbEntity
  8
2
 62
    28
100
AcDbFaceRecord
 10
0.0
 20
0.0
 30
0.0
 70
   128
 71
   -54
 72
    63
 73
    55
 74
    55
  0
VERTEX
  5
A53
330
980
100
AcDbEntity
  8
2
 62
    28
100
AcDbFaceRecord
 10
0.0
 20
0.0
 30
0.0
 70
   128
 71
    55
 72
    63
 73
   -64
 74
   -64
  0
VERTEX
  5
A54
330
980
100
AcDbEntity
  8
2
 62
    28
100
AcDbFaceRecord
 10
0.0
 20
0.0
 30
0.0
 70
   128
 71
   -55
 72
    64
 73
    56
 74
    56
  0
VERTEX
  5
A55
330
980
100
AcDbEntity
  8
2
 62
    28
100
AcDbFaceRecord
 10
0.0
 20
0.0
 30
0.0
 70
   128
 71
    56
 72
    64
 73
   -57
 74
   -57
  0
VERTEX
  5
A56
330
980
100
AcDbEntity
  8
2
 62
    28
100
AcDbFaceRecord
 10
0.0
 20
0.0
 30
0.0
 70
   128
 71
   -56
 72
    57
 73
    49
 74
    49
  0
VERTEX
  5
A57
330
980
100
AcDbEntity
  8
2
 62
    28
100
AcDbFaceRecord
 10
0.0
 20
0.0
 30
0.0
 70
   128
 71
    57
 72
    65
 73
   -66
 74
   -66
  0
VERTEX
  5
A58
330
980
100
AcDbEntity
  8
2
 62
    28
100
AcDbFaceRecord
 10
0.0
 20
0.0
 30
0.0
 70
   128
 71
   -57
 72
    66
 73
    58
 74
    58
  0
VERTEX
  5
A59
330
980
100
AcDbEntity
  8
2
 62
    28
100
AcDbFaceRecord
 10
0.0
 20
0.0
 30
0.0
 70
   128
 71
    58
 72
    66
 73
   -67
 74
   -67
  0
VERTEX
  5
A5A
330
980
100
AcDbEntity
  8
2
 62
    28
100
AcDbFaceRecord
 10
0.0
 20
0.0
 30
0.0
 70
   128
 71
   -58
 72
    67
 73
    59
 74
    59
  0
VERTEX
  5
A5B
330
980
100
AcDbEntity
  8
2
 62
    28
100
AcDbFaceRecord
 10
0.0
 20
0.0
 30
0.0
 70
   128
 71
    59
 72
    67
 73
   -68
 74
   -68
  0
VERTEX
  5
A5C
330
980
100
AcDbEntity
  8
2
 62
    28
100
AcDbFaceRecord
 10
0.0
 20
0.0
 30
0.0
 70
   128
 71
   -59
 72
    68
 73
    60
 74
    60
  0
VERTEX
  5
A5D
330
980
100
AcDbEntity
  8
2
 62
    28
100
AcDbFaceRecord
 10
0.0
 20
0.0
 30
0.0
 70
   128
 71
    60
 72
    68
 73
   -69
 74
   -69
  0
VERTEX
  5
A5E
330
980
100
AcDbEntity
  8
2
 62
    28
100
AcDbFaceRecord
 10
0.0
 20
0.0
 30
0.0
 70
   128
 71
   -60
 72
    69
 73
    61
 74
    61
  0
VERTEX
  5
A5F
330
980
100
AcDbEntity
  8
2
 62
    28
100
AcDbFaceRecord
 10
0.0
 20
0.0
 30
0.0
 70
   128
 71
    61
 72
    69
 73
   -70
 74
   -70
  0
VERTEX
  5
A60
330
980
100
AcDbEntity
  8
2
 62
    28
100
AcDbFaceRecord
 10
0.0
 20
0.0
 30
0.0
 70
   128
 71
   -61
 72
    70
 73
    62
 74
    62
  0
VERTEX
  5
A61
330
980
100
AcDbEntity
  8
2
 62
    28
100
AcDbFaceRecord
 10
0.0
 20
0.0
 30
0.0
 70
   128
 71
    62
 72
    70
 73
   -71
 74
   -71
  0
VERTEX
  5
A62
330
980
100
AcDbEntity
  8
2
 62
    28
100
AcDbFaceRecord
 10
0.0
 20
0.0
 30
0.0
 70
   128
 71
   -62
 72
    71
 73
    63
 74
    63
  0
VERTEX
  5
A63
330
980
100
AcDbEntity
  8
2
 62
    28
100
AcDbFaceRecord
 10
0.0
 20
0.0
 30
0.0
 70
   128
 71
    63
 72
    71
 73
   -72
 74
   -72
  0
VERTEX
  5
A64
330
980
100
AcDbEntity
  8
2
 62
    28
100
AcDbFaceRecord
 10
0.0
 20
0.0
 30
0.0
 70
   128
 71
   -63
 72
    72
 73
    64
 74
    64
  0
VERTEX
  5
A65
330
980
100
AcDbEntity
  8
2
 62
    28
100
AcDbFaceRecord
 10
0.0
 20
0.0
 30
0.0
 70
   128
 71
    64
 72
    72
 73
   -65
 74
   -65
  0
VERTEX
  5
A66
330
980
100
AcDbEntity
  8
2
 62
    28
100
AcDbFaceRecord
 10
0.0
 20
0.0
 30
0.0
 70
   128
 71
   -64
 72
    65
 73
    57
 74
    57
  0
VERTEX
  5
A67
330
980
100
AcDbEntity
  8
2
 62
    28
100
AcDbFaceRecord
 10
0.0
 20
0.0
 30
0.0
 70
   128
 71
    73
 72
    74
 73
   -68
 74
   -68
  0
VERTEX
  5
A68
330
980
100
AcDbEntity
  8
2
 62
    28
100
AcDbFaceRecord
 10
0.0
 20
0.0
 30
0.0
 70
   128
 71
   -73
 72
    68
 73
    67
 74
    67
  0
VERTEX
  5
A69
330
980
100
AcDbEntity
  8
2
 62
    28
100
AcDbFaceRecord
 10
0.0
 20
0.0
 30
0.0
 70
   128
 71
    74
 72
    75
 73
   -69
 74
   -69
  0
VERTEX
  5
A6A
330
980
100
AcDbEntity
  8
2
 62
    28
100
AcDbFaceRecord
 10
0.0
 20
0.0
 30
0.0
 70
   128
 71
   -74
 72
    69
 73
    68
 74
    68
  0
VERTEX
  5
A6B
330
980
100
AcDbEntity
  8
2
 62
    28
100
AcDbFaceRecord
 10
0.0
 20
0.0
 30
0.0
 70
   128
 71
    75
 72
    76
 73
   -70
 74
   -70
  0
VERTEX
  5
A6C
330
980
100
AcDbEntity
  8
2
 62
    28
100
AcDbFaceRecord
 10
0.0
 20
0.0
 30
0.0
 70
   128
 71
   -75
 72
    70
 73
    69
 74
    69
  0
VERTEX
  5
A6D
330
980
100
AcDbEntity
  8
2
 62
    28
100
AcDbFaceRecord
 10
0.0
 20
0.0
 30
0.0
 70
   128
 71
    76
 72
    77
 73
   -71
 74
   -71
  0
VERTEX
  5
A6E
330
980
100
AcDbEntity
  8
2
 62
    28
100
AcDbFaceRecord
 10
0.0
 20
0.0
 30
0.0
 70
   128
 71
   -76
 72
    71
 73
    70
 74
    70
  0
VERTEX
  5
A6F
330
980
100
AcDbEntity
  8
2
 62
    28
100
AcDbFaceRecord
 10
0.0
 20
0.0
 30
0.0
 70
   128
 71
    77
 72
    78
 73
   -72
 74
   -72
  0
VERTEX
  5
A70
330
980
100
AcDbEntity
  8
2
 62
    28
100
AcDbFaceRecord
 10
0.0
 20
0.0
 30
0.0
 70
   128
 71
   -77
 72
    72
 73
    71
 74
    71
  0
VERTEX
  5
A71
330
980
100
AcDbEntity
  8
2
 62
    28
100
AcDbFaceRecord
 10
0.0
 20
0.0
 30
0.0
 70
   128
 71
    78
 72
    79
 73
   -65
 74
   -65
  0
VERTEX
  5
A72
330
980
100
AcDbEntity
  8
2
 62
    28
100
AcDbFaceRecord
 10
0.0
 20
0.0
 30
0.0
 70
   128
 71
   -78
 72
    65
 73
    72
 74
    72
  0
VERTEX
  5
A73
330
980
100
AcDbEntity
  8
2
 62
    28
100
AcDbFaceRecord
 10
0.0
 20
0.0
 30
0.0
 70
   128
 71
    79
 72
    80
 73
   -66
 74
   -66
  0
VERTEX
  5
A74
330
980
100
AcDbEntity
  8
2
 62
    28
100
AcDbFaceRecord
 10
0.0
 20
0.0
 30
0.0
 70
   128
 71
   -79
 72
    66
 73
    65
 74
    65
  0
VERTEX
  5
A75
330
980
100
AcDbEntity
  8
2
 62
    28
100
AcDbFaceRecord
 10
0.0
 20
0.0
 30
0.0
 70
   128
 71
    80
 72
    73
 73
   -67
 74
   -67
  0
VERTEX
  5
A76
330
980
100
AcDbEntity
  8
2
 62
    28
100
AcDbFaceRecord
 10
0.0
 20
0.0
 30
0.0
 70
   128
 71
   -80
 72
    67
 73
    66
 74
    66
  0
VERTEX
  5
A77
330
980
100
AcDbEntity
  8
2
 62
    28
100
AcDbFaceRecord
 10
0.0
 20
0.0
 30
0.0
 70
   128
 71
    81
 72
    82
 73
   -74
 74
   -74
  0
VERTEX
  5
A78
330
980
100
AcDbEntity
  8
2
 62
    28
100
AcDbFaceRecord
 10
0.0
 20
0.0
 30
0.0
 70
   128
 71
   -81
 72
    74
 73
    73
 74
    73
  0
VERTEX
  5
A79
330
980
100
AcDbEntity
  8
2
 62
    28
100
AcDbFaceRecord
 10
0.0
 20
0.0
 30
0.0
 70
   128
 71
    82
 72
    83
 73
   -75
 74
   -75
  0
VERTEX
  5
A7A
330
980
100
AcDbEntity
  8
2
 62
    28
100
AcDbFaceRecord
 10
0.0
 20
0.0
 30
0.0
 70
   128
 71
   -82
 72
    75
 73
    74
 74
    74
  0
VERTEX
  5
A7B
330
980
100
AcDbEntity
  8
2
 62
    28
100
AcDbFaceRecord
 10
0.0
 20
0.0
 30
0.0
 70
   128
 71
    83
 72
    84
 73
   -76
 74
   -76
  0
VERTEX
  5
A7C
330
980
100
AcDbEntity
  8
2
 62
    28
100
AcDbFaceRecord
 10
0.0
 20
0.0
 30
0.0
 70
   128
 71
   -83
 72
    76
 73
    75
 74
    75
  0
VERTEX
  5
A7D
330
980
100
AcDbEntity
  8
2
 62
    28
100
AcDbFaceRecord
 10
0.0
 20
0.0
 30
0.0
 70
   128
 71
    84
 72
    85
 73
   -77
 74
   -77
  0
VERTEX
  5
A7E
330
980
100
AcDbEntity
  8
2
 62
    28
100
AcDbFaceRecord
 10
0.0
 20
0.0
 30
0.0
 70
   128
 71
   -84
 72
    77
 73
    76
 74
    76
  0
VERTEX
  5
A7F
330
980
100
AcDbEntity
  8
2
 62
    28
100
AcDbFaceRecord
 10
0.0
 20
0.0
 30
0.0
 70
   128
 71
    85
 72
    86
 73
   -78
 74
   -78
  0
VERTEX
  5
A80
330
980
100
AcDbEntity
  8
2
 62
    28
100
AcDbFaceRecord
 10
0.0
 20
0.0
 30
0.0
 70
   128
 71
   -85
 72
    78
 73
    77
 74
    77
  0
VERTEX
  5
A81
330
980
100
AcDbEntity
  8
2
 62
    28
100
AcDbFaceRecord
 10
0.0
 20
0.0
 30
0.0
 70
   128
 71
    86
 72
    87
 73
   -79
 74
   -79
  0
VERTEX
  5
A82
330
980
100
AcDbEntity
  8
2
 62
    28
100
AcDbFaceRecord
 10
0.0
 20
0.0
 30
0.0
 70
   128
 71
   -86
 72
    79
 73
    78
 74
    78
  0
VERTEX
  5
A83
330
980
100
AcDbEntity
  8
2
 62
    28
100
AcDbFaceRecord
 10
0.0
 20
0.0
 30
0.0
 70
   128
 71
    87
 72
    88
 73
   -80
 74
   -80
  0
VERTEX
  5
A84
330
980
100
AcDbEntity
  8
2
 62
    28
100
AcDbFaceRecord
 10
0.0
 20
0.0
 30
0.0
 70
   128
 71
   -87
 72
    80
 73
    79
 74
    79
  0
VERTEX
  5
A85
330
980
100
AcDbEntity
  8
2
 62
    28
100
AcDbFaceRecord
 10
0.0
 20
0.0
 30
0.0
 70
   128
 71
    88
 72
    81
 73
   -73
 74
   -73
  0
VERTEX
  5
A86
330
980
100
AcDbEntity
  8
2
 62
    28
100
AcDbFaceRecord
 10
0.0
 20
0.0
 30
0.0
 70
   128
 71
   -88
 72
    73
 73
    80
 74
    80
  0
VERTEX
  5
A87
330
980
100
AcDbEntity
  8
2
 62
    28
100
AcDbFaceRecord
 10
0.0
 20
0.0
 30
0.0
 70
   128
 71
    89
 72
    90
 73
   -82
 74
   -82
  0
VERTEX
  5
A88
330
980
100
AcDbEntity
  8
2
 62
    28
100
AcDbFaceRecord
 10
0.0
 20
0.0
 30
0.0
 70
   128
 71
   -89
 72
    82
 73
    81
 74
    81
  0
VERTEX
  5
A89
330
980
100
AcDbEntity
  8
2
 62
    28
100
AcDbFaceRecord
 10
0.0
 20
0.0
 30
0.0
 70
   128
 71
    90
 72
    91
 73
   -83
 74
   -83
  0
VERTEX
  5
A8A
330
980
100
AcDbEntity
  8
2
 62
    28
100
AcDbFaceRecord
 10
0.0
 20
0.0
 30
0.0
 70
   128
 71
   -90
 72
    83
 73
    82
 74
    82
  0
VERTEX
  5
A8B
330
980
100
AcDbEntity
  8
2
 62
    28
100
AcDbFaceRecord
 10
0.0
 20
0.0
 30
0.0
 70
   128
 71
    91
 72
    92
 73
   -84
 74
   -84
  0
VERTEX
  5
A8C
330
980
100
AcDbEntity
  8
2
 62
    28
100
AcDbFaceRecord
 10
0.0
 20
0.0
 30
0.0
 70
   128
 71
   -91
 72
    84
 73
    83
 74
    83
  0
VERTEX
  5
A8D
330
980
100
AcDbEntity
  8
2
 62
    28
100
AcDbFaceRecord
 10
0.0
 20
0.0
 30
0.0
 70
   128
 71
    92
 72
    93
 73
   -85
 74
   -85
  0
VERTEX
  5
A8E
330
980
100
AcDbEntity
  8
2
 62
    28
100
AcDbFaceRecord
 10
0.0
 20
0.0
 30
0.0
 70
   128
 71
   -92
 72
    85
 73
    84
 74
    84
  0
VERTEX
  5
A8F
330
980
100
AcDbEntity
  8
2
 62
    28
100
AcDbFaceRecord
 10
0.0
 20
0.0
 30
0.0
 70
   128
 71
    93
 72
    94
 73
   -86
 74
   -86
  0
VERTEX
  5
A90
330
980
100
AcDbEntity
  8
2
 62
    28
100
AcDbFaceRecord
 10
0.0
 20
0.0
 30
0.0
 70
   128
 71
   -93
 72
    86
 73
    85
 74
    85
  0
VERTEX
  5
A91
330
980
100
AcDbEntity
  8
2
 62
    28
100
AcDbFaceRecord
 10
0.0
 20
0.0
 30
0.0
 70
   128
 71
    94
 72
    95
 73
   -87
 74
   -87
  0
VERTEX
  5
A92
330
980
100
AcDbEntity
  8
2
 62
    28
100
AcDbFaceRecord
 10
0.0
 20
0.0
 30
0.0
 70
   128
 71
   -94
 72
    87
 73
    86
 74
    86
  0
VERTEX
  5
A93
330
980
100
AcDbEntity
  8
2
 62
    28
100
AcDbFaceRecord
 10
0.0
 20
0.0
 30
0.0
 70
   128
 71
    95
 72
    96
 73
   -88
 74
   -88
  0
VERTEX
  5
A94
330
980
100
AcDbEntity
  8
2
 62
    28
100
AcDbFaceRecord
 10
0.0
 20
0.0
 30
0.0
 70
   128
 71
   -95
 72
    88
 73
    87
 74
    87
  0
VERTEX
  5
A95
330
980
100
AcDbEntity
  8
2
 62
    28
100
AcDbFaceRecord
 10
0.0
 20
0.0
 30
0.0
 70
   128
 71
    96
 72
    89
 73
   -81
 74
   -81
  0
VERTEX
  5
A96
330
980
100
AcDbEntity
  8
2
 62
    28
100
AcDbFaceRecord
 10
0.0
 20
0.0
 30
0.0
 70
   128
 71
   -96
 72
    81
 73
    88
 74
    88
  0
VERTEX
  5
A97
330
980
100
AcDbEntity
  8
2
 62
    28
100
AcDbFaceRecord
 10
0.0
 20
0.0
 30
0.0
 70
   128
 71
   -90
 72
    92
 73
    91
 74
    91
  0
VERTEX
  5
A98
330
980
100
AcDbEntity
  8
2
 62
    28
100
AcDbFaceRecord
 10
0.0
 20
0.0
 30
0.0
 70
   128
 71
   -92
 72
   -90
 73
    93
 74
    93
  0
VERTEX
  5
A99
330
980
100
AcDbEntity
  8
2
 62
    28
100
AcDbFaceRecord
 10
0.0
 20
0.0
 30
0.0
 70
   128
 71
   -93
 72
    90
 73
   -89
 74
   -89
  0
VERTEX
  5
A9A
330
980
100
AcDbEntity
  8
2
 62
    28
100
AcDbFaceRecord
 10
0.0
 20
0.0
 30
0.0
 70
   128
 71
   -93
 72
   -89
 73
    94
 74
    94
  0
VERTEX
  5
A9B
330
980
100
AcDbEntity
  8
2
 62
    28
100
AcDbFaceRecord
 10
0.0
 20
0.0
 30
0.0
 70
   128
 71
   -94
 72
    89
 73
   -96
 74
   -96
  0
VERTEX
  5
A9C
330
980
100
AcDbEntity
  8
2
 62
    28
100
AcDbFaceRecord
 10
0.0
 20
0.0
 30
0.0
 70
   128
 71
   -94
 72
    96
 73
    95
 74
    95
  0
SEQEND
  5
A9D
330
980
100
AcDbEntity
  8
2
 62
    28
  0
POLYLINE
  5
A9E
330
1F
100
AcDbEntity
  8
2
 62
    28
420
  6689812
100
AcDbPolyFaceMesh
 66
     1
 10
0.0
 20
0.0
 30
0.0
 70
    64
 71
    96
 72
   188
1001
TeklaStructures
1000
ID
1000
127648397
  0
VERTEX
  5
A9F
330
A9E
100
AcDbEntity
  8
2
 62
    28
100
AcDbVertex
100
AcDbPolyFaceMeshVertex
 10
33054.51326477536
 20
9095.495862113641
 30
22198.62468108374
 70
   192
  0
VERTEX
  5
AA0
330
A9E
100
AcDbEntity
  8
2
 62
    28
100
AcDbVertex
100
AcDbPolyFaceMeshVertex
 10
33053.19524529069
 20
9092.313881598302
 30
22198.62468108366
 70
   192
  0
VERTEX
  5
AA1
330
A9E
100
AcDbEntity
  8
2
 62
    28
100
AcDbVertex
100
AcDbPolyFaceMeshVertex
 10
33053.19525923352
 20
9092.31388159763
 30
22229.99999999991
 70
   192
  0
VERTEX
  5
AA2
330
A9E
100
AcDbEntity
  8
2
 62
    28
100
AcDbVertex
100
AcDbPolyFaceMeshVertex
 10
33054.51327871818
 20
9095.49586211297
 30
22229.99999999999
 70
   192
  0
VERTEX
  5
AA3
330
A9E
100
AcDbEntity
  8
2
 62
    28
100
AcDbVertex
100
AcDbPolyFaceMeshVertex
 10
33050.01326477536
 20
9090.995862113641
 30
22198.62468108363
 70
   192
  0
VERTEX
  5
AA4
330
A9E
100
AcDbEntity
  8
2
 62
    28
100
AcDbVertex
100
AcDbPolyFaceMeshVertex
 10
33050.01327871818
 20
9090.99586211297
 30
22229.99999999988
 70
   192
  0
VERTEX
  5
AA5
330
A9E
100
AcDbEntity
  8
2
 62
    28
100
AcDbVertex
100
AcDbPolyFaceMeshVertex
 10
33046.83128426002
 20
9092.313881598302
 30
22198.62468108366
 70
   192
  0
VERTEX
  5
AA6
330
A9E
100
AcDbEntity
  8
2
 62
    28
100
AcDbVertex
100
AcDbPolyFaceMeshVertex
 10
33046.83129820284
 20
9092.31388159763
 30
22229.99999999991
 70
   192
  0
VERTEX
  5
AA7
330
A9E
100
AcDbEntity
  8
2
 62
    28
100
AcDbVertex
100
AcDbPolyFaceMeshVertex
 10
33045.51326477536
 20
9095.495862113641
 30
22198.62468108374
 70
   192
  0
VERTEX
  5
AA8
330
A9E
100
AcDbEntity
  8
2
 62
    28
100
AcDbVertex
100
AcDbPolyFaceMeshVertex
 10
33045.51327871818
 20
9095.49586211297
 30
22229.99999999999
 70
   192
  0
VERTEX
  5
AA9
330
A9E
100
AcDbEntity
  8
2
 62
    28
100
AcDbVertex
100
AcDbPolyFaceMeshVertex
 10
33046.83128426002
 20
9098.67784262898
 30
22198.62468108382
 70
   192
  0
VERTEX
  5
AAA
330
A9E
100
AcDbEntity
  8
2
 62
    28
100
AcDbVertex
100
AcDbPolyFaceMeshVertex
 10
33046.83129820284
 20
9098.67784262831
 30
22230.00000000007
 70
   192
  0
VERTEX
  5
AAB
330
A9E
100
AcDbEntity
  8
2
 62
    28
100
AcDbVertex
100
AcDbPolyFaceMeshVertex
 10
33050.01326477536
 20
9099.995862113641
 30
22198.62468108385
 70
   192
  0
VERTEX
  5
AAC
330
A9E
100
AcDbEntity
  8
2
 62
    28
100
AcDbVertex
100
AcDbPolyFaceMeshVertex
 10
33050.01327871818
 20
9099.99586211297
 30
22230.00000000011
 70
   192
  0
VERTEX
  5
AAD
330
A9E
100
AcDbEntity
  8
2
 62
    28
100
AcDbVertex
100
AcDbPolyFaceMeshVertex
 10
33053.19524529069
 20
9098.67784262898
 30
22198.62468108382
 70
   192
  0
VERTEX
  5
AAE
330
A9E
100
AcDbEntity
  8
2
 62
    28
100
AcDbVertex
100
AcDbPolyFaceMeshVertex
 10
33053.19525923352
 20
9098.67784262831
 30
22230.00000000007
 70
   192
  0
VERTEX
  5
AAF
330
A9E
100
AcDbEntity
  8
2
 62
    28
100
AcDbVertex
100
AcDbPolyFaceMeshVertex
 10
33054.51326477536
 20
9095.495862113747
 30
22194.38835555528
 70
   192
  0
VERTEX
  5
AB0
330
A9E
100
AcDbEntity
  8
2
 62
    28
100
AcDbVertex
100
AcDbPolyFaceMeshVertex
 10
33053.19524529069
 20
9092.313881598351
 30
22196.66889916646
 70
   192
  0
VERTEX
  5
AB1
330
A9E
100
AcDbEntity
  8
2
 62
    28
100
AcDbVertex
100
AcDbPolyFaceMeshVertex
 10
33050.01326477536
 20
9090.995862113667
 30
22197.61351641611
 70
   192
  0
VERTEX
  5
AB2
330
A9E
100
AcDbEntity
  8
2
 62
    28
100
AcDbVertex
100
AcDbPolyFaceMeshVertex
 10
33046.83128426002
 20
9092.313881598351
 30
22196.66886333062
 70
   192
  0
VERTEX
  5
AB3
330
A9E
100
AcDbEntity
  8
2
 62
    28
100
AcDbVertex
100
AcDbPolyFaceMeshVertex
 10
33045.51326477536
 20
9095.495862113747
 30
22194.38830487575
 70
   192
  0
VERTEX
  5
AB4
330
A9E
100
AcDbEntity
  8
2
 62
    28
100
AcDbVertex
100
AcDbPolyFaceMeshVertex
 10
33046.83128426002
 20
9098.677842629144
 30
22192.10776126456
 70
   192
  0
VERTEX
  5
AB5
330
A9E
100
AcDbEntity
  8
2
 62
    28
100
AcDbVertex
100
AcDbPolyFaceMeshVertex
 10
33050.01326477536
 20
9099.995862113828
 30
22191.16314401492
 70
   192
  0
VERTEX
  5
AB6
330
A9E
100
AcDbEntity
  8
2
 62
    28
100
AcDbVertex
100
AcDbPolyFaceMeshVertex
 10
33053.19524529069
 20
9098.677842629144
 30
22192.1077971004
 70
   192
  0
VERTEX
  5
AB7
330
A9E
100
AcDbEntity
  8
2
 62
    28
100
AcDbVertex
100
AcDbPolyFaceMeshVertex
 10
33054.5132866427
 20
9091.484146519191
 30
22193.02726156994
 70
   192
  0
VERTEX
  5
AB8
330
A9E
100
AcDbEntity
  8
2
 62
    28
100
AcDbVertex
100
AcDbPolyFaceMeshVertex
 10
33053.19524928498
 20
9090.461795531508
 30
22196.04052414449
 70
   192
  0
VERTEX
  5
AB9
330
A9E
100
AcDbEntity
  8
2
 62
    28
100
AcDbVertex
100
AcDbPolyFaceMeshVertex
 10
33050.01326136649
 20
9090.038309080293
 30
22197.2886377107
 70
   192
  0
VERTEX
  5
ABA
330
A9E
100
AcDbEntity
  8
2
 62
    28
100
AcDbVertex
100
AcDbPolyFaceMeshVertex
 10
33046.8312882546
 20
9090.461759785196
 30
22196.0404742688
 70
   192
  0
VERTEX
  5
ABB
330
A9E
100
AcDbEntity
  8
2
 62
    28
100
AcDbVertex
100
AcDbPolyFaceMeshVertex
 10
33045.51328664315
 20
9091.48409596628
 30
22193.02719103501
 70
   192
  0
VERTEX
  5
ABC
330
A9E
100
AcDbEntity
  8
2
 62
    28
100
AcDbVertex
100
AcDbPolyFaceMeshVertex
 10
33046.8313240009
 20
9092.50644695397
 30
22190.01392846041
 70
   192
  0
VERTEX
  5
ABD
330
A9E
100
AcDbEntity
  8
2
 62
    28
100
AcDbVertex
100
AcDbPolyFaceMeshVertex
 10
33050.0133119194
 20
9092.929933405181
 30
22188.76581489421
 70
   192
  0
VERTEX
  5
ABE
330
A9E
100
AcDbEntity
  8
2
 62
    28
100
AcDbVertex
100
AcDbPolyFaceMeshVertex
 10
33053.19528503129
 20
9092.50648270028
 30
22190.01397833611
 70
   192
  0
VERTEX
  5
ABF
330
A9E
100
AcDbEntity
  8
2
 62
    28
100
AcDbVertex
100
AcDbPolyFaceMeshVertex
 10
33046.83139121416
 20
9083.778312498152
 30
22184.34718328246
 70
   192
  0
VERTEX
  5
AC0
330
A9E
100
AcDbEntity
  8
2
 62
    28
100
AcDbVertex
100
AcDbPolyFaceMeshVertex
 10
33050.01337254841
 20
9084.746117305242
 30
22183.45246321122
 70
   192
  0
VERTEX
  5
AC1
330
A9E
100
AcDbEntity
  8
2
 62
    28
100
AcDbVertex
100
AcDbPolyFaceMeshVertex
 10
33045.5133697524
 20
9081.44184637467
 30
22186.50725755018
 70
   192
  0
VERTEX
  5
AC2
330
A9E
100
AcDbEntity
  8
2
 62
    28
100
AcDbVertex
100
AcDbPolyFaceMeshVertex
 10
33046.83138725991
 20
9079.105389101913
 30
22188.6673438041
 70
   192
  0
VERTEX
  5
AC3
330
A9E
100
AcDbEntity
  8
2
 62
    28
100
AcDbVertex
100
AcDbPolyFaceMeshVertex
 10
33050.01336695622
 20
9078.137605662352
 30
22189.56209281257
 70
   192
  0
VERTEX
  5
AC4
330
A9E
100
AcDbEntity
  8
2
 62
    28
100
AcDbVertex
100
AcDbPolyFaceMeshVertex
 10
33053.19534829045
 20
9079.105410469436
 30
22188.66737274133
 70
   192
  0
VERTEX
  5
AC5
330
A9E
100
AcDbEntity
  8
2
 62
    28
100
AcDbVertex
100
AcDbPolyFaceMeshVertex
 10
33054.51336975221
 20
9081.44187659292
 30
22186.50729847361
 70
   192
  0
VERTEX
  5
AC6
330
A9E
100
AcDbEntity
  8
2
 62
    28
100
AcDbVertex
100
AcDbPolyFaceMeshVertex
 10
33053.19535224472
 20
9083.77833386568
 30
22184.34721221969
 70
   192
  0
VERTEX
  5
AC7
330
A9E
100
AcDbEntity
  8
2
 62
    28
100
AcDbVertex
100
AcDbPolyFaceMeshVertex
 10
33050.01340398043
 20
9080.090142271429
 30
22174.87759011876
 70
   192
  0
VERTEX
  5
AC8
330
A9E
100
AcDbEntity
  8
2
 62
    28
100
AcDbVertex
100
AcDbPolyFaceMeshVertex
 10
33053.19538831918
 20
9078.812678448132
 30
22175.20199297
 70
   192
  0
VERTEX
  5
AC9
330
A9E
100
AcDbEntity
  8
2
 62
    28
100
AcDbVertex
100
AcDbPolyFaceMeshVertex
 10
33054.51341703445
 20
9075.728586876749
 30
22175.98516271337
 70
   192
  0
VERTEX
  5
ACA
330
A9E
100
AcDbEntity
  8
2
 62
    28
100
AcDbVertex
100
AcDbPolyFaceMeshVertex
 10
33053.19540678045
 20
9072.644486572191
 30
22176.7683291348
 70
   192
  0
VERTEX
  5
ACB
330
A9E
100
AcDbEntity
  8
2
 62
    28
100
AcDbVertex
100
AcDbPolyFaceMeshVertex
 10
33050.01343008859
 20
9071.367001665147
 30
22177.09272396624
 70
   192
  0
VERTEX
  5
ACC
330
A9E
100
AcDbEntity
  8
2
 62
    28
100
AcDbVertex
100
AcDbPolyFaceMeshVertex
 10
33046.83144574984
 20
9072.644465488438
 30
22176.76832111497
 70
   192
  0
VERTEX
  5
ACD
330
A9E
100
AcDbEntity
  8
2
 62
    28
100
AcDbVertex
100
AcDbPolyFaceMeshVertex
 10
33045.51341703456
 20
9075.728557059825
 30
22175.98515137163
 70
   192
  0
VERTEX
  5
ACE
330
A9E
100
AcDbEntity
  8
2
 62
    28
100
AcDbVertex
100
AcDbPolyFaceMeshVertex
 10
33046.83142728858
 20
9078.812657364382
 30
22175.20198495019
 70
   192
  0
VERTEX
  5
ACF
330
A9E
100
AcDbEntity
  8
2
 62
    28
100
AcDbVertex
100
AcDbPolyFaceMeshVertex
 10
33050.0133968733
 20
9080.090866857754
 30
22165.12020565655
 70
   192
  0
VERTEX
  5
AD0
330
A9E
100
AcDbEntity
  8
2
 62
    28
100
AcDbVertex
100
AcDbPolyFaceMeshVertex
 10
33053.1953832911
 20
9078.813456094917
 30
22164.79561431091
 70
   192
  0
VERTEX
  5
AD1
330
A9E
100
AcDbEntity
  8
2
 62
    28
100
AcDbVertex
100
AcDbPolyFaceMeshVertex
 10
33054.5134170257
 20
9075.729482889928
 30
22164.01198703518
 70
   192
  0
VERTEX
  5
AD2
330
A9E
100
AcDbEntity
  8
2
 62
    28
100
AcDbVertex
100
AcDbPolyFaceMeshVertex
 10
33053.19541179103
 20
9072.645496920268
 30
22163.22836205965
 70
   192
  0
VERTEX
  5
AD3
330
A9E
100
AcDbEntity
  8
2
 62
    28
100
AcDbVertex
100
AcDbPolyFaceMeshVertex
 10
33050.01343717827
 20
9071.368055340805
 30
22162.90377626716
 70
   192
  0
VERTEX
  5
AD4
330
A9E
100
AcDbEntity
  8
2
 62
    28
100
AcDbVertex
100
AcDbPolyFaceMeshVertex
 10
33046.83145076045
 20
9072.645466103644
 30
22163.2283676128
 70
   192
  0
VERTEX
  5
AD5
330
A9E
100
AcDbEntity
  8
2
 62
    28
100
AcDbVertex
100
AcDbPolyFaceMeshVertex
 10
33045.51341702586
 20
9075.729439308638
 30
22164.01199488852
 70
   192
  0
VERTEX
  5
AD6
330
A9E
100
AcDbEntity
  8
2
 62
    28
100
AcDbVertex
100
AcDbPolyFaceMeshVertex
 10
33046.83142226054
 20
9078.813425278291
 30
22164.79561986406
 70
   192
  0
VERTEX
  5
AD7
330
A9E
100
AcDbEntity
  8
2
 62
    28
100
AcDbVertex
100
AcDbPolyFaceMeshVertex
 10
33050.01335122873
 20
9084.748115385548
 30
22156.54602416695
 70
   192
  0
VERTEX
  5
AD8
330
A9E
100
AcDbEntity
  8
2
 62
    28
100
AcDbVertex
100
AcDbPolyFaceMeshVertex
 10
33053.19533716236
 20
9083.780475903124
 30
22155.65114165396
 70
   192
  0
VERTEX
  5
AD9
330
A9E
100
AcDbEntity
  8
2
 62
    28
100
AcDbVertex
100
AcDbPolyFaceMeshVertex
 10
33054.51336972811
 20
9081.44434405384
 30
22153.49071264557
 70
   192
  0
VERTEX
  5
ADA
330
A9E
100
AcDbEntity
  8
2
 62
    28
100
AcDbVertex
100
AcDbPolyFaceMeshVertex
 10
33053.19536332463
 20
9079.108194191513
 30
22151.33028715435
 70
   192
  0
VERTEX
  5
ADB
330
A9E
100
AcDbEntity
  8
2
 62
    28
100
AcDbVertex
100
AcDbPolyFaceMeshVertex
 10
33050.01338822777
 20
9078.14051122176
 30
22150.43541313258
 70
   192
  0
VERTEX
  5
ADC
330
A9E
100
AcDbEntity
  8
2
 62
    28
100
AcDbVertex
100
AcDbPolyFaceMeshVertex
 10
33046.83140229413
 20
9079.108150704187
 30
22151.33029564557
 70
   192
  0
VERTEX
  5
ADD
330
A9E
100
AcDbEntity
  8
2
 62
    28
100
AcDbVertex
100
AcDbPolyFaceMeshVertex
 10
33045.51336972838
 20
9081.444282553472
 30
22153.49072465396
 70
   192
  0
VERTEX
  5
ADE
330
A9E
100
AcDbEntity
  8
2
 62
    28
100
AcDbVertex
100
AcDbPolyFaceMeshVertex
 10
33046.83137613187
 20
9083.780432415799
 30
22155.65115014517
 70
   192
  0
VERTEX
  5
ADF
330
A9E
100
AcDbEntity
  8
2
 62
    28
100
AcDbVertex
100
AcDbPolyFaceMeshVertex
 10
33050.013276392
 20
9092.932720537401
 30
22151.23388800801
 70
   192
  0
VERTEX
  5
AE0
330
A9E
100
AcDbEntity
  8
2
 62
    28
100
AcDbVertex
100
AcDbPolyFaceMeshVertex
 10
33053.19525989981
 20
9092.509463276876
 30
22149.98568545664
 70
   192
  0
VERTEX
  5
AE1
330
A9E
100
AcDbEntity
  8
2
 62
    28
100
AcDbVertex
100
AcDbPolyFaceMeshVertex
 10
33054.51328660936
 20
9091.48756657776
 30
22146.97226413034
 70
   192
  0
VERTEX
  5
AE2
330
A9E
100
AcDbEntity
  8
2
 62
    28
100
AcDbVertex
100
AcDbPolyFaceMeshVertex
 10
33053.19527434935
 20
9090.46567119733
 30
22143.9588360363
 70
   192
  0
VERTEX
  5
AE3
330
A9E
100
AcDbEntity
  8
2
 62
    28
100
AcDbVertex
100
AcDbPolyFaceMeshVertex
 10
33050.01329682672
 20
9090.042362059838
 30
22142.71063581939
 70
   192
  0
VERTEX
  5
AE4
330
A9E
100
AcDbEntity
  8
2
 62
    28
100
AcDbVertex
100
AcDbPolyFaceMeshVertex
 10
33046.83131331891
 20
9090.465619320355
 30
22143.95883837076
 70
   192
  0
VERTEX
  5
AE5
330
A9E
100
AcDbEntity
  8
2
 62
    28
100
AcDbVertex
100
AcDbPolyFaceMeshVertex
 10
33045.51328660953
 20
9091.487504616047
 30
22146.97226356442
 70
   192
  0
VERTEX
  5
AE6
330
A9E
100
AcDbEntity
  8
2
 62
    28
100
AcDbVertex
100
AcDbPolyFaceMeshVertex
 10
33046.83129886938
 20
9092.509411399897
 30
22149.9856877911
 70
   192
  0
VERTEX
  5
AE7
330
A9E
100
AcDbEntity
  8
2
 62
    28
100
AcDbVertex
100
AcDbPolyFaceMeshVertex
 10
33054.51326473966
 20
9095.499983495805
 30
22145.61159533887
 70
   192
  0
VERTEX
  5
AE8
330
A9E
100
AcDbEntity
  8
2
 62
    28
100
AcDbVertex
100
AcDbPolyFaceMeshVertex
 10
33053.19526425337
 20
9092.317995481044
 30
22143.33068599734
 70
   192
  0
VERTEX
  5
AE9
330
A9E
100
AcDbEntity
  8
2
 62
    28
100
AcDbVertex
100
AcDbPolyFaceMeshVertex
 10
33050.01329160745
 20
9090.99995789118
 30
22142.38590117986
 70
   192
  0
VERTEX
  5
AEA
330
A9E
100
AcDbEntity
  8
2
 62
    28
100
AcDbVertex
100
AcDbPolyFaceMeshVertex
 10
33046.83130322279
 20
9092.317959270636
 30
22143.33068301898
 70
   192
  0
VERTEX
  5
AEB
330
A9E
100
AcDbEntity
  8
2
 62
    28
100
AcDbVertex
100
AcDbPolyFaceMeshVertex
 10
33045.51326473981
 20
9095.499932286553
 30
22145.61159112684
 70
   192
  0
VERTEX
  5
AEC
330
A9E
100
AcDbEntity
  8
2
 62
    28
100
AcDbVertex
100
AcDbPolyFaceMeshVertex
 10
33046.8312652261
 20
9098.681920301315
 30
22147.89250046838
 70
   192
  0
VERTEX
  5
AED
330
A9E
100
AcDbEntity
  8
2
 62
    28
100
AcDbVertex
100
AcDbPolyFaceMeshVertex
 10
33050.01323787201
 20
9099.99995789118
 30
22148.83728528586
 70
   192
  0
VERTEX
  5
AEE
330
A9E
100
AcDbEntity
  8
2
 62
    28
100
AcDbVertex
100
AcDbPolyFaceMeshVertex
 10
33053.19522625667
 20
9098.681956511724
 30
22147.89250344673
 70
   192
  0
VERTEX
  5
AEF
330
A9E
100
AcDbEntity
  8
2
 62
    28
100
AcDbVertex
100
AcDbPolyFaceMeshVertex
 10
33054.51326473966
 20
9095.499983495694
 30
22141.37474425954
 70
   192
  0
VERTEX
  5
AF0
330
A9E
100
AcDbEntity
  8
2
 62
    28
100
AcDbVertex
100
AcDbPolyFaceMeshVertex
 10
33053.19526336022
 20
9092.317995480986
 30
22141.37474367382
 70
   192
  0
VERTEX
  5
AF1
330
A9E
100
AcDbEntity
  8
2
 62
    28
100
AcDbVertex
100
AcDbPolyFaceMeshVertex
 10
33050.01329034435
 20
9090.999957891141
 30
22141.37474225961
 70
   192
  0
VERTEX
  5
AF2
330
A9E
100
AcDbEntity
  8
2
 62
    28
100
AcDbVertex
100
AcDbPolyFaceMeshVertex
 10
33046.83130232965
 20
9092.317959270578
 30
22141.37474084535
 70
   192
  0
VERTEX
  5
AF3
330
A9E
100
AcDbEntity
  8
2
 62
    28
100
AcDbVertex
100
AcDbPolyFaceMeshVertex
 10
33045.5132647398
 20
9095.499932286444
 30
22141.37474025947
 70
   192
  0
VERTEX
  5
AF4
330
A9E
100
AcDbEntity
  8
2
 62
    28
100
AcDbVertex
100
AcDbPolyFaceMeshVertex
 10
33046.83126611924
 20
9098.681920301153
 30
22141.37474084519
 70
   192
  0
VERTEX
  5
AF5
330
A9E
100
AcDbEntity
  8
2
 62
    28
100
AcDbVertex
100
AcDbPolyFaceMeshVertex
 10
33050.01323913511
 20
9099.999957890997
 30
22141.37474225939
 70
   192
  0
VERTEX
  5
AF6
330
A9E
100
AcDbEntity
  8
2
 62
    28
100
AcDbVertex
100
AcDbPolyFaceMeshVertex
 10
33053.19522714982
 20
9098.681956511562
 30
22141.37474367366
 70
   192
  0
VERTEX
  5
AF7
330
A9E
100
AcDbEntity
  8
2
 62
    28
100
AcDbVertex
100
AcDbPolyFaceMeshVertex
 10
33054.51327868421
 20
9095.499983495
 30
22110.00000200003
 70
   192
  0
VERTEX
  5
AF8
330
A9E
100
AcDbEntity
  8
2
 62
    28
100
AcDbVertex
100
AcDbPolyFaceMeshVertex
 10
33053.19527730478
 20
9092.31799548029
 30
22110.00000141431
 70
   192
  0
VERTEX
  5
AF9
330
A9E
100
AcDbEntity
  8
2
 62
    28
100
AcDbVertex
100
AcDbPolyFaceMeshVertex
 10
33050.01330428891
 20
9090.999957890446
 30
22110.00000000011
 70
   192
  0
VERTEX
  5
AFA
330
A9E
100
AcDbEntity
  8
2
 62
    28
100
AcDbVertex
100
AcDbPolyFaceMeshVertex
 10
33046.8313162742
 20
9092.317959269882
 30
22109.99999858584
 70
   192
  0
VERTEX
  5
AFB
330
A9E
100
AcDbEntity
  8
2
 62
    28
100
AcDbVertex
100
AcDbPolyFaceMeshVertex
 10
33045.51327868436
 20
9095.499932285747
 30
22109.99999799996
 70
   192
  0
VERTEX
  5
AFC
330
A9E
100
AcDbEntity
  8
2
 62
    28
100
AcDbVertex
100
AcDbPolyFaceMeshVertex
 10
33046.83128006379
 20
9098.681920300458
 30
22109.99999858568
 70
   192
  0
VERTEX
  5
AFD
330
A9E
100
AcDbEntity
  8
2
 62
    28
100
AcDbVertex
100
AcDbPolyFaceMeshVertex
 10
33050.01325307966
 20
9099.9999578903
 30
22109.99999999988
 70
   192
  0
VERTEX
  5
AFE
330
A9E
100
AcDbEntity
  8
2
 62
    28
100
AcDbVertex
100
AcDbPolyFaceMeshVertex
 10
33053.19524109437
 20
9098.681956510865
 30
22110.00000141415
 70
   192
  0
VERTEX
  5
AFF
330
A9E
100
AcDbEntity
  8
2
 62
    28
100
AcDbFaceRecord
 10
0.0
 20
0.0
 30
0.0
 70
   128
 71
     1
 72
     2
 73
    -3
 74
    -3
  0
VERTEX
  5
B00
330
A9E
100
AcDbEntity
  8
2
 62
    28
100
AcDbFaceRecord
 10
0.0
 20
0.0
 30
0.0
 70
   128
 71
    -1
 72
     3
 73
     4
 74
     4
  0
VERTEX
  5
B01
330
A9E
100
AcDbEntity
  8
2
 62
    28
100
AcDbFaceRecord
 10
0.0
 20
0.0
 30
0.0
 70
   128
 71
     2
 72
     5
 73
    -6
 74
    -6
  0
VERTEX
  5
B02
330
A9E
100
AcDbEntity
  8
2
 62
    28
100
AcDbFaceRecord
 10
0.0
 20
0.0
 30
0.0
 70
   128
 71
    -2
 72
     6
 73
     3
 74
     3
  0
VERTEX
  5
B03
330
A9E
100
AcDbEntity
  8
2
 62
    28
100
AcDbFaceRecord
 10
0.0
 20
0.0
 30
0.0
 70
   128
 71
     5
 72
     7
 73
    -8
 74
    -8
  0
VERTEX
  5
B04
330
A9E
100
AcDbEntity
  8
2
 62
    28
100
AcDbFaceRecord
 10
0.0
 20
0.0
 30
0.0
 70
   128
 71
    -5
 72
     8
 73
     6
 74
     6
  0
VERTEX
  5
B05
330
A9E
100
AcDbEntity
  8
2
 62
    28
100
AcDbFaceRecord
 10
0.0
 20
0.0
 30
0.0
 70
   128
 71
     7
 72
     9
 73
   -10
 74
   -10
  0
VERTEX
  5
B06
330
A9E
100
AcDbEntity
  8
2
 62
    28
100
AcDbFaceRecord
 10
0.0
 20
0.0
 30
0.0
 70
   128
 71
    -7
 72
    10
 73
     8
 74
     8
  0
VERTEX
  5
B07
330
A9E
100
AcDbEntity
  8
2
 62
    28
100
AcDbFaceRecord
 10
0.0
 20
0.0
 30
0.0
 70
   128
 71
     9
 72
    11
 73
   -12
 74
   -12
  0
VERTEX
  5
B08
330
A9E
100
AcDbEntity
  8
2
 62
    28
100
AcDbFaceRecord
 10
0.0
 20
0.0
 30
0.0
 70
   128
 71
    -9
 72
    12
 73
    10
 74
    10
  0
VERTEX
  5
B09
330
A9E
100
AcDbEntity
  8
2
 62
    28
100
AcDbFaceRecord
 10
0.0
 20
0.0
 30
0.0
 70
   128
 71
    11
 72
    13
 73
   -14
 74
   -14
  0
VERTEX
  5
B0A
330
A9E
100
AcDbEntity
  8
2
 62
    28
100
AcDbFaceRecord
 10
0.0
 20
0.0
 30
0.0
 70
   128
 71
   -11
 72
    14
 73
    12
 74
    12
  0
VERTEX
  5
B0B
330
A9E
100
AcDbEntity
  8
2
 62
    28
100
AcDbFaceRecord
 10
0.0
 20
0.0
 30
0.0
 70
   128
 71
    13
 72
    15
 73
   -16
 74
   -16
  0
VERTEX
  5
B0C
330
A9E
100
AcDbEntity
  8
2
 62
    28
100
AcDbFaceRecord
 10
0.0
 20
0.0
 30
0.0
 70
   128
 71
   -13
 72
    16
 73
    14
 74
    14
  0
VERTEX
  5
B0D
330
A9E
100
AcDbEntity
  8
2
 62
    28
100
AcDbFaceRecord
 10
0.0
 20
0.0
 30
0.0
 70
   128
 71
    15
 72
     1
 73
    -4
 74
    -4
  0
VERTEX
  5
B0E
330
A9E
100
AcDbEntity
  8
2
 62
    28
100
AcDbFaceRecord
 10
0.0
 20
0.0
 30
0.0
 70
   128
 71
   -15
 72
     4
 73
    16
 74
    16
  0
VERTEX
  5
B0F
330
A9E
100
AcDbEntity
  8
2
 62
    28
100
AcDbFaceRecord
 10
0.0
 20
0.0
 30
0.0
 70
   128
 71
    -4
 72
    14
 73
    16
 74
    16
  0
VERTEX
  5
B10
330
A9E
100
AcDbEntity
  8
2
 62
    28
100
AcDbFaceRecord
 10
0.0
 20
0.0
 30
0.0
 70
   128
 71
   -14
 72
    -4
 73
    12
 74
    12
  0
VERTEX
  5
B11
330
A9E
100
AcDbEntity
  8
2
 62
    28
100
AcDbFaceRecord
 10
0.0
 20
0.0
 30
0.0
 70
   128
 71
   -12
 72
    -4
 73
    10
 74
    10
  0
VERTEX
  5
B12
330
A9E
100
AcDbEntity
  8
2
 62
    28
100
AcDbFaceRecord
 10
0.0
 20
0.0
 30
0.0
 70
   128
 71
   -10
 72
     4
 73
    -3
 74
    -3
  0
VERTEX
  5
B13
330
A9E
100
AcDbEntity
  8
2
 62
    28
100
AcDbFaceRecord
 10
0.0
 20
0.0
 30
0.0
 70
   128
 71
   -10
 72
    -3
 73
     8
 74
     8
  0
VERTEX
  5
B14
330
A9E
100
AcDbEntity
  8
2
 62
    28
100
AcDbFaceRecord
 10
0.0
 20
0.0
 30
0.0
 70
   128
 71
    -8
 72
     3
 73
     6
 74
     6
  0
VERTEX
  5
B15
330
A9E
100
AcDbEntity
  8
2
 62
    28
100
AcDbFaceRecord
 10
0.0
 20
0.0
 30
0.0
 70
   128
 71
    17
 72
    18
 73
    -2
 74
    -2
  0
VERTEX
  5
B16
330
A9E
100
AcDbEntity
  8
2
 62
    28
100
AcDbFaceRecord
 10
0.0
 20
0.0
 30
0.0
 70
   128
 71
   -17
 72
     2
 73
     1
 74
     1
  0
VERTEX
  5
B17
330
A9E
100
AcDbEntity
  8
2
 62
    28
100
AcDbFaceRecord
 10
0.0
 20
0.0
 30
0.0
 70
   128
 71
    18
 72
    19
 73
    -5
 74
    -5
  0
VERTEX
  5
B18
330
A9E
100
AcDbEntity
  8
2
 62
    28
100
AcDbFaceRecord
 10
0.0
 20
0.0
 30
0.0
 70
   128
 71
   -18
 72
     5
 73
     2
 74
     2
  0
VERTEX
  5
B19
330
A9E
100
AcDbEntity
  8
2
 62
    28
100
AcDbFaceRecord
 10
0.0
 20
0.0
 30
0.0
 70
   128
 71
    19
 72
    20
 73
    -7
 74
    -7
  0
VERTEX
  5
B1A
330
A9E
100
AcDbEntity
  8
2
 62
    28
100
AcDbFaceRecord
 10
0.0
 20
0.0
 30
0.0
 70
   128
 71
   -19
 72
     7
 73
     5
 74
     5
  0
VERTEX
  5
B1B
330
A9E
100
AcDbEntity
  8
2
 62
    28
100
AcDbFaceRecord
 10
0.0
 20
0.0
 30
0.0
 70
   128
 71
    20
 72
    21
 73
    -9
 74
    -9
  0
VERTEX
  5
B1C
330
A9E
100
AcDbEntity
  8
2
 62
    28
100
AcDbFaceRecord
 10
0.0
 20
0.0
 30
0.0
 70
   128
 71
   -20
 72
     9
 73
     7
 74
     7
  0
VERTEX
  5
B1D
330
A9E
100
AcDbEntity
  8
2
 62
    28
100
AcDbFaceRecord
 10
0.0
 20
0.0
 30
0.0
 70
   128
 71
    21
 72
    22
 73
   -11
 74
   -11
  0
VERTEX
  5
B1E
330
A9E
100
AcDbEntity
  8
2
 62
    28
100
AcDbFaceRecord
 10
0.0
 20
0.0
 30
0.0
 70
   128
 71
   -21
 72
    11
 73
     9
 74
     9
  0
VERTEX
  5
B1F
330
A9E
100
AcDbEntity
  8
2
 62
    28
100
AcDbFaceRecord
 10
0.0
 20
0.0
 30
0.0
 70
   128
 71
    22
 72
    23
 73
   -13
 74
   -13
  0
VERTEX
  5
B20
330
A9E
100
AcDbEntity
  8
2
 62
    28
100
AcDbFaceRecord
 10
0.0
 20
0.0
 30
0.0
 70
   128
 71
   -22
 72
    13
 73
    11
 74
    11
  0
VERTEX
  5
B21
330
A9E
100
AcDbEntity
  8
2
 62
    28
100
AcDbFaceRecord
 10
0.0
 20
0.0
 30
0.0
 70
   128
 71
    23
 72
    24
 73
   -15
 74
   -15
  0
VERTEX
  5
B22
330
A9E
100
AcDbEntity
  8
2
 62
    28
100
AcDbFaceRecord
 10
0.0
 20
0.0
 30
0.0
 70
   128
 71
   -23
 72
    15
 73
    13
 74
    13
  0
VERTEX
  5
B23
330
A9E
100
AcDbEntity
  8
2
 62
    28
100
AcDbFaceRecord
 10
0.0
 20
0.0
 30
0.0
 70
   128
 71
    24
 72
    17
 73
    -1
 74
    -1
  0
VERTEX
  5
B24
330
A9E
100
AcDbEntity
  8
2
 62
    28
100
AcDbFaceRecord
 10
0.0
 20
0.0
 30
0.0
 70
   128
 71
   -24
 72
     1
 73
    15
 74
    15
  0
VERTEX
  5
B25
330
A9E
100
AcDbEntity
  8
2
 62
    28
100
AcDbFaceRecord
 10
0.0
 20
0.0
 30
0.0
 70
   128
 71
    25
 72
    26
 73
   -18
 74
   -18
  0
VERTEX
  5
B26
330
A9E
100
AcDbEntity
  8
2
 62
    28
100
AcDbFaceRecord
 10
0.0
 20
0.0
 30
0.0
 70
   128
 71
   -25
 72
    18
 73
    17
 74
    17
  0
VERTEX
  5
B27
330
A9E
100
AcDbEntity
  8
2
 62
    28
100
AcDbFaceRecord
 10
0.0
 20
0.0
 30
0.0
 70
   128
 71
    26
 72
    27
 73
   -19
 74
   -19
  0
VERTEX
  5
B28
330
A9E
100
AcDbEntity
  8
2
 62
    28
100
AcDbFaceRecord
 10
0.0
 20
0.0
 30
0.0
 70
   128
 71
   -26
 72
    19
 73
    18
 74
    18
  0
VERTEX
  5
B29
330
A9E
100
AcDbEntity
  8
2
 62
    28
100
AcDbFaceRecord
 10
0.0
 20
0.0
 30
0.0
 70
   128
 71
    27
 72
    28
 73
   -20
 74
   -20
  0
VERTEX
  5
B2A
330
A9E
100
AcDbEntity
  8
2
 62
    28
100
AcDbFaceRecord
 10
0.0
 20
0.0
 30
0.0
 70
   128
 71
   -27
 72
    20
 73
    19
 74
    19
  0
VERTEX
  5
B2B
330
A9E
100
AcDbEntity
  8
2
 62
    28
100
AcDbFaceRecord
 10
0.0
 20
0.0
 30
0.0
 70
   128
 71
    28
 72
    29
 73
   -21
 74
   -21
  0
VERTEX
  5
B2C
330
A9E
100
AcDbEntity
  8
2
 62
    28
100
AcDbFaceRecord
 10
0.0
 20
0.0
 30
0.0
 70
   128
 71
   -28
 72
    21
 73
    20
 74
    20
  0
VERTEX
  5
B2D
330
A9E
100
AcDbEntity
  8
2
 62
    28
100
AcDbFaceRecord
 10
0.0
 20
0.0
 30
0.0
 70
   128
 71
    29
 72
    30
 73
   -22
 74
   -22
  0
VERTEX
  5
B2E
330
A9E
100
AcDbEntity
  8
2
 62
    28
100
AcDbFaceRecord
 10
0.0
 20
0.0
 30
0.0
 70
   128
 71
   -29
 72
    22
 73
    21
 74
    21
  0
VERTEX
  5
B2F
330
A9E
100
AcDbEntity
  8
2
 62
    28
100
AcDbFaceRecord
 10
0.0
 20
0.0
 30
0.0
 70
   128
 71
    30
 72
    31
 73
   -23
 74
   -23
  0
VERTEX
  5
B30
330
A9E
100
AcDbEntity
  8
2
 62
    28
100
AcDbFaceRecord
 10
0.0
 20
0.0
 30
0.0
 70
   128
 71
   -30
 72
    23
 73
    22
 74
    22
  0
VERTEX
  5
B31
330
A9E
100
AcDbEntity
  8
2
 62
    28
100
AcDbFaceRecord
 10
0.0
 20
0.0
 30
0.0
 70
   128
 71
    31
 72
    32
 73
   -24
 74
   -24
  0
VERTEX
  5
B32
330
A9E
100
AcDbEntity
  8
2
 62
    28
100
AcDbFaceRecord
 10
0.0
 20
0.0
 30
0.0
 70
   128
 71
   -31
 72
    24
 73
    23
 74
    23
  0
VERTEX
  5
B33
330
A9E
100
AcDbEntity
  8
2
 62
    28
100
AcDbFaceRecord
 10
0.0
 20
0.0
 30
0.0
 70
   128
 71
    32
 72
    25
 73
   -17
 74
   -17
  0
VERTEX
  5
B34
330
A9E
100
AcDbEntity
  8
2
 62
    28
100
AcDbFaceRecord
 10
0.0
 20
0.0
 30
0.0
 70
   128
 71
   -32
 72
    17
 73
    24
 74
    24
  0
VERTEX
  5
B35
330
A9E
100
AcDbEntity
  8
2
 62
    28
100
AcDbFaceRecord
 10
0.0
 20
0.0
 30
0.0
 70
   128
 71
    33
 72
    34
 73
   -31
 74
   -31
  0
VERTEX
  5
B36
330
A9E
100
AcDbEntity
  8
2
 62
    28
100
AcDbFaceRecord
 10
0.0
 20
0.0
 30
0.0
 70
   128
 71
   -33
 72
    31
 73
    30
 74
    30
  0
VERTEX
  5
B37
330
A9E
100
AcDbEntity
  8
2
 62
    28
100
AcDbFaceRecord
 10
0.0
 20
0.0
 30
0.0
 70
   128
 71
    35
 72
    33
 73
   -30
 74
   -30
  0
VERTEX
  5
B38
330
A9E
100
AcDbEntity
  8
2
 62
    28
100
AcDbFaceRecord
 10
0.0
 20
0.0
 30
0.0
 70
   128
 71
   -35
 72
    30
 73
    29
 74
    29
  0
VERTEX
  5
B39
330
A9E
100
AcDbEntity
  8
2
 62
    28
100
AcDbFaceRecord
 10
0.0
 20
0.0
 30
0.0
 70
   128
 71
    36
 72
    35
 73
   -29
 74
   -29
  0
VERTEX
  5
B3A
330
A9E
100
AcDbEntity
  8
2
 62
    28
100
AcDbFaceRecord
 10
0.0
 20
0.0
 30
0.0
 70
   128
 71
   -36
 72
    29
 73
    28
 74
    28
  0
VERTEX
  5
B3B
330
A9E
100
AcDbEntity
  8
2
 62
    28
100
AcDbFaceRecord
 10
0.0
 20
0.0
 30
0.0
 70
   128
 71
    37
 72
    36
 73
   -28
 74
   -28
  0
VERTEX
  5
B3C
330
A9E
100
AcDbEntity
  8
2
 62
    28
100
AcDbFaceRecord
 10
0.0
 20
0.0
 30
0.0
 70
   128
 71
   -37
 72
    28
 73
    27
 74
    27
  0
VERTEX
  5
B3D
330
A9E
100
AcDbEntity
  8
2
 62
    28
100
AcDbFaceRecord
 10
0.0
 20
0.0
 30
0.0
 70
   128
 71
    38
 72
    37
 73
   -27
 74
   -27
  0
VERTEX
  5
B3E
330
A9E
100
AcDbEntity
  8
2
 62
    28
100
AcDbFaceRecord
 10
0.0
 20
0.0
 30
0.0
 70
   128
 71
   -38
 72
    27
 73
    26
 74
    26
  0
VERTEX
  5
B3F
330
A9E
100
AcDbEntity
  8
2
 62
    28
100
AcDbFaceRecord
 10
0.0
 20
0.0
 30
0.0
 70
   128
 71
    39
 72
    38
 73
   -26
 74
   -26
  0
VERTEX
  5
B40
330
A9E
100
AcDbEntity
  8
2
 62
    28
100
AcDbFaceRecord
 10
0.0
 20
0.0
 30
0.0
 70
   128
 71
   -39
 72
    26
 73
    25
 74
    25
  0
VERTEX
  5
B41
330
A9E
100
AcDbEntity
  8
2
 62
    28
100
AcDbFaceRecord
 10
0.0
 20
0.0
 30
0.0
 70
   128
 71
    40
 72
    39
 73
   -25
 74
   -25
  0
VERTEX
  5
B42
330
A9E
100
AcDbEntity
  8
2
 62
    28
100
AcDbFaceRecord
 10
0.0
 20
0.0
 30
0.0
 70
   128
 71
   -40
 72
    25
 73
    32
 74
    32
  0
VERTEX
  5
B43
330
A9E
100
AcDbEntity
  8
2
 62
    28
100
AcDbFaceRecord
 10
0.0
 20
0.0
 30
0.0
 70
   128
 71
    34
 72
    40
 73
   -32
 74
   -32
  0
VERTEX
  5
B44
330
A9E
100
AcDbEntity
  8
2
 62
    28
100
AcDbFaceRecord
 10
0.0
 20
0.0
 30
0.0
 70
   128
 71
   -34
 72
    32
 73
    31
 74
    31
  0
VERTEX
  5
B45
330
A9E
100
AcDbEntity
  8
2
 62
    28
100
AcDbFaceRecord
 10
0.0
 20
0.0
 30
0.0
 70
   128
 71
    34
 72
    41
 73
   -42
 74
   -42
  0
VERTEX
  5
B46
330
A9E
100
AcDbEntity
  8
2
 62
    28
100
AcDbFaceRecord
 10
0.0
 20
0.0
 30
0.0
 70
   128
 71
   -34
 72
    42
 73
    40
 74
    40
  0
VERTEX
  5
B47
330
A9E
100
AcDbEntity
  8
2
 62
    28
100
AcDbFaceRecord
 10
0.0
 20
0.0
 30
0.0
 70
   128
 71
    40
 72
    42
 73
   -43
 74
   -43
  0
VERTEX
  5
B48
330
A9E
100
AcDbEntity
  8
2
 62
    28
100
AcDbFaceRecord
 10
0.0
 20
0.0
 30
0.0
 70
   128
 71
   -40
 72
    43
 73
    39
 74
    39
  0
VERTEX
  5
B49
330
A9E
100
AcDbEntity
  8
2
 62
    28
100
AcDbFaceRecord
 10
0.0
 20
0.0
 30
0.0
 70
   128
 71
    39
 72
    43
 73
   -44
 74
   -44
  0
VERTEX
  5
B4A
330
A9E
100
AcDbEntity
  8
2
 62
    28
100
AcDbFaceRecord
 10
0.0
 20
0.0
 30
0.0
 70
   128
 71
   -39
 72
    44
 73
    38
 74
    38
  0
VERTEX
  5
B4B
330
A9E
100
AcDbEntity
  8
2
 62
    28
100
AcDbFaceRecord
 10
0.0
 20
0.0
 30
0.0
 70
   128
 71
    38
 72
    44
 73
   -45
 74
   -45
  0
VERTEX
  5
B4C
330
A9E
100
AcDbEntity
  8
2
 62
    28
100
AcDbFaceRecord
 10
0.0
 20
0.0
 30
0.0
 70
   128
 71
   -38
 72
    45
 73
    37
 74
    37
  0
VERTEX
  5
B4D
330
A9E
100
AcDbEntity
  8
2
 62
    28
100
AcDbFaceRecord
 10
0.0
 20
0.0
 30
0.0
 70
   128
 71
    37
 72
    45
 73
   -46
 74
   -46
  0
VERTEX
  5
B4E
330
A9E
100
AcDbEntity
  8
2
 62
    28
100
AcDbFaceRecord
 10
0.0
 20
0.0
 30
0.0
 70
   128
 71
   -37
 72
    46
 73
    36
 74
    36
  0
VERTEX
  5
B4F
330
A9E
100
AcDbEntity
  8
2
 62
    28
100
AcDbFaceRecord
 10
0.0
 20
0.0
 30
0.0
 70
   128
 71
    36
 72
    46
 73
   -47
 74
   -47
  0
VERTEX
  5
B50
330
A9E
100
AcDbEntity
  8
2
 62
    28
100
AcDbFaceRecord
 10
0.0
 20
0.0
 30
0.0
 70
   128
 71
   -36
 72
    47
 73
    35
 74
    35
  0
VERTEX
  5
B51
330
A9E
100
AcDbEntity
  8
2
 62
    28
100
AcDbFaceRecord
 10
0.0
 20
0.0
 30
0.0
 70
   128
 71
    35
 72
    47
 73
   -48
 74
   -48
  0
VERTEX
  5
B52
330
A9E
100
AcDbEntity
  8
2
 62
    28
100
AcDbFaceRecord
 10
0.0
 20
0.0
 30
0.0
 70
   128
 71
   -35
 72
    48
 73
    33
 74
    33
  0
VERTEX
  5
B53
330
A9E
100
AcDbEntity
  8
2
 62
    28
100
AcDbFaceRecord
 10
0.0
 20
0.0
 30
0.0
 70
   128
 71
    33
 72
    48
 73
   -41
 74
   -41
  0
VERTEX
  5
B54
330
A9E
100
AcDbEntity
  8
2
 62
    28
100
AcDbFaceRecord
 10
0.0
 20
0.0
 30
0.0
 70
   128
 71
   -33
 72
    41
 73
    34
 74
    34
  0
VERTEX
  5
B55
330
A9E
100
AcDbEntity
  8
2
 62
    28
100
AcDbFaceRecord
 10
0.0
 20
0.0
 30
0.0
 70
   128
 71
    41
 72
    49
 73
   -50
 74
   -50
  0
VERTEX
  5
B56
330
A9E
100
AcDbEntity
  8
2
 62
    28
100
AcDbFaceRecord
 10
0.0
 20
0.0
 30
0.0
 70
   128
 71
   -41
 72
    50
 73
    42
 74
    42
  0
VERTEX
  5
B57
330
A9E
100
AcDbEntity
  8
2
 62
    28
100
AcDbFaceRecord
 10
0.0
 20
0.0
 30
0.0
 70
   128
 71
    42
 72
    50
 73
   -51
 74
   -51
  0
VERTEX
  5
B58
330
A9E
100
AcDbEntity
  8
2
 62
    28
100
AcDbFaceRecord
 10
0.0
 20
0.0
 30
0.0
 70
   128
 71
   -42
 72
    51
 73
    43
 74
    43
  0
VERTEX
  5
B59
330
A9E
100
AcDbEntity
  8
2
 62
    28
100
AcDbFaceRecord
 10
0.0
 20
0.0
 30
0.0
 70
   128
 71
    43
 72
    51
 73
   -52
 74
   -52
  0
VERTEX
  5
B5A
330
A9E
100
AcDbEntity
  8
2
 62
    28
100
AcDbFaceRecord
 10
0.0
 20
0.0
 30
0.0
 70
   128
 71
   -43
 72
    52
 73
    44
 74
    44
  0
VERTEX
  5
B5B
330
A9E
100
AcDbEntity
  8
2
 62
    28
100
AcDbFaceRecord
 10
0.0
 20
0.0
 30
0.0
 70
   128
 71
    44
 72
    52
 73
   -53
 74
   -53
  0
VERTEX
  5
B5C
330
A9E
100
AcDbEntity
  8
2
 62
    28
100
AcDbFaceRecord
 10
0.0
 20
0.0
 30
0.0
 70
   128
 71
   -44
 72
    53
 73
    45
 74
    45
  0
VERTEX
  5
B5D
330
A9E
100
AcDbEntity
  8
2
 62
    28
100
AcDbFaceRecord
 10
0.0
 20
0.0
 30
0.0
 70
   128
 71
    45
 72
    53
 73
   -54
 74
   -54
  0
VERTEX
  5
B5E
330
A9E
100
AcDbEntity
  8
2
 62
    28
100
AcDbFaceRecord
 10
0.0
 20
0.0
 30
0.0
 70
   128
 71
   -45
 72
    54
 73
    46
 74
    46
  0
VERTEX
  5
B5F
330
A9E
100
AcDbEntity
  8
2
 62
    28
100
AcDbFaceRecord
 10
0.0
 20
0.0
 30
0.0
 70
   128
 71
    46
 72
    54
 73
   -55
 74
   -55
  0
VERTEX
  5
B60
330
A9E
100
AcDbEntity
  8
2
 62
    28
100
AcDbFaceRecord
 10
0.0
 20
0.0
 30
0.0
 70
   128
 71
   -46
 72
    55
 73
    47
 74
    47
  0
VERTEX
  5
B61
330
A9E
100
AcDbEntity
  8
2
 62
    28
100
AcDbFaceRecord
 10
0.0
 20
0.0
 30
0.0
 70
   128
 71
    47
 72
    55
 73
   -56
 74
   -56
  0
VERTEX
  5
B62
330
A9E
100
AcDbEntity
  8
2
 62
    28
100
AcDbFaceRecord
 10
0.0
 20
0.0
 30
0.0
 70
   128
 71
   -47
 72
    56
 73
    48
 74
    48
  0
VERTEX
  5
B63
330
A9E
100
AcDbEntity
  8
2
 62
    28
100
AcDbFaceRecord
 10
0.0
 20
0.0
 30
0.0
 70
   128
 71
    48
 72
    56
 73
   -49
 74
   -49
  0
VERTEX
  5
B64
330
A9E
100
AcDbEntity
  8
2
 62
    28
100
AcDbFaceRecord
 10
0.0
 20
0.0
 30
0.0
 70
   128
 71
   -48
 72
    49
 73
    41
 74
    41
  0
VERTEX
  5
B65
330
A9E
100
AcDbEntity
  8
2
 62
    28
100
AcDbFaceRecord
 10
0.0
 20
0.0
 30
0.0
 70
   128
 71
    49
 72
    57
 73
   -58
 74
   -58
  0
VERTEX
  5
B66
330
A9E
100
AcDbEntity
  8
2
 62
    28
100
AcDbFaceRecord
 10
0.0
 20
0.0
 30
0.0
 70
   128
 71
   -49
 72
    58
 73
    50
 74
    50
  0
VERTEX
  5
B67
330
A9E
100
AcDbEntity
  8
2
 62
    28
100
AcDbFaceRecord
 10
0.0
 20
0.0
 30
0.0
 70
   128
 71
    50
 72
    58
 73
   -59
 74
   -59
  0
VERTEX
  5
B68
330
A9E
100
AcDbEntity
  8
2
 62
    28
100
AcDbFaceRecord
 10
0.0
 20
0.0
 30
0.0
 70
   128
 71
   -50
 72
    59
 73
    51
 74
    51
  0
VERTEX
  5
B69
330
A9E
100
AcDbEntity
  8
2
 62
    28
100
AcDbFaceRecord
 10
0.0
 20
0.0
 30
0.0
 70
   128
 71
    51
 72
    59
 73
   -60
 74
   -60
  0
VERTEX
  5
B6A
330
A9E
100
AcDbEntity
  8
2
 62
    28
100
AcDbFaceRecord
 10
0.0
 20
0.0
 30
0.0
 70
   128
 71
   -51
 72
    60
 73
    52
 74
    52
  0
VERTEX
  5
B6B
330
A9E
100
AcDbEntity
  8
2
 62
    28
100
AcDbFaceRecord
 10
0.0
 20
0.0
 30
0.0
 70
   128
 71
    52
 72
    60
 73
   -61
 74
   -61
  0
VERTEX
  5
B6C
330
A9E
100
AcDbEntity
  8
2
 62
    28
100
AcDbFaceRecord
 10
0.0
 20
0.0
 30
0.0
 70
   128
 71
   -52
 72
    61
 73
    53
 74
    53
  0
VERTEX
  5
B6D
330
A9E
100
AcDbEntity
  8
2
 62
    28
100
AcDbFaceRecord
 10
0.0
 20
0.0
 30
0.0
 70
   128
 71
    53
 72
    61
 73
   -62
 74
   -62
  0
VERTEX
  5
B6E
330
A9E
100
AcDbEntity
  8
2
 62
    28
100
AcDbFaceRecord
 10
0.0
 20
0.0
 30
0.0
 70
   128
 71
   -53
 72
    62
 73
    54
 74
    54
  0
VERTEX
  5
B6F
330
A9E
100
AcDbEntity
  8
2
 62
    28
100
AcDbFaceRecord
 10
0.0
 20
0.0
 30
0.0
 70
   128
 71
    54
 72
    62
 73
   -63
 74
   -63
  0
VERTEX
  5
B70
330
A9E
100
AcDbEntity
  8
2
 62
    28
100
AcDbFaceRecord
 10
0.0
 20
0.0
 30
0.0
 70
   128
 71
   -54
 72
    63
 73
    55
 74
    55
  0
VERTEX
  5
B71
330
A9E
100
AcDbEntity
  8
2
 62
    28
100
AcDbFaceRecord
 10
0.0
 20
0.0
 30
0.0
 70
   128
 71
    55
 72
    63
 73
   -64
 74
   -64
  0
VERTEX
  5
B72
330
A9E
100
AcDbEntity
  8
2
 62
    28
100
AcDbFaceRecord
 10
0.0
 20
0.0
 30
0.0
 70
   128
 71
   -55
 72
    64
 73
    56
 74
    56
  0
VERTEX
  5
B73
330
A9E
100
AcDbEntity
  8
2
 62
    28
100
AcDbFaceRecord
 10
0.0
 20
0.0
 30
0.0
 70
   128
 71
    56
 72
    64
 73
   -57
 74
   -57
  0
VERTEX
  5
B74
330
A9E
100
AcDbEntity
  8
2
 62
    28
100
AcDbFaceRecord
 10
0.0
 20
0.0
 30
0.0
 70
   128
 71
   -56
 72
    57
 73
    49
 74
    49
  0
VERTEX
  5
B75
330
A9E
100
AcDbEntity
  8
2
 62
    28
100
AcDbFaceRecord
 10
0.0
 20
0.0
 30
0.0
 70
   128
 71
    57
 72
    65
 73
   -66
 74
   -66
  0
VERTEX
  5
B76
330
A9E
100
AcDbEntity
  8
2
 62
    28
100
AcDbFaceRecord
 10
0.0
 20
0.0
 30
0.0
 70
   128
 71
   -57
 72
    66
 73
    58
 74
    58
  0
VERTEX
  5
B77
330
A9E
100
AcDbEntity
  8
2
 62
    28
100
AcDbFaceRecord
 10
0.0
 20
0.0
 30
0.0
 70
   128
 71
    58
 72
    66
 73
   -67
 74
   -67
  0
VERTEX
  5
B78
330
A9E
100
AcDbEntity
  8
2
 62
    28
100
AcDbFaceRecord
 10
0.0
 20
0.0
 30
0.0
 70
   128
 71
   -58
 72
    67
 73
    59
 74
    59
  0
VERTEX
  5
B79
330
A9E
100
AcDbEntity
  8
2
 62
    28
100
AcDbFaceRecord
 10
0.0
 20
0.0
 30
0.0
 70
   128
 71
    59
 72
    67
 73
   -68
 74
   -68
  0
VERTEX
  5
B7A
330
A9E
100
AcDbEntity
  8
2
 62
    28
100
AcDbFaceRecord
 10
0.0
 20
0.0
 30
0.0
 70
   128
 71
   -59
 72
    68
 73
    60
 74
    60
  0
VERTEX
  5
B7B
330
A9E
100
AcDbEntity
  8
2
 62
    28
100
AcDbFaceRecord
 10
0.0
 20
0.0
 30
0.0
 70
   128
 71
    60
 72
    68
 73
   -69
 74
   -69
  0
VERTEX
  5
B7C
330
A9E
100
AcDbEntity
  8
2
 62
    28
100
AcDbFaceRecord
 10
0.0
 20
0.0
 30
0.0
 70
   128
 71
   -60
 72
    69
 73
    61
 74
    61
  0
VERTEX
  5
B7D
330
A9E
100
AcDbEntity
  8
2
 62
    28
100
AcDbFaceRecord
 10
0.0
 20
0.0
 30
0.0
 70
   128
 71
    61
 72
    69
 73
   -70
 74
   -70
  0
VERTEX
  5
B7E
330
A9E
100
AcDbEntity
  8
2
 62
    28
100
AcDbFaceRecord
 10
0.0
 20
0.0
 30
0.0
 70
   128
 71
   -61
 72
    70
 73
    62
 74
    62
  0
VERTEX
  5
B7F
330
A9E
100
AcDbEntity
  8
2
 62
    28
100
AcDbFaceRecord
 10
0.0
 20
0.0
 30
0.0
 70
   128
 71
    62
 72
    70
 73
   -71
 74
   -71
  0
VERTEX
  5
B80
330
A9E
100
AcDbEntity
  8
2
 62
    28
100
AcDbFaceRecord
 10
0.0
 20
0.0
 30
0.0
 70
   128
 71
   -62
 72
    71
 73
    63
 74
    63
  0
VERTEX
  5
B81
330
A9E
100
AcDbEntity
  8
2
 62
    28
100
AcDbFaceRecord
 10
0.0
 20
0.0
 30
0.0
 70
   128
 71
    63
 72
    71
 73
   -72
 74
   -72
  0
VERTEX
  5
B82
330
A9E
100
AcDbEntity
  8
2
 62
    28
100
AcDbFaceRecord
 10
0.0
 20
0.0
 30
0.0
 70
   128
 71
   -63
 72
    72
 73
    64
 74
    64
  0
VERTEX
  5
B83
330
A9E
100
AcDbEntity
  8
2
 62
    28
100
AcDbFaceRecord
 10
0.0
 20
0.0
 30
0.0
 70
   128
 71
    64
 72
    72
 73
   -65
 74
   -65
  0
VERTEX
  5
B84
330
A9E
100
AcDbEntity
  8
2
 62
    28
100
AcDbFaceRecord
 10
0.0
 20
0.0
 30
0.0
 70
   128
 71
   -64
 72
    65
 73
    57
 74
    57
  0
VERTEX
  5
B85
330
A9E
100
AcDbEntity
  8
2
 62
    28
100
AcDbFaceRecord
 10
0.0
 20
0.0
 30
0.0
 70
   128
 71
    73
 72
    74
 73
   -68
 74
   -68
  0
VERTEX
  5
B86
330
A9E
100
AcDbEntity
  8
2
 62
    28
100
AcDbFaceRecord
 10
0.0
 20
0.0
 30
0.0
 70
   128
 71
   -73
 72
    68
 73
    67
 74
    67
  0
VERTEX
  5
B87
330
A9E
100
AcDbEntity
  8
2
 62
    28
100
AcDbFaceRecord
 10
0.0
 20
0.0
 30
0.0
 70
   128
 71
    74
 72
    75
 73
   -69
 74
   -69
  0
VERTEX
  5
B88
330
A9E
100
AcDbEntity
  8
2
 62
    28
100
AcDbFaceRecord
 10
0.0
 20
0.0
 30
0.0
 70
   128
 71
   -74
 72
    69
 73
    68
 74
    68
  0
VERTEX
  5
B89
330
A9E
100
AcDbEntity
  8
2
 62
    28
100
AcDbFaceRecord
 10
0.0
 20
0.0
 30
0.0
 70
   128
 71
    75
 72
    76
 73
   -70
 74
   -70
  0
VERTEX
  5
B8A
330
A9E
100
AcDbEntity
  8
2
 62
    28
100
AcDbFaceRecord
 10
0.0
 20
0.0
 30
0.0
 70
   128
 71
   -75
 72
    70
 73
    69
 74
    69
  0
VERTEX
  5
B8B
330
A9E
100
AcDbEntity
  8
2
 62
    28
100
AcDbFaceRecord
 10
0.0
 20
0.0
 30
0.0
 70
   128
 71
    76
 72
    77
 73
   -71
 74
   -71
  0
VERTEX
  5
B8C
330
A9E
100
AcDbEntity
  8
2
 62
    28
100
AcDbFaceRecord
 10
0.0
 20
0.0
 30
0.0
 70
   128
 71
   -76
 72
    71
 73
    70
 74
    70
  0
VERTEX
  5
B8D
330
A9E
100
AcDbEntity
  8
2
 62
    28
100
AcDbFaceRecord
 10
0.0
 20
0.0
 30
0.0
 70
   128
 71
    77
 72
    78
 73
   -72
 74
   -72
  0
VERTEX
  5
B8E
330
A9E
100
AcDbEntity
  8
2
 62
    28
100
AcDbFaceRecord
 10
0.0
 20
0.0
 30
0.0
 70
   128
 71
   -77
 72
    72
 73
    71
 74
    71
  0
VERTEX
  5
B8F
330
A9E
100
AcDbEntity
  8
2
 62
    28
100
AcDbFaceRecord
 10
0.0
 20
0.0
 30
0.0
 70
   128
 71
    78
 72
    79
 73
   -65
 74
   -65
  0
VERTEX
  5
B90
330
A9E
100
AcDbEntity
  8
2
 62
    28
100
AcDbFaceRecord
 10
0.0
 20
0.0
 30
0.0
 70
   128
 71
   -78
 72
    65
 73
    72
 74
    72
  0
VERTEX
  5
B91
330
A9E
100
AcDbEntity
  8
2
 62
    28
100
AcDbFaceRecord
 10
0.0
 20
0.0
 30
0.0
 70
   128
 71
    79
 72
    80
 73
   -66
 74
   -66
  0
VERTEX
  5
B92
330
A9E
100
AcDbEntity
  8
2
 62
    28
100
AcDbFaceRecord
 10
0.0
 20
0.0
 30
0.0
 70
   128
 71
   -79
 72
    66
 73
    65
 74
    65
  0
VERTEX
  5
B93
330
A9E
100
AcDbEntity
  8
2
 62
    28
100
AcDbFaceRecord
 10
0.0
 20
0.0
 30
0.0
 70
   128
 71
    80
 72
    73
 73
   -67
 74
   -67
  0
VERTEX
  5
B94
330
A9E
100
AcDbEntity
  8
2
 62
    28
100
AcDbFaceRecord
 10
0.0
 20
0.0
 30
0.0
 70
   128
 71
   -80
 72
    67
 73
    66
 74
    66
  0
VERTEX
  5
B95
330
A9E
100
AcDbEntity
  8
2
 62
    28
100
AcDbFaceRecord
 10
0.0
 20
0.0
 30
0.0
 70
   128
 71
    81
 72
    82
 73
   -74
 74
   -74
  0
VERTEX
  5
B96
330
A9E
100
AcDbEntity
  8
2
 62
    28
100
AcDbFaceRecord
 10
0.0
 20
0.0
 30
0.0
 70
   128
 71
   -81
 72
    74
 73
    73
 74
    73
  0
VERTEX
  5
B97
330
A9E
100
AcDbEntity
  8
2
 62
    28
100
AcDbFaceRecord
 10
0.0
 20
0.0
 30
0.0
 70
   128
 71
    82
 72
    83
 73
   -75
 74
   -75
  0
VERTEX
  5
B98
330
A9E
100
AcDbEntity
  8
2
 62
    28
100
AcDbFaceRecord
 10
0.0
 20
0.0
 30
0.0
 70
   128
 71
   -82
 72
    75
 73
    74
 74
    74
  0
VERTEX
  5
B99
330
A9E
100
AcDbEntity
  8
2
 62
    28
100
AcDbFaceRecord
 10
0.0
 20
0.0
 30
0.0
 70
   128
 71
    83
 72
    84
 73
   -76
 74
   -76
  0
VERTEX
  5
B9A
330
A9E
100
AcDbEntity
  8
2
 62
    28
100
AcDbFaceRecord
 10
0.0
 20
0.0
 30
0.0
 70
   128
 71
   -83
 72
    76
 73
    75
 74
    75
  0
VERTEX
  5
B9B
330
A9E
100
AcDbEntity
  8
2
 62
    28
100
AcDbFaceRecord
 10
0.0
 20
0.0
 30
0.0
 70
   128
 71
    84
 72
    85
 73
   -77
 74
   -77
  0
VERTEX
  5
B9C
330
A9E
100
AcDbEntity
  8
2
 62
    28
100
AcDbFaceRecord
 10
0.0
 20
0.0
 30
0.0
 70
   128
 71
   -84
 72
    77
 73
    76
 74
    76
  0
VERTEX
  5
B9D
330
A9E
100
AcDbEntity
  8
2
 62
    28
100
AcDbFaceRecord
 10
0.0
 20
0.0
 30
0.0
 70
   128
 71
    85
 72
    86
 73
   -78
 74
   -78
  0
VERTEX
  5
B9E
330
A9E
100
AcDbEntity
  8
2
 62
    28
100
AcDbFaceRecord
 10
0.0
 20
0.0
 30
0.0
 70
   128
 71
   -85
 72
    78
 73
    77
 74
    77
  0
VERTEX
  5
B9F
330
A9E
100
AcDbEntity
  8
2
 62
    28
100
AcDbFaceRecord
 10
0.0
 20
0.0
 30
0.0
 70
   128
 71
    86
 72
    87
 73
   -79
 74
   -79
  0
VERTEX
  5
BA0
330
A9E
100
AcDbEntity
  8
2
 62
    28
100
AcDbFaceRecord
 10
0.0
 20
0.0
 30
0.0
 70
   128
 71
   -86
 72
    79
 73
    78
 74
    78
  0
VERTEX
  5
BA1
330
A9E
100
AcDbEntity
  8
2
 62
    28
100
AcDbFaceRecord
 10
0.0
 20
0.0
 30
0.0
 70
   128
 71
    87
 72
    88
 73
   -80
 74
   -80
  0
VERTEX
  5
BA2
330
A9E
100
AcDbEntity
  8
2
 62
    28
100
AcDbFaceRecord
 10
0.0
 20
0.0
 30
0.0
 70
   128
 71
   -87
 72
    80
 73
    79
 74
    79
  0
VERTEX
  5
BA3
330
A9E
100
AcDbEntity
  8
2
 62
    28
100
AcDbFaceRecord
 10
0.0
 20
0.0
 30
0.0
 70
   128
 71
    88
 72
    81
 73
   -73
 74
   -73
  0
VERTEX
  5
BA4
330
A9E
100
AcDbEntity
  8
2
 62
    28
100
AcDbFaceRecord
 10
0.0
 20
0.0
 30
0.0
 70
   128
 71
   -88
 72
    73
 73
    80
 74
    80
  0
VERTEX
  5
BA5
330
A9E
100
AcDbEntity
  8
2
 62
    28
100
AcDbFaceRecord
 10
0.0
 20
0.0
 30
0.0
 70
   128
 71
    89
 72
    90
 73
   -82
 74
   -82
  0
VERTEX
  5
BA6
330
A9E
100
AcDbEntity
  8
2
 62
    28
100
AcDbFaceRecord
 10
0.0
 20
0.0
 30
0.0
 70
   128
 71
   -89
 72
    82
 73
    81
 74
    81
  0
VERTEX
  5
BA7
330
A9E
100
AcDbEntity
  8
2
 62
    28
100
AcDbFaceRecord
 10
0.0
 20
0.0
 30
0.0
 70
   128
 71
    90
 72
    91
 73
   -83
 74
   -83
  0
VERTEX
  5
BA8
330
A9E
100
AcDbEntity
  8
2
 62
    28
100
AcDbFaceRecord
 10
0.0
 20
0.0
 30
0.0
 70
   128
 71
   -90
 72
    83
 73
    82
 74
    82
  0
VERTEX
  5
BA9
330
A9E
100
AcDbEntity
  8
2
 62
    28
100
AcDbFaceRecord
 10
0.0
 20
0.0
 30
0.0
 70
   128
 71
    91
 72
    92
 73
   -84
 74
   -84
  0
VERTEX
  5
BAA
330
A9E
100
AcDbEntity
  8
2
 62
    28
100
AcDbFaceRecord
 10
0.0
 20
0.0
 30
0.0
 70
   128
 71
   -91
 72
    84
 73
    83
 74
    83
  0
VERTEX
  5
BAB
330
A9E
100
AcDbEntity
  8
2
 62
    28
100
AcDbFaceRecord
 10
0.0
 20
0.0
 30
0.0
 70
   128
 71
    92
 72
    93
 73
   -85
 74
   -85
  0
VERTEX
  5
BAC
330
A9E
100
AcDbEntity
  8
2
 62
    28
100
AcDbFaceRecord
 10
0.0
 20
0.0
 30
0.0
 70
   128
 71
   -92
 72
    85
 73
    84
 74
    84
  0
VERTEX
  5
BAD
330
A9E
100
AcDbEntity
  8
2
 62
    28
100
AcDbFaceRecord
 10
0.0
 20
0.0
 30
0.0
 70
   128
 71
    93
 72
    94
 73
   -86
 74
   -86
  0
VERTEX
  5
BAE
330
A9E
100
AcDbEntity
  8
2
 62
    28
100
AcDbFaceRecord
 10
0.0
 20
0.0
 30
0.0
 70
   128
 71
   -93
 72
    86
 73
    85
 74
    85
  0
VERTEX
  5
BAF
330
A9E
100
AcDbEntity
  8
2
 62
    28
100
AcDbFaceRecord
 10
0.0
 20
0.0
 30
0.0
 70
   128
 71
    94
 72
    95
 73
   -87
 74
   -87
  0
VERTEX
  5
BB0
330
A9E
100
AcDbEntity
  8
2
 62
    28
100
AcDbFaceRecord
 10
0.0
 20
0.0
 30
0.0
 70
   128
 71
   -94
 72
    87
 73
    86
 74
    86
  0
VERTEX
  5
BB1
330
A9E
100
AcDbEntity
  8
2
 62
    28
100
AcDbFaceRecord
 10
0.0
 20
0.0
 30
0.0
 70
   128
 71
    95
 72
    96
 73
   -88
 74
   -88
  0
VERTEX
  5
BB2
330
A9E
100
AcDbEntity
  8
2
 62
    28
100
AcDbFaceRecord
 10
0.0
 20
0.0
 30
0.0
 70
   128
 71
   -95
 72
    88
 73
    87
 74
    87
  0
VERTEX
  5
BB3
330
A9E
100
AcDbEntity
  8
2
 62
    28
100
AcDbFaceRecord
 10
0.0
 20
0.0
 30
0.0
 70
   128
 71
    96
 72
    89
 73
   -81
 74
   -81
  0
VERTEX
  5
BB4
330
A9E
100
AcDbEntity
  8
2
 62
    28
100
AcDbFaceRecord
 10
0.0
 20
0.0
 30
0.0
 70
   128
 71
   -96
 72
    81
 73
    88
 74
    88
  0
VERTEX
  5
BB5
330
A9E
100
AcDbEntity
  8
2
 62
    28
100
AcDbFaceRecord
 10
0.0
 20
0.0
 30
0.0
 70
   128
 71
   -90
 72
    92
 73
    91
 74
    91
  0
VERTEX
  5
BB6
330
A9E
100
AcDbEntity
  8
2
 62
    28
100
AcDbFaceRecord
 10
0.0
 20
0.0
 30
0.0
 70
   128
 71
   -92
 72
   -90
 73
    93
 74
    93
  0
VERTEX
  5
BB7
330
A9E
100
AcDbEntity
  8
2
 62
    28
100
AcDbFaceRecord
 10
0.0
 20
0.0
 30
0.0
 70
   128
 71
   -93
 72
    90
 73
   -89
 74
   -89
  0
VERTEX
  5
BB8
330
A9E
100
AcDbEntity
  8
2
 62
    28
100
AcDbFaceRecord
 10
0.0
 20
0.0
 30
0.0
 70
   128
 71
   -93
 72
   -89
 73
    94
 74
    94
  0
VERTEX
  5
BB9
330
A9E
100
AcDbEntity
  8
2
 62
    28
100
AcDbFaceRecord
 10
0.0
 20
0.0
 30
0.0
 70
   128
 71
   -94
 72
    89
 73
   -96
 74
   -96
  0
VERTEX
  5
BBA
330
A9E
100
AcDbEntity
  8
2
 62
    28
100
AcDbFaceRecord
 10
0.0
 20
0.0
 30
0.0
 70
   128
 71
   -94
 72
    96
 73
    95
 74
    95
  0
SEQEND
  5
BBB
330
A9E
100
AcDbEntity
  8
2
 62
    28
  0
POLYLINE
  5
BBC
330
1F
100
AcDbEntity
  8
99
 62
   251
420
  6710886
100
AcDbPolyFaceMesh
 66
     1
 10
0.0
 20
0.0
 30
0.0
 70
    64
 71
    88
 72
   172
1001
TeklaStructures
1000
ID
1000
127648381
  0
VERTEX
  5
BBD
330
BBC
100
AcDbEntity
  8
99
 62
   251
100
AcDbVertex
100
AcDbPolyFaceMeshVertex
 10
33130.00131938309
 20
9664.994688839726
 30
22229.99974799947
 70
   192
  0
VERTEX
  5
BBE
330
BBC
100
AcDbEntity
  8
99
 62
   251
100
AcDbVertex
100
AcDbPolyFaceMeshVertex
 10
32470.00138041651
 20
9664.996554839357
 30
22229.99974799947
 70
   192
  0
VERTEX
  5
BBF
330
BBC
100
AcDbEntity
  8
99
 62
   251
100
AcDbVertex
100
AcDbPolyFaceMeshVertex
 10
32470.00138041651
 20
9664.996554839357
 30
22209.99974799947
 70
   192
  0
VERTEX
  5
BC0
330
BBC
100
AcDbEntity
  8
99
 62
   251
100
AcDbVertex
100
AcDbPolyFaceMeshVertex
 10
33130.00131938309
 20
9664.994688839726
 30
22209.99974799947
 70
   192
  0
VERTEX
  5
BC1
330
BBC
100
AcDbEntity
  8
99
 62
   251
100
AcDbVertex
100
AcDbPolyFaceMeshVertex
 10
32469.5704567269
 20
9659.521348962491
 30
22229.99974799947
 70
   192
  0
VERTEX
  5
BC2
330
BBC
100
AcDbEntity
  8
99
 62
   251
100
AcDbVertex
100
AcDbPolyFaceMeshVertex
 10
32469.5704567269
 20
9659.521348962491
 30
22209.99974799947
 70
   192
  0
VERTEX
  5
BC3
330
BBC
100
AcDbEntity
  8
99
 62
   251
100
AcDbVertex
100
AcDbPolyFaceMeshVertex
 10
32468.28832739441
 20
9654.18096330148
 30
22229.99974799947
 70
   192
  0
VERTEX
  5
BC4
330
BBC
100
AcDbEntity
  8
99
 62
   251
100
AcDbVertex
100
AcDbPolyFaceMeshVertex
 10
32468.28832739441
 20
9654.18096330148
 30
22209.99974799947
 70
   192
  0
VERTEX
  5
BC5
330
BBC
100
AcDbEntity
  8
99
 62
   251
100
AcDbVertex
100
AcDbPolyFaceMeshVertex
 10
32466.18656270721
 20
9649.106895915913
 30
22229.99974799947
 70
   192
  0
VERTEX
  5
BC6
330
BBC
100
AcDbEntity
  8
99
 62
   251
100
AcDbVertex
100
AcDbPolyFaceMeshVertex
 10
32466.18656270721
 20
9649.106895915913
 30
22209.99974799947
 70
   192
  0
VERTEX
  5
BC7
330
BBC
100
AcDbEntity
  8
99
 62
   251
100
AcDbVertex
100
AcDbPolyFaceMeshVertex
 10
32463.31691510286
 20
9644.424087222365
 30
22229.99974799947
 70
   192
  0
VERTEX
  5
BC8
330
BBC
100
AcDbEntity
  8
99
 62
   251
100
AcDbVertex
100
AcDbPolyFaceMeshVertex
 10
32463.31691510286
 20
9644.424087222365
 30
22209.99974799947
 70
   192
  0
VERTEX
  5
BC9
330
BBC
100
AcDbEntity
  8
99
 62
   251
100
AcDbVertex
100
AcDbPolyFaceMeshVertex
 10
32459.75004485049
 20
9640.24784354695
 30
22229.99974799947
 70
   192
  0
VERTEX
  5
BCA
330
BBC
100
AcDbEntity
  8
99
 62
   251
100
AcDbVertex
100
AcDbPolyFaceMeshVertex
 10
32459.75004485049
 20
9640.24784354695
 30
22209.99974799947
 70
   192
  0
VERTEX
  5
BCB
330
BBC
100
AcDbEntity
  8
99
 62
   251
100
AcDbVertex
100
AcDbPolyFaceMeshVertex
 10
32455.57378015995
 20
9636.680997900134
 30
22229.99974799947
 70
   192
  0
VERTEX
  5
BCC
330
BBC
100
AcDbEntity
  8
99
 62
   251
100
AcDbVertex
100
AcDbPolyFaceMeshVertex
 10
32455.57378015995
 20
9636.680997900134
 30
22209.99974799947
 70
   192
  0
VERTEX
  5
BCD
330
BBC
100
AcDbEntity
  8
99
 62
   251
100
AcDbVertex
100
AcDbPolyFaceMeshVertex
 10
32450.89095455914
 20
9633.811377885891
 30
22229.99974799947
 70
   192
  0
VERTEX
  5
BCE
330
BBC
100
AcDbEntity
  8
99
 62
   251
100
AcDbVertex
100
AcDbPolyFaceMeshVertex
 10
32450.89095455914
 20
9633.811377885891
 30
22209.99974799947
 70
   192
  0
VERTEX
  5
BCF
330
BBC
100
AcDbEntity
  8
99
 62
   251
100
AcDbVertex
100
AcDbPolyFaceMeshVertex
 10
32445.81687479052
 20
9631.709643093998
 30
22229.99974799947
 70
   192
  0
VERTEX
  5
BD0
330
BBC
100
AcDbEntity
  8
99
 62
   251
100
AcDbVertex
100
AcDbPolyFaceMeshVertex
 10
32445.81687479052
 20
9631.709643093998
 30
22209.99974799947
 70
   192
  0
VERTEX
  5
BD1
330
BBC
100
AcDbEntity
  8
99
 62
   251
100
AcDbVertex
100
AcDbPolyFaceMeshVertex
 10
32440.47648157557
 20
9630.427545225875
 30
22229.99974799947
 70
   192
  0
VERTEX
  5
BD2
330
BBC
100
AcDbEntity
  8
99
 62
   251
100
AcDbVertex
100
AcDbPolyFaceMeshVertex
 10
32440.47648157557
 20
9630.427545225875
 30
22209.99974799947
 70
   192
  0
VERTEX
  5
BD3
330
BBC
100
AcDbEntity
  8
99
 62
   251
100
AcDbVertex
100
AcDbPolyFaceMeshVertex
 10
32435.0012731591
 20
9629.996653794056
 30
22229.99974799947
 70
   192
  0
VERTEX
  5
BD4
330
BBC
100
AcDbEntity
  8
99
 62
   251
100
AcDbVertex
100
AcDbPolyFaceMeshVertex
 10
32435.0012731591
 20
9629.996653794056
 30
22209.99974799947
 70
   192
  0
VERTEX
  5
BD5
330
BBC
100
AcDbEntity
  8
99
 62
   251
100
AcDbVertex
100
AcDbPolyFaceMeshVertex
 10
32434.99986348835
 20
9169.996617377818
 30
22229.99974799947
 70
   192
  0
VERTEX
  5
BD6
330
BBC
100
AcDbEntity
  8
99
 62
   251
100
AcDbVertex
100
AcDbPolyFaceMeshVertex
 10
32434.99986348835
 20
9169.996617377818
 30
22209.99974799947
 70
   192
  0
VERTEX
  5
BD7
330
BBC
100
AcDbEntity
  8
99
 62
   251
100
AcDbVertex
100
AcDbPolyFaceMeshVertex
 10
32440.4750506881
 20
9169.565695336985
 30
22229.99974799947
 70
   192
  0
VERTEX
  5
BD8
330
BBC
100
AcDbEntity
  8
99
 62
   251
100
AcDbVertex
100
AcDbPolyFaceMeshVertex
 10
32440.4750506881
 20
9169.565695336985
 30
22209.99974799947
 70
   192
  0
VERTEX
  5
BD9
330
BBC
100
AcDbEntity
  8
99
 62
   251
100
AcDbVertex
100
AcDbPolyFaceMeshVertex
 10
32445.81541884649
 20
9168.283573419423
 30
22229.99974799947
 70
   192
  0
VERTEX
  5
BDA
330
BBC
100
AcDbEntity
  8
99
 62
   251
100
AcDbVertex
100
AcDbPolyFaceMeshVertex
 10
32445.81541884649
 20
9168.283573419423
 30
22209.99974799947
 70
   192
  0
VERTEX
  5
BDB
330
BBC
100
AcDbEntity
  8
99
 62
   251
100
AcDbVertex
100
AcDbPolyFaceMeshVertex
 10
32450.8894712343
 20
9166.181821520535
 30
22229.99974799947
 70
   192
  0
VERTEX
  5
BDC
330
BBC
100
AcDbEntity
  8
99
 62
   251
100
AcDbVertex
100
AcDbPolyFaceMeshVertex
 10
32450.8894712343
 20
9166.181821520535
 30
22209.99974799947
 70
   192
  0
VERTEX
  5
BDD
330
BBC
100
AcDbEntity
  8
99
 62
   251
100
AcDbVertex
100
AcDbPolyFaceMeshVertex
 10
32455.57226865735
 20
9163.31219140963
 30
22229.99974799947
 70
   192
  0
VERTEX
  5
BDE
330
BBC
100
AcDbEntity
  8
99
 62
   251
100
AcDbVertex
100
AcDbPolyFaceMeshVertex
 10
32455.57226865735
 20
9163.31219140963
 30
22209.99974799947
 70
   192
  0
VERTEX
  5
BDF
330
BBC
100
AcDbEntity
  8
99
 62
   251
100
AcDbVertex
100
AcDbPolyFaceMeshVertex
 10
32459.74850585431
 20
9159.745342442635
 30
22229.99974799947
 70
   192
  0
VERTEX
  5
BE0
330
BBC
100
AcDbEntity
  8
99
 62
   251
100
AcDbVertex
100
AcDbPolyFaceMeshVertex
 10
32459.74850585431
 20
9159.745342442635
 30
22209.99974799947
 70
   192
  0
VERTEX
  5
BE1
330
BBC
100
AcDbEntity
  8
99
 62
   251
100
AcDbVertex
100
AcDbPolyFaceMeshVertex
 10
32463.3153506764
 20
9155.569101705589
 30
22229.99974799947
 70
   192
  0
VERTEX
  5
BE2
330
BBC
100
AcDbEntity
  8
99
 62
   251
100
AcDbVertex
100
AcDbPolyFaceMeshVertex
 10
32463.3153506764
 20
9155.569101705589
 30
22209.99974799947
 70
   192
  0
VERTEX
  5
BE3
330
BBC
100
AcDbEntity
  8
99
 62
   251
100
AcDbVertex
100
AcDbPolyFaceMeshVertex
 10
32466.18497613963
 20
9150.886301434453
 30
22229.99974799947
 70
   192
  0
VERTEX
  5
BE4
330
BBC
100
AcDbEntity
  8
99
 62
   251
100
AcDbVertex
100
AcDbPolyFaceMeshVertex
 10
32466.18497613963
 20
9150.886301434453
 30
22209.99974799947
 70
   192
  0
VERTEX
  5
BE5
330
BBC
100
AcDbEntity
  8
99
 62
   251
100
AcDbVertex
100
AcDbPolyFaceMeshVertex
 10
32468.28672300252
 20
9145.812246960673
 30
22229.99974799947
 70
   192
  0
VERTEX
  5
BE6
330
BBC
100
AcDbEntity
  8
99
 62
   251
100
AcDbVertex
100
AcDbPolyFaceMeshVertex
 10
32468.28672300252
 20
9145.812246960673
 30
22209.99974799947
 70
   192
  0
VERTEX
  5
BE7
330
BBC
100
AcDbEntity
  8
99
 62
   251
100
AcDbVertex
100
AcDbPolyFaceMeshVertex
 10
32469.56883961978
 20
9140.471877529795
 30
22229.99974799947
 70
   192
  0
VERTEX
  5
BE8
330
BBC
100
AcDbEntity
  8
99
 62
   251
100
AcDbVertex
100
AcDbPolyFaceMeshVertex
 10
32469.56883961978
 20
9140.471877529795
 30
22209.99974799947
 70
   192
  0
VERTEX
  5
BE9
330
BBC
100
AcDbEntity
  8
99
 62
   251
100
AcDbVertex
100
AcDbPolyFaceMeshVertex
 10
32469.99975623072
 20
9134.996689898002
 30
22229.99974799947
 70
   192
  0
VERTEX
  5
BEA
330
BBC
100
AcDbEntity
  8
99
 62
   251
100
AcDbVertex
100
AcDbPolyFaceMeshVertex
 10
32469.99975623072
 20
9134.996689898002
 30
22209.99974799947
 70
   192
  0
VERTEX
  5
BEB
330
BBC
100
AcDbEntity
  8
99
 62
   251
100
AcDbVertex
100
AcDbPolyFaceMeshVertex
 10
33129.99798623506
 20
9134.998057414714
 30
22229.99974799947
 70
   192
  0
VERTEX
  5
BEC
330
BBC
100
AcDbEntity
  8
99
 62
   251
100
AcDbVertex
100
AcDbPolyFaceMeshVertex
 10
33129.99798623506
 20
9134.998057414714
 30
22209.99974799947
 70
   192
  0
VERTEX
  5
BED
330
BBC
100
AcDbEntity
  8
99
 62
   251
100
AcDbVertex
100
AcDbPolyFaceMeshVertex
 10
33130.42888754841
 20
9140.473293490708
 30
22229.99974799947
 70
   192
  0
VERTEX
  5
BEE
330
BBC
100
AcDbEntity
  8
99
 62
   251
100
AcDbVertex
100
AcDbPolyFaceMeshVertex
 10
33130.42888754841
 20
9140.473293490708
 30
22209.99974799947
 70
   192
  0
VERTEX
  5
BEF
330
BBC
100
AcDbEntity
  8
99
 62
   251
100
AcDbVertex
100
AcDbPolyFaceMeshVertex
 10
33131.7110038416
 20
9145.81371143319
 30
22229.99974799947
 70
   192
  0
VERTEX
  5
BF0
330
BBC
100
AcDbEntity
  8
99
 62
   251
100
AcDbVertex
100
AcDbPolyFaceMeshVertex
 10
33131.7110038416
 20
9145.81371143319
 30
22209.99974799947
 70
   192
  0
VERTEX
  5
BF1
330
BBC
100
AcDbEntity
  8
99
 62
   251
100
AcDbVertex
100
AcDbPolyFaceMeshVertex
 10
33133.81276482206
 20
9150.887811035154
 30
22229.99974799947
 70
   192
  0
VERTEX
  5
BF2
330
BBC
100
AcDbEntity
  8
99
 62
   251
100
AcDbVertex
100
AcDbPolyFaceMeshVertex
 10
33133.81276482206
 20
9150.887811035154
 30
22209.99974799947
 70
   192
  0
VERTEX
  5
BF3
330
BBC
100
AcDbEntity
  8
99
 62
   251
100
AcDbVertex
100
AcDbPolyFaceMeshVertex
 10
33136.6824176093
 20
9155.570649797104
 30
22229.99974799947
 70
   192
  0
VERTEX
  5
BF4
330
BBC
100
AcDbEntity
  8
99
 62
   251
100
AcDbVertex
100
AcDbPolyFaceMeshVertex
 10
33136.6824176093
 20
9155.570649797104
 30
22209.99974799947
 70
   192
  0
VERTEX
  5
BF5
330
BBC
100
AcDbEntity
  8
99
 62
   251
100
AcDbVertex
100
AcDbPolyFaceMeshVertex
 10
33140.24930107719
 20
9159.746919462268
 30
22229.99974799947
 70
   192
  0
VERTEX
  5
BF6
330
BBC
100
AcDbEntity
  8
99
 62
   251
100
AcDbVertex
100
AcDbPolyFaceMeshVertex
 10
33140.24930107719
 20
9159.746919462268
 30
22209.99974799947
 70
   192
  0
VERTEX
  5
BF7
330
BBC
100
AcDbEntity
  8
99
 62
   251
100
AcDbVertex
100
AcDbPolyFaceMeshVertex
 10
33144.42558578388
 20
9163.313785318784
 30
22229.99974799947
 70
   192
  0
VERTEX
  5
BF8
330
BBC
100
AcDbEntity
  8
99
 62
   251
100
AcDbVertex
100
AcDbPolyFaceMeshVertex
 10
33144.42558578388
 20
9163.313785318784
 30
22209.99974799947
 70
   192
  0
VERTEX
  5
BF9
330
BBC
100
AcDbEntity
  8
99
 62
   251
100
AcDbVertex
100
AcDbPolyFaceMeshVertex
 10
33149.10843664713
 20
9166.18341835846
 30
22229.99974799947
 70
   192
  0
VERTEX
  5
BFA
330
BBC
100
AcDbEntity
  8
99
 62
   251
100
AcDbVertex
100
AcDbPolyFaceMeshVertex
 10
33149.10843664713
 20
9166.18341835846
 30
22209.99974799947
 70
   192
  0
VERTEX
  5
BFB
330
BBC
100
AcDbEntity
  8
99
 62
   251
100
AcDbVertex
100
AcDbPolyFaceMeshVertex
 10
33154.18254511219
 20
9168.28515794141
 30
22229.99974799947
 70
   192
  0
VERTEX
  5
BFC
330
BBC
100
AcDbEntity
  8
99
 62
   251
100
AcDbVertex
100
AcDbPolyFaceMeshVertex
 10
33154.18254511219
 20
9168.28515794141
 30
22209.99974799947
 70
   192
  0
VERTEX
  5
BFD
330
BBC
100
AcDbEntity
  8
99
 62
   251
100
AcDbVertex
100
AcDbPolyFaceMeshVertex
 10
33159.52296846133
 20
9169.567251714054
 30
22229.99974799947
 70
   192
  0
VERTEX
  5
BFE
330
BBC
100
AcDbEntity
  8
99
 62
   251
100
AcDbVertex
100
AcDbPolyFaceMeshVertex
 10
33159.52296846133
 20
9169.567251714054
 30
22209.99974799947
 70
   192
  0
VERTEX
  5
BFF
330
BBC
100
AcDbEntity
  8
99
 62
   251
100
AcDbVertex
100
AcDbPolyFaceMeshVertex
 10
33164.99820635
 20
9169.998129934043
 30
22229.99974799947
 70
   192
  0
VERTEX
  5
C00
330
BBC
100
AcDbEntity
  8
99
 62
   251
100
AcDbVertex
100
AcDbPolyFaceMeshVertex
 10
33164.99820635
 20
9169.998129934043
 30
22209.99974799947
 70
   192
  0
VERTEX
  5
C01
330
BBC
100
AcDbEntity
  8
99
 62
   251
100
AcDbVertex
100
AcDbPolyFaceMeshVertex
 10
33165.00109926794
 20
9629.994589885884
 30
22229.99974799947
 70
   192
  0
VERTEX
  5
C02
330
BBC
100
AcDbEntity
  8
99
 62
   251
100
AcDbVertex
100
AcDbPolyFaceMeshVertex
 10
33165.00109926794
 20
9629.994589885884
 30
22209.99974799947
 70
   192
  0
VERTEX
  5
C03
330
BBC
100
AcDbEntity
  8
99
 62
   251
100
AcDbVertex
100
AcDbPolyFaceMeshVertex
 10
33159.52590766859
 20
9630.425530503262
 30
22229.99974799947
 70
   192
  0
VERTEX
  5
C04
330
BBC
100
AcDbEntity
  8
99
 62
   251
100
AcDbVertex
100
AcDbPolyFaceMeshVertex
 10
33159.52590766859
 20
9630.425530503262
 30
22209.99974799947
 70
   192
  0
VERTEX
  5
C05
330
BBC
100
AcDbEntity
  8
99
 62
   251
100
AcDbVertex
100
AcDbPolyFaceMeshVertex
 10
33154.18553828436
 20
9631.707672346622
 30
22229.99974799947
 70
   192
  0
VERTEX
  5
C06
330
BBC
100
AcDbEntity
  8
99
 62
   251
100
AcDbVertex
100
AcDbPolyFaceMeshVertex
 10
33154.18553828436
 20
9631.707672346622
 30
22209.99974799947
 70
   192
  0
VERTEX
  5
C07
330
BBC
100
AcDbEntity
  8
99
 62
   251
100
AcDbVertex
100
AcDbPolyFaceMeshVertex
 10
33149.11148815487
 20
9633.809444967535
 30
22229.99974799947
 70
   192
  0
VERTEX
  5
C08
330
BBC
100
AcDbEntity
  8
99
 62
   251
100
AcDbVertex
100
AcDbPolyFaceMeshVertex
 10
33149.11148815487
 20
9633.809444967535
 30
22209.99974799947
 70
   192
  0
VERTEX
  5
C09
330
BBC
100
AcDbEntity
  8
99
 62
   251
100
AcDbVertex
100
AcDbPolyFaceMeshVertex
 10
33144.42869668457
 20
9636.679095976328
 30
22229.99974799947
 70
   192
  0
VERTEX
  5
C0A
330
BBC
100
AcDbEntity
  8
99
 62
   251
100
AcDbVertex
100
AcDbPolyFaceMeshVertex
 10
33144.42869668457
 20
9636.679095976328
 30
22209.99974799947
 70
   192
  0
VERTEX
  5
C0B
330
BBC
100
AcDbEntity
  8
99
 62
   251
100
AcDbVertex
100
AcDbPolyFaceMeshVertex
 10
33140.25246923357
 20
9640.245965352147
 30
22229.99974799947
 70
   192
  0
VERTEX
  5
C0C
330
BBC
100
AcDbEntity
  8
99
 62
   251
100
AcDbVertex
100
AcDbPolyFaceMeshVertex
 10
33140.25246923357
 20
9640.245965352147
 30
22209.99974799947
 70
   192
  0
VERTEX
  5
C0D
330
BBC
100
AcDbEntity
  8
99
 62
   251
100
AcDbVertex
100
AcDbPolyFaceMeshVertex
 10
33136.68563792952
 20
9644.422225319506
 30
22229.99974799947
 70
   192
  0
VERTEX
  5
C0E
330
BBC
100
AcDbEntity
  8
99
 62
   251
100
AcDbVertex
100
AcDbPolyFaceMeshVertex
 10
33136.68563792952
 20
9644.422225319506
 30
22209.99974799947
 70
   192
  0
VERTEX
  5
C0F
330
BBC
100
AcDbEntity
  8
99
 62
   251
100
AcDbVertex
100
AcDbPolyFaceMeshVertex
 10
33133.81602961044
 20
9649.105042950114
 30
22229.99974799947
 70
   192
  0
VERTEX
  5
C10
330
BBC
100
AcDbEntity
  8
99
 62
   251
100
AcDbVertex
100
AcDbPolyFaceMeshVertex
 10
33133.81602961044
 20
9649.105042950114
 30
22209.99974799947
 70
   192
  0
VERTEX
  5
C11
330
BBC
100
AcDbEntity
  8
99
 62
   251
100
AcDbVertex
100
AcDbPolyFaceMeshVertex
 10
33131.71430324603
 20
9654.179112239703
 30
22229.99974799947
 70
   192
  0
VERTEX
  5
C12
330
BBC
100
AcDbEntity
  8
99
 62
   251
100
AcDbVertex
100
AcDbPolyFaceMeshVertex
 10
33131.71430324603
 20
9654.179112239703
 30
22209.99974799947
 70
   192
  0
VERTEX
  5
C13
330
BBC
100
AcDbEntity
  8
99
 62
   251
100
AcDbVertex
100
AcDbPolyFaceMeshVertex
 10
33130.43221008699
 20
9659.519493312053
 30
22229.99974799947
 70
   192
  0
VERTEX
  5
C14
330
BBC
100
AcDbEntity
  8
99
 62
   251
100
AcDbVertex
100
AcDbPolyFaceMeshVertex
 10
33130.43221008699
 20
9659.519493312053
 30
22209.99974799947
 70
   192
  0
VERTEX
  5
C15
330
BBC
100
AcDbEntity
  8
99
 62
   251
100
AcDbFaceRecord
 10
0.0
 20
0.0
 30
0.0
 70
   128
 71
     1
 72
     2
 73
    -3
 74
    -3
  0
VERTEX
  5
C16
330
BBC
100
AcDbEntity
  8
99
 62
   251
100
AcDbFaceRecord
 10
0.0
 20
0.0
 30
0.0
 70
   128
 71
    -1
 72
     3
 73
     4
 74
     4
  0
VERTEX
  5
C17
330
BBC
100
AcDbEntity
  8
99
 62
   251
100
AcDbFaceRecord
 10
0.0
 20
0.0
 30
0.0
 70
   128
 71
     2
 72
     5
 73
    -6
 74
    -6
  0
VERTEX
  5
C18
330
BBC
100
AcDbEntity
  8
99
 62
   251
100
AcDbFaceRecord
 10
0.0
 20
0.0
 30
0.0
 70
   128
 71
    -2
 72
     6
 73
     3
 74
     3
  0
VERTEX
  5
C19
330
BBC
100
AcDbEntity
  8
99
 62
   251
100
AcDbFaceRecord
 10
0.0
 20
0.0
 30
0.0
 70
   128
 71
     5
 72
     7
 73
    -8
 74
    -8
  0
VERTEX
  5
C1A
330
BBC
100
AcDbEntity
  8
99
 62
   251
100
AcDbFaceRecord
 10
0.0
 20
0.0
 30
0.0
 70
   128
 71
    -5
 72
     8
 73
     6
 74
     6
  0
VERTEX
  5
C1B
330
BBC
100
AcDbEntity
  8
99
 62
   251
100
AcDbFaceRecord
 10
0.0
 20
0.0
 30
0.0
 70
   128
 71
     7
 72
     9
 73
   -10
 74
   -10
  0
VERTEX
  5
C1C
330
BBC
100
AcDbEntity
  8
99
 62
   251
100
AcDbFaceRecord
 10
0.0
 20
0.0
 30
0.0
 70
   128
 71
    -7
 72
    10
 73
     8
 74
     8
  0
VERTEX
  5
C1D
330
BBC
100
AcDbEntity
  8
99
 62
   251
100
AcDbFaceRecord
 10
0.0
 20
0.0
 30
0.0
 70
   128
 71
     9
 72
    11
 73
   -12
 74
   -12
  0
VERTEX
  5
C1E
330
BBC
100
AcDbEntity
  8
99
 62
   251
100
AcDbFaceRecord
 10
0.0
 20
0.0
 30
0.0
 70
   128
 71
    -9
 72
    12
 73
    10
 74
    10
  0
VERTEX
  5
C1F
330
BBC
100
AcDbEntity
  8
99
 62
   251
100
AcDbFaceRecord
 10
0.0
 20
0.0
 30
0.0
 70
   128
 71
    11
 72
    13
 73
   -14
 74
   -14
  0
VERTEX
  5
C20
330
BBC
100
AcDbEntity
  8
99
 62
   251
100
AcDbFaceRecord
 10
0.0
 20
0.0
 30
0.0
 70
   128
 71
   -11
 72
    14
 73
    12
 74
    12
  0
VERTEX
  5
C21
330
BBC
100
AcDbEntity
  8
99
 62
   251
100
AcDbFaceRecord
 10
0.0
 20
0.0
 30
0.0
 70
   128
 71
    13
 72
    15
 73
   -16
 74
   -16
  0
VERTEX
  5
C22
330
BBC
100
AcDbEntity
  8
99
 62
   251
100
AcDbFaceRecord
 10
0.0
 20
0.0
 30
0.0
 70
   128
 71
   -13
 72
    16
 73
    14
 74
    14
  0
VERTEX
  5
C23
330
BBC
100
AcDbEntity
  8
99
 62
   251
100
AcDbFaceRecord
 10
0.0
 20
0.0
 30
0.0
 70
   128
 71
    15
 72
    17
 73
   -18
 74
   -18
  0
VERTEX
  5
C24
330
BBC
100
AcDbEntity
  8
99
 62
   251
100
AcDbFaceRecord
 10
0.0
 20
0.0
 30
0.0
 70
   128
 71
   -15
 72
    18
 73
    16
 74
    16
  0
VERTEX
  5
C25
330
BBC
100
AcDbEntity
  8
99
 62
   251
100
AcDbFaceRecord
 10
0.0
 20
0.0
 30
0.0
 70
   128
 71
    17
 72
    19
 73
   -20
 74
   -20
  0
VERTEX
  5
C26
330
BBC
100
AcDbEntity
  8
99
 62
   251
100
AcDbFaceRecord
 10
0.0
 20
0.0
 30
0.0
 70
   128
 71
   -17
 72
    20
 73
    18
 74
    18
  0
VERTEX
  5
C27
330
BBC
100
AcDbEntity
  8
99
 62
   251
100
AcDbFaceRecord
 10
0.0
 20
0.0
 30
0.0
 70
   128
 71
    19
 72
    21
 73
   -22
 74
   -22
  0
VERTEX
  5
C28
330
BBC
100
AcDbEntity
  8
99
 62
   251
100
AcDbFaceRecord
 10
0.0
 20
0.0
 30
0.0
 70
   128
 71
   -19
 72
    22
 73
    20
 74
    20
  0
VERTEX
  5
C29
330
BBC
100
AcDbEntity
  8
99
 62
   251
100
AcDbFaceRecord
 10
0.0
 20
0.0
 30
0.0
 70
   128
 71
    21
 72
    23
 73
   -24
 74
   -24
  0
VERTEX
  5
C2A
330
BBC
100
AcDbEntity
  8
99
 62
   251
100
AcDbFaceRecord
 10
0.0
 20
0.0
 30
0.0
 70
   128
 71
   -21
 72
    24
 73
    22
 74
    22
  0
VERTEX
  5
C2B
330
BBC
100
AcDbEntity
  8
99
 62
   251
100
AcDbFaceRecord
 10
0.0
 20
0.0
 30
0.0
 70
   128
 71
    23
 72
    25
 73
   -26
 74
   -26
  0
VERTEX
  5
C2C
330
BBC
100
AcDbEntity
  8
99
 62
   251
100
AcDbFaceRecord
 10
0.0
 20
0.0
 30
0.0
 70
   128
 71
   -23
 72
    26
 73
    24
 74
    24
  0
VERTEX
  5
C2D
330
BBC
100
AcDbEntity
  8
99
 62
   251
100
AcDbFaceRecord
 10
0.0
 20
0.0
 30
0.0
 70
   128
 71
    25
 72
    27
 73
   -28
 74
   -28
  0
VERTEX
  5
C2E
330
BBC
100
AcDbEntity
  8
99
 62
   251
100
AcDbFaceRecord
 10
0.0
 20
0.0
 30
0.0
 70
   128
 71
   -25
 72
    28
 73
    26
 74
    26
  0
VERTEX
  5
C2F
330
BBC
100
AcDbEntity
  8
99
 62
   251
100
AcDbFaceRecord
 10
0.0
 20
0.0
 30
0.0
 70
   128
 71
    27
 72
    29
 73
   -30
 74
   -30
  0
VERTEX
  5
C30
330
BBC
100
AcDbEntity
  8
99
 62
   251
100
AcDbFaceRecord
 10
0.0
 20
0.0
 30
0.0
 70
   128
 71
   -27
 72
    30
 73
    28
 74
    28
  0
VERTEX
  5
C31
330
BBC
100
AcDbEntity
  8
99
 62
   251
100
AcDbFaceRecord
 10
0.0
 20
0.0
 30
0.0
 70
   128
 71
    29
 72
    31
 73
   -32
 74
   -32
  0
VERTEX
  5
C32
330
BBC
100
AcDbEntity
  8
99
 62
   251
100
AcDbFaceRecord
 10
0.0
 20
0.0
 30
0.0
 70
   128
 71
   -29
 72
    32
 73
    30
 74
    30
  0
VERTEX
  5
C33
330
BBC
100
AcDbEntity
  8
99
 62
   251
100
AcDbFaceRecord
 10
0.0
 20
0.0
 30
0.0
 70
   128
 71
    31
 72
    33
 73
   -34
 74
   -34
  0
VERTEX
  5
C34
330
BBC
100
AcDbEntity
  8
99
 62
   251
100
AcDbFaceRecord
 10
0.0
 20
0.0
 30
0.0
 70
   128
 71
   -31
 72
    34
 73
    32
 74
    32
  0
VERTEX
  5
C35
330
BBC
100
AcDbEntity
  8
99
 62
   251
100
AcDbFaceRecord
 10
0.0
 20
0.0
 30
0.0
 70
   128
 71
    33
 72
    35
 73
   -36
 74
   -36
  0
VERTEX
  5
C36
330
BBC
100
AcDbEntity
  8
99
 62
   251
100
AcDbFaceRecord
 10
0.0
 20
0.0
 30
0.0
 70
   128
 71
   -33
 72
    36
 73
    34
 74
    34
  0
VERTEX
  5
C37
330
BBC
100
AcDbEntity
  8
99
 62
   251
100
AcDbFaceRecord
 10
0.0
 20
0.0
 30
0.0
 70
   128
 71
    35
 72
    37
 73
   -38
 74
   -38
  0
VERTEX
  5
C38
330
BBC
100
AcDbEntity
  8
99
 62
   251
100
AcDbFaceRecord
 10
0.0
 20
0.0
 30
0.0
 70
   128
 71
   -35
 72
    38
 73
    36
 74
    36
  0
VERTEX
  5
C39
330
BBC
100
AcDbEntity
  8
99
 62
   251
100
AcDbFaceRecord
 10
0.0
 20
0.0
 30
0.0
 70
   128
 71
    37
 72
    39
 73
   -40
 74
   -40
  0
VERTEX
  5
C3A
330
BBC
100
AcDbEntity
  8
99
 62
   251
100
AcDbFaceRecord
 10
0.0
 20
0.0
 30
0.0
 70
   128
 71
   -37
 72
    40
 73
    38
 74
    38
  0
VERTEX
  5
C3B
330
BBC
100
AcDbEntity
  8
99
 62
   251
100
AcDbFaceRecord
 10
0.0
 20
0.0
 30
0.0
 70
   128
 71
    39
 72
    41
 73
   -42
 74
   -42
  0
VERTEX
  5
C3C
330
BBC
100
AcDbEntity
  8
99
 62
   251
100
AcDbFaceRecord
 10
0.0
 20
0.0
 30
0.0
 70
   128
 71
   -39
 72
    42
 73
    40
 74
    40
  0
VERTEX
  5
C3D
330
BBC
100
AcDbEntity
  8
99
 62
   251
100
AcDbFaceRecord
 10
0.0
 20
0.0
 30
0.0
 70
   128
 71
    41
 72
    43
 73
   -44
 74
   -44
  0
VERTEX
  5
C3E
330
BBC
100
AcDbEntity
  8
99
 62
   251
100
AcDbFaceRecord
 10
0.0
 20
0.0
 30
0.0
 70
   128
 71
   -41
 72
    44
 73
    42
 74
    42
  0
VERTEX
  5
C3F
330
BBC
100
AcDbEntity
  8
99
 62
   251
100
AcDbFaceRecord
 10
0.0
 20
0.0
 30
0.0
 70
   128
 71
    43
 72
    45
 73
   -46
 74
   -46
  0
VERTEX
  5
C40
330
BBC
100
AcDbEntity
  8
99
 62
   251
100
AcDbFaceRecord
 10
0.0
 20
0.0
 30
0.0
 70
   128
 71
   -43
 72
    46
 73
    44
 74
    44
  0
VERTEX
  5
C41
330
BBC
100
AcDbEntity
  8
99
 62
   251
100
AcDbFaceRecord
 10
0.0
 20
0.0
 30
0.0
 70
   128
 71
    45
 72
    47
 73
   -48
 74
   -48
  0
VERTEX
  5
C42
330
BBC
100
AcDbEntity
  8
99
 62
   251
100
AcDbFaceRecord
 10
0.0
 20
0.0
 30
0.0
 70
   128
 71
   -45
 72
    48
 73
    46
 74
    46
  0
VERTEX
  5
C43
330
BBC
100
AcDbEntity
  8
99
 62
   251
100
AcDbFaceRecord
 10
0.0
 20
0.0
 30
0.0
 70
   128
 71
    47
 72
    49
 73
   -50
 74
   -50
  0
VERTEX
  5
C44
330
BBC
100
AcDbEntity
  8
99
 62
   251
100
AcDbFaceRecord
 10
0.0
 20
0.0
 30
0.0
 70
   128
 71
   -47
 72
    50
 73
    48
 74
    48
  0
VERTEX
  5
C45
330
BBC
100
AcDbEntity
  8
99
 62
   251
100
AcDbFaceRecord
 10
0.0
 20
0.0
 30
0.0
 70
   128
 71
    49
 72
    51
 73
   -52
 74
   -52
  0
VERTEX
  5
C46
330
BBC
100
AcDbEntity
  8
99
 62
   251
100
AcDbFaceRecord
 10
0.0
 20
0.0
 30
0.0
 70
   128
 71
   -49
 72
    52
 73
    50
 74
    50
  0
VERTEX
  5
C47
330
BBC
100
AcDbEntity
  8
99
 62
   251
100
AcDbFaceRecord
 10
0.0
 20
0.0
 30
0.0
 70
   128
 71
    51
 72
    53
 73
   -54
 74
   -54
  0
VERTEX
  5
C48
330
BBC
100
AcDbEntity
  8
99
 62
   251
100
AcDbFaceRecord
 10
0.0
 20
0.0
 30
0.0
 70
   128
 71
   -51
 72
    54
 73
    52
 74
    52
  0
VERTEX
  5
C49
330
BBC
100
AcDbEntity
  8
99
 62
   251
100
AcDbFaceRecord
 10
0.0
 20
0.0
 30
0.0
 70
   128
 71
    53
 72
    55
 73
   -56
 74
   -56
  0
VERTEX
  5
C4A
330
BBC
100
AcDbEntity
  8
99
 62
   251
100
AcDbFaceRecord
 10
0.0
 20
0.0
 30
0.0
 70
   128
 71
   -53
 72
    56
 73
    54
 74
    54
  0
VERTEX
  5
C4B
330
BBC
100
AcDbEntity
  8
99
 62
   251
100
AcDbFaceRecord
 10
0.0
 20
0.0
 30
0.0
 70
   128
 71
    55
 72
    57
 73
   -58
 74
   -58
  0
VERTEX
  5
C4C
330
BBC
100
AcDbEntity
  8
99
 62
   251
100
AcDbFaceRecord
 10
0.0
 20
0.0
 30
0.0
 70
   128
 71
   -55
 72
    58
 73
    56
 74
    56
  0
VERTEX
  5
C4D
330
BBC
100
AcDbEntity
  8
99
 62
   251
100
AcDbFaceRecord
 10
0.0
 20
0.0
 30
0.0
 70
   128
 71
    57
 72
    59
 73
   -60
 74
   -60
  0
VERTEX
  5
C4E
330
BBC
100
AcDbEntity
  8
99
 62
   251
100
AcDbFaceRecord
 10
0.0
 20
0.0
 30
0.0
 70
   128
 71
   -57
 72
    60
 73
    58
 74
    58
  0
VERTEX
  5
C4F
330
BBC
100
AcDbEntity
  8
99
 62
   251
100
AcDbFaceRecord
 10
0.0
 20
0.0
 30
0.0
 70
   128
 71
    59
 72
    61
 73
   -62
 74
   -62
  0
VERTEX
  5
C50
330
BBC
100
AcDbEntity
  8
99
 62
   251
100
AcDbFaceRecord
 10
0.0
 20
0.0
 30
0.0
 70
   128
 71
   -59
 72
    62
 73
    60
 74
    60
  0
VERTEX
  5
C51
330
BBC
100
AcDbEntity
  8
99
 62
   251
100
AcDbFaceRecord
 10
0.0
 20
0.0
 30
0.0
 70
   128
 71
    61
 72
    63
 73
   -64
 74
   -64
  0
VERTEX
  5
C52
330
BBC
100
AcDbEntity
  8
99
 62
   251
100
AcDbFaceRecord
 10
0.0
 20
0.0
 30
0.0
 70
   128
 71
   -61
 72
    64
 73
    62
 74
    62
  0
VERTEX
  5
C53
330
BBC
100
AcDbEntity
  8
99
 62
   251
100
AcDbFaceRecord
 10
0.0
 20
0.0
 30
0.0
 70
   128
 71
    63
 72
    65
 73
   -66
 74
   -66
  0
VERTEX
  5
C54
330
BBC
100
AcDbEntity
  8
99
 62
   251
100
AcDbFaceRecord
 10
0.0
 20
0.0
 30
0.0
 70
   128
 71
   -63
 72
    66
 73
    64
 74
    64
  0
VERTEX
  5
C55
330
BBC
100
AcDbEntity
  8
99
 62
   251
100
AcDbFaceRecord
 10
0.0
 20
0.0
 30
0.0
 70
   128
 71
    65
 72
    67
 73
   -68
 74
   -68
  0
VERTEX
  5
C56
330
BBC
100
AcDbEntity
  8
99
 62
   251
100
AcDbFaceRecord
 10
0.0
 20
0.0
 30
0.0
 70
   128
 71
   -65
 72
    68
 73
    66
 74
    66
  0
VERTEX
  5
C57
330
BBC
100
AcDbEntity
  8
99
 62
   251
100
AcDbFaceRecord
 10
0.0
 20
0.0
 30
0.0
 70
   128
 71
    67
 72
    69
 73
   -70
 74
   -70
  0
VERTEX
  5
C58
330
BBC
100
AcDbEntity
  8
99
 62
   251
100
AcDbFaceRecord
 10
0.0
 20
0.0
 30
0.0
 70
   128
 71
   -67
 72
    70
 73
    68
 74
    68
  0
VERTEX
  5
C59
330
BBC
100
AcDbEntity
  8
99
 62
   251
100
AcDbFaceRecord
 10
0.0
 20
0.0
 30
0.0
 70
   128
 71
    69
 72
    71
 73
   -72
 74
   -72
  0
VERTEX
  5
C5A
330
BBC
100
AcDbEntity
  8
99
 62
   251
100
AcDbFaceRecord
 10
0.0
 20
0.0
 30
0.0
 70
   128
 71
   -69
 72
    72
 73
    70
 74
    70
  0
VERTEX
  5
C5B
330
BBC
100
AcDbEntity
  8
99
 62
   251
100
AcDbFaceRecord
 10
0.0
 20
0.0
 30
0.0
 70
   128
 71
    71
 72
    73
 73
   -74
 74
   -74
  0
VERTEX
  5
C5C
330
BBC
100
AcDbEntity
  8
99
 62
   251
100
AcDbFaceRecord
 10
0.0
 20
0.0
 30
0.0
 70
   128
 71
   -71
 72
    74
 73
    72
 74
    72
  0
VERTEX
  5
C5D
330
BBC
100
AcDbEntity
  8
99
 62
   251
100
AcDbFaceRecord
 10
0.0
 20
0.0
 30
0.0
 70
   128
 71
    73
 72
    75
 73
   -76
 74
   -76
  0
VERTEX
  5
C5E
330
BBC
100
AcDbEntity
  8
99
 62
   251
100
AcDbFaceRecord
 10
0.0
 20
0.0
 30
0.0
 70
   128
 71
   -73
 72
    76
 73
    74
 74
    74
  0
VERTEX
  5
C5F
330
BBC
100
AcDbEntity
  8
99
 62
   251
100
AcDbFaceRecord
 10
0.0
 20
0.0
 30
0.0
 70
   128
 71
    75
 72
    77
 73
   -78
 74
   -78
  0
VERTEX
  5
C60
330
BBC
100
AcDbEntity
  8
99
 62
   251
100
AcDbFaceRecord
 10
0.0
 20
0.0
 30
0.0
 70
   128
 71
   -75
 72
    78
 73
    76
 74
    76
  0
VERTEX
  5
C61
330
BBC
100
AcDbEntity
  8
99
 62
   251
100
AcDbFaceRecord
 10
0.0
 20
0.0
 30
0.0
 70
   128
 71
    77
 72
    79
 73
   -80
 74
   -80
  0
VERTEX
  5
C62
330
BBC
100
AcDbEntity
  8
99
 62
   251
100
AcDbFaceRecord
 10
0.0
 20
0.0
 30
0.0
 70
   128
 71
   -77
 72
    80
 73
    78
 74
    78
  0
VERTEX
  5
C63
330
BBC
100
AcDbEntity
  8
99
 62
   251
100
AcDbFaceRecord
 10
0.0
 20
0.0
 30
0.0
 70
   128
 71
    79
 72
    81
 73
   -82
 74
   -82
  0
VERTEX
  5
C64
330
BBC
100
AcDbEntity
  8
99
 62
   251
100
AcDbFaceRecord
 10
0.0
 20
0.0
 30
0.0
 70
   128
 71
   -79
 72
    82
 73
    80
 74
    80
  0
VERTEX
  5
C65
330
BBC
100
AcDbEntity
  8
99
 62
   251
100
AcDbFaceRecord
 10
0.0
 20
0.0
 30
0.0
 70
   128
 71
    81
 72
    83
 73
   -84
 74
   -84
  0
VERTEX
  5
C66
330
BBC
100
AcDbEntity
  8
99
 62
   251
100
AcDbFaceRecord
 10
0.0
 20
0.0
 30
0.0
 70
   128
 71
   -81
 72
    84
 73
    82
 74
    82
  0
VERTEX
  5
C67
330
BBC
100
AcDbEntity
  8
99
 62
   251
100
AcDbFaceRecord
 10
0.0
 20
0.0
 30
0.0
 70
   128
 71
    83
 72
    85
 73
   -86
 74
   -86
  0
VERTEX
  5
C68
330
BBC
100
AcDbEntity
  8
99
 62
   251
100
AcDbFaceRecord
 10
0.0
 20
0.0
 30
0.0
 70
   128
 71
   -83
 72
    86
 73
    84
 74
    84
  0
VERTEX
  5
C69
330
BBC
100
AcDbEntity
  8
99
 62
   251
100
AcDbFaceRecord
 10
0.0
 20
0.0
 30
0.0
 70
   128
 71
    85
 72
    87
 73
   -88
 74
   -88
  0
VERTEX
  5
C6A
330
BBC
100
AcDbEntity
  8
99
 62
   251
100
AcDbFaceRecord
 10
0.0
 20
0.0
 30
0.0
 70
   128
 71
   -85
 72
    88
 73
    86
 74
    86
  0
VERTEX
  5
C6B
330
BBC
100
AcDbEntity
  8
99
 62
   251
100
AcDbFaceRecord
 10
0.0
 20
0.0
 30
0.0
 70
   128
 71
    87
 72
     1
 73
    -4
 74
    -4
  0
VERTEX
  5
C6C
330
BBC
100
AcDbEntity
  8
99
 62
   251
100
AcDbFaceRecord
 10
0.0
 20
0.0
 30
0.0
 70
   128
 71
   -87
 72
     4
 73
    88
 74
    88
  0
VERTEX
  5
C6D
330
BBC
100
AcDbEntity
  8
99
 62
   251
100
AcDbFaceRecord
 10
0.0
 20
0.0
 30
0.0
 70
   128
 71
   -23
 72
    27
 73
    25
 74
    25
  0
VERTEX
  5
C6E
330
BBC
100
AcDbEntity
  8
99
 62
   251
100
AcDbFaceRecord
 10
0.0
 20
0.0
 30
0.0
 70
   128
 71
   -27
 72
    23
 73
   -21
 74
   -21
  0
VERTEX
  5
C6F
330
BBC
100
AcDbEntity
  8
99
 62
   251
100
AcDbFaceRecord
 10
0.0
 20
0.0
 30
0.0
 70
   128
 71
   -27
 72
   -21
 73
    29
 74
    29
  0
VERTEX
  5
C70
330
BBC
100
AcDbEntity
  8
99
 62
   251
100
AcDbFaceRecord
 10
0.0
 20
0.0
 30
0.0
 70
   128
 71
   -29
 72
    21
 73
   -19
 74
   -19
  0
VERTEX
  5
C71
330
BBC
100
AcDbEntity
  8
99
 62
   251
100
AcDbFaceRecord
 10
0.0
 20
0.0
 30
0.0
 70
   128
 71
   -29
 72
   -19
 73
    31
 74
    31
  0
VERTEX
  5
C72
330
BBC
100
AcDbEntity
  8
99
 62
   251
100
AcDbFaceRecord
 10
0.0
 20
0.0
 30
0.0
 70
   128
 71
   -31
 72
    19
 73
   -17
 74
   -17
  0
VERTEX
  5
C73
330
BBC
100
AcDbEntity
  8
99
 62
   251
100
AcDbFaceRecord
 10
0.0
 20
0.0
 30
0.0
 70
   128
 71
   -31
 72
   -17
 73
    33
 74
    33
  0
VERTEX
  5
C74
330
BBC
100
AcDbEntity
  8
99
 62
   251
100
AcDbFaceRecord
 10
0.0
 20
0.0
 30
0.0
 70
   128
 71
   -33
 72
    17
 73
   -15
 74
   -15
  0
VERTEX
  5
C75
330
BBC
100
AcDbEntity
  8
99
 62
   251
100
AcDbFaceRecord
 10
0.0
 20
0.0
 30
0.0
 70
   128
 71
   -33
 72
   -15
 73
    35
 74
    35
  0
VERTEX
  5
C76
330
BBC
100
AcDbEntity
  8
99
 62
   251
100
AcDbFaceRecord
 10
0.0
 20
0.0
 30
0.0
 70
   128
 71
   -35
 72
    15
 73
   -13
 74
   -13
  0
VERTEX
  5
C77
330
BBC
100
AcDbEntity
  8
99
 62
   251
100
AcDbFaceRecord
 10
0.0
 20
0.0
 30
0.0
 70
   128
 71
   -35
 72
   -13
 73
    37
 74
    37
  0
VERTEX
  5
C78
330
BBC
100
AcDbEntity
  8
99
 62
   251
100
AcDbFaceRecord
 10
0.0
 20
0.0
 30
0.0
 70
   128
 71
   -37
 72
    13
 73
   -11
 74
   -11
  0
VERTEX
  5
C79
330
BBC
100
AcDbEntity
  8
99
 62
   251
100
AcDbFaceRecord
 10
0.0
 20
0.0
 30
0.0
 70
   128
 71
   -37
 72
   -11
 73
    39
 74
    39
  0
VERTEX
  5
C7A
330
BBC
100
AcDbEntity
  8
99
 62
   251
100
AcDbFaceRecord
 10
0.0
 20
0.0
 30
0.0
 70
   128
 71
   -39
 72
    11
 73
    -9
 74
    -9
  0
VERTEX
  5
C7B
330
BBC
100
AcDbEntity
  8
99
 62
   251
100
AcDbFaceRecord
 10
0.0
 20
0.0
 30
0.0
 70
   128
 71
   -39
 72
    -9
 73
    41
 74
    41
  0
VERTEX
  5
C7C
330
BBC
100
AcDbEntity
  8
99
 62
   251
100
AcDbFaceRecord
 10
0.0
 20
0.0
 30
0.0
 70
   128
 71
   -41
 72
     9
 73
    -7
 74
    -7
  0
VERTEX
  5
C7D
330
BBC
100
AcDbEntity
  8
99
 62
   251
100
AcDbFaceRecord
 10
0.0
 20
0.0
 30
0.0
 70
   128
 71
   -41
 72
    -7
 73
    43
 74
    43
  0
VERTEX
  5
C7E
330
BBC
100
AcDbEntity
  8
99
 62
   251
100
AcDbFaceRecord
 10
0.0
 20
0.0
 30
0.0
 70
   128
 71
   -43
 72
     7
 73
    -5
 74
    -5
  0
VERTEX
  5
C7F
330
BBC
100
AcDbEntity
  8
99
 62
   251
100
AcDbFaceRecord
 10
0.0
 20
0.0
 30
0.0
 70
   128
 71
   -43
 72
    -5
 73
    45
 74
    45
  0
VERTEX
  5
C80
330
BBC
100
AcDbEntity
  8
99
 62
   251
100
AcDbFaceRecord
 10
0.0
 20
0.0
 30
0.0
 70
   128
 71
   -45
 72
     5
 73
    -2
 74
    -2
  0
VERTEX
  5
C81
330
BBC
100
AcDbEntity
  8
99
 62
   251
100
AcDbFaceRecord
 10
0.0
 20
0.0
 30
0.0
 70
   128
 71
   -45
 72
    -2
 73
    47
 74
    47
  0
VERTEX
  5
C82
330
BBC
100
AcDbEntity
  8
99
 62
   251
100
AcDbFaceRecord
 10
0.0
 20
0.0
 30
0.0
 70
   128
 71
   -47
 72
     2
 73
    -1
 74
    -1
  0
VERTEX
  5
C83
330
BBC
100
AcDbEntity
  8
99
 62
   251
100
AcDbFaceRecord
 10
0.0
 20
0.0
 30
0.0
 70
   128
 71
   -47
 72
    -1
 73
    49
 74
    49
  0
VERTEX
  5
C84
330
BBC
100
AcDbEntity
  8
99
 62
   251
100
AcDbFaceRecord
 10
0.0
 20
0.0
 30
0.0
 70
   128
 71
   -49
 72
     1
 73
   -87
 74
   -87
  0
VERTEX
  5
C85
330
BBC
100
AcDbEntity
  8
99
 62
   251
100
AcDbFaceRecord
 10
0.0
 20
0.0
 30
0.0
 70
   128
 71
   -49
 72
   -87
 73
    51
 74
    51
  0
VERTEX
  5
C86
330
BBC
100
AcDbEntity
  8
99
 62
   251
100
AcDbFaceRecord
 10
0.0
 20
0.0
 30
0.0
 70
   128
 71
   -51
 72
    87
 73
   -85
 74
   -85
  0
VERTEX
  5
C87
330
BBC
100
AcDbEntity
  8
99
 62
   251
100
AcDbFaceRecord
 10
0.0
 20
0.0
 30
0.0
 70
   128
 71
   -51
 72
   -85
 73
    53
 74
    53
  0
VERTEX
  5
C88
330
BBC
100
AcDbEntity
  8
99
 62
   251
100
AcDbFaceRecord
 10
0.0
 20
0.0
 30
0.0
 70
   128
 71
   -53
 72
    85
 73
   -83
 74
   -83
  0
VERTEX
  5
C89
330
BBC
100
AcDbEntity
  8
99
 62
   251
100
AcDbFaceRecord
 10
0.0
 20
0.0
 30
0.0
 70
   128
 71
   -53
 72
   -83
 73
    55
 74
    55
  0
VERTEX
  5
C8A
330
BBC
100
AcDbEntity
  8
99
 62
   251
100
AcDbFaceRecord
 10
0.0
 20
0.0
 30
0.0
 70
   128
 71
   -55
 72
    83
 73
   -81
 74
   -81
  0
VERTEX
  5
C8B
330
BBC
100
AcDbEntity
  8
99
 62
   251
100
AcDbFaceRecord
 10
0.0
 20
0.0
 30
0.0
 70
   128
 71
   -55
 72
   -81
 73
    57
 74
    57
  0
VERTEX
  5
C8C
330
BBC
100
AcDbEntity
  8
99
 62
   251
100
AcDbFaceRecord
 10
0.0
 20
0.0
 30
0.0
 70
   128
 71
   -57
 72
    81
 73
   -79
 74
   -79
  0
VERTEX
  5
C8D
330
BBC
100
AcDbEntity
  8
99
 62
   251
100
AcDbFaceRecord
 10
0.0
 20
0.0
 30
0.0
 70
   128
 71
   -57
 72
   -79
 73
    59
 74
    59
  0
VERTEX
  5
C8E
330
BBC
100
AcDbEntity
  8
99
 62
   251
100
AcDbFaceRecord
 10
0.0
 20
0.0
 30
0.0
 70
   128
 71
   -59
 72
    79
 73
   -77
 74
   -77
  0
VERTEX
  5
C8F
330
BBC
100
AcDbEntity
  8
99
 62
   251
100
AcDbFaceRecord
 10
0.0
 20
0.0
 30
0.0
 70
   128
 71
   -59
 72
   -77
 73
    61
 74
    61
  0
VERTEX
  5
C90
330
BBC
100
AcDbEntity
  8
99
 62
   251
100
AcDbFaceRecord
 10
0.0
 20
0.0
 30
0.0
 70
   128
 71
   -61
 72
    77
 73
   -75
 74
   -75
  0
VERTEX
  5
C91
330
BBC
100
AcDbEntity
  8
99
 62
   251
100
AcDbFaceRecord
 10
0.0
 20
0.0
 30
0.0
 70
   128
 71
   -61
 72
   -75
 73
    63
 74
    63
  0
VERTEX
  5
C92
330
BBC
100
AcDbEntity
  8
99
 62
   251
100
AcDbFaceRecord
 10
0.0
 20
0.0
 30
0.0
 70
   128
 71
   -63
 72
    75
 73
   -73
 74
   -73
  0
VERTEX
  5
C93
330
BBC
100
AcDbEntity
  8
99
 62
   251
100
AcDbFaceRecord
 10
0.0
 20
0.0
 30
0.0
 70
   128
 71
   -63
 72
   -73
 73
    65
 74
    65
  0
VERTEX
  5
C94
330
BBC
100
AcDbEntity
  8
99
 62
   251
100
AcDbFaceRecord
 10
0.0
 20
0.0
 30
0.0
 70
   128
 71
   -65
 72
    73
 73
   -71
 74
   -71
  0
VERTEX
  5
C95
330
BBC
100
AcDbEntity
  8
99
 62
   251
100
AcDbFaceRecord
 10
0.0
 20
0.0
 30
0.0
 70
   128
 71
   -65
 72
   -71
 73
    67
 74
    67
  0
VERTEX
  5
C96
330
BBC
100
AcDbEntity
  8
99
 62
   251
100
AcDbFaceRecord
 10
0.0
 20
0.0
 30
0.0
 70
   128
 71
   -67
 72
    71
 73
    69
 74
    69
  0
VERTEX
  5
C97
330
BBC
100
AcDbEntity
  8
99
 62
   251
100
AcDbFaceRecord
 10
0.0
 20
0.0
 30
0.0
 70
   128
 71
   -72
 72
    68
 73
    70
 74
    70
  0
VERTEX
  5
C98
330
BBC
100
AcDbEntity
  8
99
 62
   251
100
AcDbFaceRecord
 10
0.0
 20
0.0
 30
0.0
 70
   128
 71
   -68
 72
   -72
 73
    66
 74
    66
  0
VERTEX
  5
C99
330
BBC
100
AcDbEntity
  8
99
 62
   251
100
AcDbFaceRecord
 10
0.0
 20
0.0
 30
0.0
 70
   128
 71
   -66
 72
    72
 73
   -74
 74
   -74
  0
VERTEX
  5
C9A
330
BBC
100
AcDbEntity
  8
99
 62
   251
100
AcDbFaceRecord
 10
0.0
 20
0.0
 30
0.0
 70
   128
 71
   -66
 72
   -74
 73
    64
 74
    64
  0
VERTEX
  5
C9B
330
BBC
100
AcDbEntity
  8
99
 62
   251
100
AcDbFaceRecord
 10
0.0
 20
0.0
 30
0.0
 70
   128
 71
   -64
 72
    74
 73
   -76
 74
   -76
  0
VERTEX
  5
C9C
330
BBC
100
AcDbEntity
  8
99
 62
   251
100
AcDbFaceRecord
 10
0.0
 20
0.0
 30
0.0
 70
   128
 71
   -64
 72
   -76
 73
    62
 74
    62
  0
VERTEX
  5
C9D
330
BBC
100
AcDbEntity
  8
99
 62
   251
100
AcDbFaceRecord
 10
0.0
 20
0.0
 30
0.0
 70
   128
 71
   -62
 72
    76
 73
   -78
 74
   -78
  0
VERTEX
  5
C9E
330
BBC
100
AcDbEntity
  8
99
 62
   251
100
AcDbFaceRecord
 10
0.0
 20
0.0
 30
0.0
 70
   128
 71
   -62
 72
   -78
 73
    60
 74
    60
  0
VERTEX
  5
C9F
330
BBC
100
AcDbEntity
  8
99
 62
   251
100
AcDbFaceRecord
 10
0.0
 20
0.0
 30
0.0
 70
   128
 71
   -60
 72
    78
 73
   -80
 74
   -80
  0
VERTEX
  5
CA0
330
BBC
100
AcDbEntity
  8
99
 62
   251
100
AcDbFaceRecord
 10
0.0
 20
0.0
 30
0.0
 70
   128
 71
   -60
 72
   -80
 73
    58
 74
    58
  0
VERTEX
  5
CA1
330
BBC
100
AcDbEntity
  8
99
 62
   251
100
AcDbFaceRecord
 10
0.0
 20
0.0
 30
0.0
 70
   128
 71
   -58
 72
    80
 73
   -82
 74
   -82
  0
VERTEX
  5
CA2
330
BBC
100
AcDbEntity
  8
99
 62
   251
100
AcDbFaceRecord
 10
0.0
 20
0.0
 30
0.0
 70
   128
 71
   -58
 72
   -82
 73
    56
 74
    56
  0
VERTEX
  5
CA3
330
BBC
100
AcDbEntity
  8
99
 62
   251
100
AcDbFaceRecord
 10
0.0
 20
0.0
 30
0.0
 70
   128
 71
   -56
 72
    82
 73
   -84
 74
   -84
  0
VERTEX
  5
CA4
330
BBC
100
AcDbEntity
  8
99
 62
   251
100
AcDbFaceRecord
 10
0.0
 20
0.0
 30
0.0
 70
   128
 71
   -56
 72
   -84
 73
    54
 74
    54
  0
VERTEX
  5
CA5
330
BBC
100
AcDbEntity
  8
99
 62
   251
100
AcDbFaceRecord
 10
0.0
 20
0.0
 30
0.0
 70
   128
 71
   -54
 72
    84
 73
   -86
 74
   -86
  0
VERTEX
  5
CA6
330
BBC
100
AcDbEntity
  8
99
 62
   251
100
AcDbFaceRecord
 10
0.0
 20
0.0
 30
0.0
 70
   128
 71
   -54
 72
   -86
 73
    52
 74
    52
  0
VERTEX
  5
CA7
330
BBC
100
AcDbEntity
  8
99
 62
   251
100
AcDbFaceRecord
 10
0.0
 20
0.0
 30
0.0
 70
   128
 71
   -52
 72
    86
 73
   -88
 74
   -88
  0
VERTEX
  5
CA8
330
BBC
100
AcDbEntity
  8
99
 62
   251
100
AcDbFaceRecord
 10
0.0
 20
0.0
 30
0.0
 70
   128
 71
   -52
 72
   -88
 73
    50
 74
    50
  0
VERTEX
  5
CA9
330
BBC
100
AcDbEntity
  8
99
 62
   251
100
AcDbFaceRecord
 10
0.0
 20
0.0
 30
0.0
 70
   128
 71
   -50
 72
    88
 73
    -4
 74
    -4
  0
VERTEX
  5
CAA
330
BBC
100
AcDbEntity
  8
99
 62
   251
100
AcDbFaceRecord
 10
0.0
 20
0.0
 30
0.0
 70
   128
 71
   -50
 72
    -4
 73
    48
 74
    48
  0
VERTEX
  5
CAB
330
BBC
100
AcDbEntity
  8
99
 62
   251
100
AcDbFaceRecord
 10
0.0
 20
0.0
 30
0.0
 70
   128
 71
   -48
 72
     4
 73
    -3
 74
    -3
  0
VERTEX
  5
CAC
330
BBC
100
AcDbEntity
  8
99
 62
   251
100
AcDbFaceRecord
 10
0.0
 20
0.0
 30
0.0
 70
   128
 71
   -48
 72
    -3
 73
    46
 74
    46
  0
VERTEX
  5
CAD
330
BBC
100
AcDbEntity
  8
99
 62
   251
100
AcDbFaceRecord
 10
0.0
 20
0.0
 30
0.0
 70
   128
 71
   -46
 72
     3
 73
    -6
 74
    -6
  0
VERTEX
  5
CAE
330
BBC
100
AcDbEntity
  8
99
 62
   251
100
AcDbFaceRecord
 10
0.0
 20
0.0
 30
0.0
 70
   128
 71
   -46
 72
    -6
 73
    44
 74
    44
  0
VERTEX
  5
CAF
330
BBC
100
AcDbEntity
  8
99
 62
   251
100
AcDbFaceRecord
 10
0.0
 20
0.0
 30
0.0
 70
   128
 71
   -44
 72
     6
 73
    -8
 74
    -8
  0
VERTEX
  5
CB0
330
BBC
100
AcDbEntity
  8
99
 62
   251
100
AcDbFaceRecord
 10
0.0
 20
0.0
 30
0.0
 70
   128
 71
   -44
 72
    -8
 73
    42
 74
    42
  0
VERTEX
  5
CB1
330
BBC
100
AcDbEntity
  8
99
 62
   251
100
AcDbFaceRecord
 10
0.0
 20
0.0
 30
0.0
 70
   128
 71
   -42
 72
     8
 73
   -10
 74
   -10
  0
VERTEX
  5
CB2
330
BBC
100
AcDbEntity
  8
99
 62
   251
100
AcDbFaceRecord
 10
0.0
 20
0.0
 30
0.0
 70
   128
 71
   -42
 72
   -10
 73
    40
 74
    40
  0
VERTEX
  5
CB3
330
BBC
100
AcDbEntity
  8
99
 62
   251
100
AcDbFaceRecord
 10
0.0
 20
0.0
 30
0.0
 70
   128
 71
   -40
 72
    10
 73
   -12
 74
   -12
  0
VERTEX
  5
CB4
330
BBC
100
AcDbEntity
  8
99
 62
   251
100
AcDbFaceRecord
 10
0.0
 20
0.0
 30
0.0
 70
   128
 71
   -40
 72
   -12
 73
    38
 74
    38
  0
VERTEX
  5
CB5
330
BBC
100
AcDbEntity
  8
99
 62
   251
100
AcDbFaceRecord
 10
0.0
 20
0.0
 30
0.0
 70
   128
 71
   -38
 72
    12
 73
   -14
 74
   -14
  0
VERTEX
  5
CB6
330
BBC
100
AcDbEntity
  8
99
 62
   251
100
AcDbFaceRecord
 10
0.0
 20
0.0
 30
0.0
 70
   128
 71
   -38
 72
   -14
 73
    36
 74
    36
  0
VERTEX
  5
CB7
330
BBC
100
AcDbEntity
  8
99
 62
   251
100
AcDbFaceRecord
 10
0.0
 20
0.0
 30
0.0
 70
   128
 71
   -36
 72
    14
 73
   -16
 74
   -16
  0
VERTEX
  5
CB8
330
BBC
100
AcDbEntity
  8
99
 62
   251
100
AcDbFaceRecord
 10
0.0
 20
0.0
 30
0.0
 70
   128
 71
   -36
 72
   -16
 73
    34
 74
    34
  0
VERTEX
  5
CB9
330
BBC
100
AcDbEntity
  8
99
 62
   251
100
AcDbFaceRecord
 10
0.0
 20
0.0
 30
0.0
 70
   128
 71
   -34
 72
    16
 73
   -18
 74
   -18
  0
VERTEX
  5
CBA
330
BBC
100
AcDbEntity
  8
99
 62
   251
100
AcDbFaceRecord
 10
0.0
 20
0.0
 30
0.0
 70
   128
 71
   -34
 72
   -18
 73
    32
 74
    32
  0
VERTEX
  5
CBB
330
BBC
100
AcDbEntity
  8
99
 62
   251
100
AcDbFaceRecord
 10
0.0
 20
0.0
 30
0.0
 70
   128
 71
   -32
 72
    18
 73
   -20
 74
   -20
  0
VERTEX
  5
CBC
330
BBC
100
AcDbEntity
  8
99
 62
   251
100
AcDbFaceRecord
 10
0.0
 20
0.0
 30
0.0
 70
   128
 71
   -32
 72
   -20
 73
    30
 74
    30
  0
VERTEX
  5
CBD
330
BBC
100
AcDbEntity
  8
99
 62
   251
100
AcDbFaceRecord
 10
0.0
 20
0.0
 30
0.0
 70
   128
 71
   -30
 72
    20
 73
   -22
 74
   -22
  0
VERTEX
  5
CBE
330
BBC
100
AcDbEntity
  8
99
 62
   251
100
AcDbFaceRecord
 10
0.0
 20
0.0
 30
0.0
 70
   128
 71
   -30
 72
   -22
 73
    28
 74
    28
  0
VERTEX
  5
CBF
330
BBC
100
AcDbEntity
  8
99
 62
   251
100
AcDbFaceRecord
 10
0.0
 20
0.0
 30
0.0
 70
   128
 71
   -28
 72
    22
 73
   -24
 74
   -24
  0
VERTEX
  5
CC0
330
BBC
100
AcDbEntity
  8
99
 62
   251
100
AcDbFaceRecord
 10
0.0
 20
0.0
 30
0.0
 70
   128
 71
   -28
 72
    24
 73
    26
 74
    26
  0
SEQEND
  5
CC1
330
BBC
100
AcDbEntity
  8
99
 62
   251
  0
POLYLINE
  5
CC3
330
1F
100
AcDbEntity
  8
21
 62
   206
420
  6689894
100
AcDbPolyFaceMesh
 66
     1
 10
0.0
 20
0.0
 30
0.0
 70
    64
 71
     8
 72
    12
1001
TeklaStructures
1000
ID
1000
127648353
  0
VERTEX
  5
CC4
330
CC3
100
AcDbEntity
  8
21
 62
   206
100
AcDbVertex
100
AcDbPolyFaceMeshVertex
 10
33089.98574970848
 20
8955.005500076955
 30
21894.99974800004
 70
   192
  0
VERTEX
  5
CC5
330
CC3
100
AcDbEntity
  8
21
 62
   206
100
AcDbVertex
100
AcDbPolyFaceMeshVertex
 10
33089.98574970848
 20
8955.005500070974
 30
22164.99974800004
 70
   192
  0
VERTEX
  5
CC6
330
CC3
100
AcDbEntity
  8
21
 62
   206
100
AcDbVertex
100
AcDbPolyFaceMeshVertex
 10
33109.9857496119
 20
8955.003534510974
 30
22164.99974800004
 70
   192
  0
VERTEX
  5
CC7
330
CC3
100
AcDbEntity
  8
21
 62
   206
100
AcDbVertex
100
AcDbPolyFaceMeshVertex
 10
33109.9857496119
 20
8955.003534516954
 30
21894.99974800004
 70
   192
  0
VERTEX
  5
CC8
330
CC3
100
AcDbEntity
  8
21
 62
   206
100
AcDbVertex
100
AcDbPolyFaceMeshVertex
 10
33090.00000001399
 20
9100.005453600343
 30
22164.99974800004
 70
   192
  0
VERTEX
  5
CC9
330
CC3
100
AcDbEntity
  8
21
 62
   206
100
AcDbVertex
100
AcDbPolyFaceMeshVertex
 10
33109.99999991741
 20
9100.003488040342
 30
22164.99974800004
 70
   192
  0
VERTEX
  5
CCA
330
CC3
100
AcDbEntity
  8
21
 62
   206
100
AcDbVertex
100
AcDbPolyFaceMeshVertex
 10
33090.00000001399
 20
9100.005453600343
 30
21894.99974800004
 70
   192
  0
VERTEX
  5
CCB
330
CC3
100
AcDbEntity
  8
21
 62
   206
100
AcDbVertex
100
AcDbPolyFaceMeshVertex
 10
33109.99999991741
 20
9100.003488040342
 30
21894.99974800004
 70
   192
  0
VERTEX
  5
CCC
330
CC3
100
AcDbEntity
  8
21
 62
   206
100
AcDbFaceRecord
 10
0.0
 20
0.0
 30
0.0
 70
   128
 71
     1
 72
     2
 73
    -3
 74
    -3
  0
VERTEX
  5
CCD
330
CC3
100
AcDbEntity
  8
21
 62
   206
100
AcDbFaceRecord
 10
0.0
 20
0.0
 30
0.0
 70
   128
 71
    -1
 72
     3
 73
     4
 74
     4
  0
VERTEX
  5
CCE
330
CC3
100
AcDbEntity
  8
21
 62
   206
100
AcDbFaceRecord
 10
0.0
 20
0.0
 30
0.0
 70
   128
 71
     2
 72
     5
 73
    -6
 74
    -6
  0
VERTEX
  5
CCF
330
CC3
100
AcDbEntity
  8
21
 62
   206
100
AcDbFaceRecord
 10
0.0
 20
0.0
 30
0.0
 70
   128
 71
    -2
 72
     6
 73
     3
 74
     3
  0
VERTEX
  5
CD0
330
CC3
100
AcDbEntity
  8
21
 62
   206
100
AcDbFaceRecord
 10
0.0
 20
0.0
 30
0.0
 70
   128
 71
     5
 72
     7
 73
    -8
 74
    -8
  0
VERTEX
  5
CD1
330
CC3
100
AcDbEntity
  8
21
 62
   206
100
AcDbFaceRecord
 10
0.0
 20
0.0
 30
0.0
 70
   128
 71
    -5
 72
     8
 73
     6
 74
     6
  0
VERTEX
  5
CD2
330
CC3
100
AcDbEntity
  8
21
 62
   206
100
AcDbFaceRecord
 10
0.0
 20
0.0
 30
0.0
 70
   128
 71
     7
 72
     1
 73
    -4
 74
    -4
  0
VERTEX
  5
CD3
330
CC3
100
AcDbEntity
  8
21
 62
   206
100
AcDbFaceRecord
 10
0.0
 20
0.0
 30
0.0
 70
   128
 71
    -7
 72
     4
 73
     8
 74
     8
  0
VERTEX
  5
CD4
330
CC3
100
AcDbEntity
  8
21
 62
   206
100
AcDbFaceRecord
 10
0.0
 20
0.0
 30
0.0
 70
   128
 71
     2
 72
     1
 73
    -7
 74
    -7
  0
VERTEX
  5
CD5
330
CC3
100
AcDbEntity
  8
21
 62
   206
100
AcDbFaceRecord
 10
0.0
 20
0.0
 30
0.0
 70
   128
 71
    -2
 72
     7
 73
     5
 74
     5
  0
VERTEX
  5
CD6
330
CC3
100
AcDbEntity
  8
21
 62
   206
100
AcDbFaceRecord
 10
0.0
 20
0.0
 30
0.0
 70
   128
 71
     4
 72
     3
 73
    -6
 74
    -6
  0
VERTEX
  5
CD7
330
CC3
100
AcDbEntity
  8
21
 62
   206
100
AcDbFaceRecord
 10
0.0
 20
0.0
 30
0.0
 70
   128
 71
    -4
 72
     6
 73
     8
 74
     8
  0
SEQEND
  5
CD8
330
CC3
100
AcDbEntity
  8
21
 62
   206
  0
POLYLINE
  5
CD9
330
1F
100
AcDbEntity
  8
21
 62
   206
420
  6689894
100
AcDbPolyFaceMesh
 66
     1
 10
0.0
 20
0.0
 30
0.0
 70
    64
 71
     8
 72
    12
1001
TeklaStructures
1000
ID
1000
127648325
  0
VERTEX
  5
CDA
330
CD9
100
AcDbEntity
  8
21
 62
   206
100
AcDbVertex
100
AcDbPolyFaceMeshVertex
 10
32489.98574970849
 20
8955.005500076955
 30
21894.99974800004
 70
   192
  0
VERTEX
  5
CDB
330
CD9
100
AcDbEntity
  8
21
 62
   206
100
AcDbVertex
100
AcDbPolyFaceMeshVertex
 10
32489.98574970848
 20
8955.005500070974
 30
22164.99974800004
 70
   192
  0
VERTEX
  5
CDC
330
CD9
100
AcDbEntity
  8
21
 62
   206
100
AcDbVertex
100
AcDbPolyFaceMeshVertex
 10
32509.9857496119
 20
8955.003534510974
 30
22164.99974800004
 70
   192
  0
VERTEX
  5
CDD
330
CD9
100
AcDbEntity
  8
21
 62
   206
100
AcDbVertex
100
AcDbPolyFaceMeshVertex
 10
32509.9857496119
 20
8955.003534516954
 30
21894.99974800004
 70
   192
  0
VERTEX
  5
CDE
330
CD9
100
AcDbEntity
  8
21
 62
   206
100
AcDbVertex
100
AcDbPolyFaceMeshVertex
 10
32490.00000001399
 20
9100.005453600343
 30
22164.99974800004
 70
   192
  0
VERTEX
  5
CDF
330
CD9
100
AcDbEntity
  8
21
 62
   206
100
AcDbVertex
100
AcDbPolyFaceMeshVertex
 10
32509.9999999174
 20
9100.003488040342
 30
22164.99974800004
 70
   192
  0
VERTEX
  5
CE0
330
CD9
100
AcDbEntity
  8
21
 62
   206
100
AcDbVertex
100
AcDbPolyFaceMeshVertex
 10
32490.00000001399
 20
9100.005453600343
 30
21894.99974800004
 70
   192
  0
VERTEX
  5
CE1
330
CD9
100
AcDbEntity
  8
21
 62
   206
100
AcDbVertex
100
AcDbPolyFaceMeshVertex
 10
32509.9999999174
 20
9100.003488040342
 30
21894.99974800004
 70
   192
  0
VERTEX
  5
CE2
330
CD9
100
AcDbEntity
  8
21
 62
   206
100
AcDbFaceRecord
 10
0.0
 20
0.0
 30
0.0
 70
   128
 71
     1
 72
     2
 73
    -3
 74
    -3
  0
VERTEX
  5
CE3
330
CD9
100
AcDbEntity
  8
21
 62
   206
100
AcDbFaceRecord
 10
0.0
 20
0.0
 30
0.0
 70
   128
 71
    -1
 72
     3
 73
     4
 74
     4
  0
VERTEX
  5
CE4
330
CD9
100
AcDbEntity
  8
21
 62
   206
100
AcDbFaceRecord
 10
0.0
 20
0.0
 30
0.0
 70
   128
 71
     2
 72
     5
 73
    -6
 74
    -6
  0
VERTEX
  5
CE5
330
CD9
100
AcDbEntity
  8
21
 62
   206
100
AcDbFaceRecord
 10
0.0
 20
0.0
 30
0.0
 70
   128
 71
    -2
 72
     6
 73
     3
 74
     3
  0
VERTEX
  5
CE6
330
CD9
100
AcDbEntity
  8
21
 62
   206
100
AcDbFaceRecord
 10
0.0
 20
0.0
 30
0.0
 70
   128
 71
     5
 72
     7
 73
    -8
 74
    -8
  0
VERTEX
  5
CE7
330
CD9
100
AcDbEntity
  8
21
 62
   206
100
AcDbFaceRecord
 10
0.0
 20
0.0
 30
0.0
 70
   128
 71
    -5
 72
     8
 73
     6
 74
     6
  0
VERTEX
  5
CE8
330
CD9
100
AcDbEntity
  8
21
 62
   206
100
AcDbFaceRecord
 10
0.0
 20
0.0
 30
0.0
 70
   128
 71
     7
 72
     1
 73
    -4
 74
    -4
  0
VERTEX
  5
CE9
330
CD9
100
AcDbEntity
  8
21
 62
   206
100
AcDbFaceRecord
 10
0.0
 20
0.0
 30
0.0
 70
   128
 71
    -7
 72
     4
 73
     8
 74
     8
  0
VERTEX
  5
CEA
330
CD9
100
AcDbEntity
  8
21
 62
   206
100
AcDbFaceRecord
 10
0.0
 20
0.0
 30
0.0
 70
   128
 71
     2
 72
     1
 73
    -7
 74
    -7
  0
VERTEX
  5
CEB
330
CD9
100
AcDbEntity
  8
21
 62
   206
100
AcDbFaceRecord
 10
0.0
 20
0.0
 30
0.0
 70
   128
 71
    -2
 72
     7
 73
     5
 74
     5
  0
VERTEX
  5
CEC
330
CD9
100
AcDbEntity
  8
21
 62
   206
100
AcDbFaceRecord
 10
0.0
 20
0.0
 30
0.0
 70
   128
 71
     4
 72
     3
 73
    -6
 74
    -6
  0
VERTEX
  5
CED
330
CD9
100
AcDbEntity
  8
21
 62
   206
100
AcDbFaceRecord
 10
0.0
 20
0.0
 30
0.0
 70
   128
 71
    -4
 72
     6
 73
     8
 74
     8
  0
SEQEND
  5
CEE
330
CD9
100
AcDbEntity
  8
21
 62
   206
  0
POLYLINE
  5
CEF
330
1F
100
AcDbEntity
  8
21
 62
   206
420
  6689894
100
AcDbPolyFaceMesh
 66
     1
 10
0.0
 20
0.0
 30
0.0
 70
    64
 71
     8
 72
    12
1001
TeklaStructures
1000
ID
1000
127648297
  0
VERTEX
  5
CF0
330
CEF
100
AcDbEntity
  8
21
 62
   206
100
AcDbVertex
100
AcDbPolyFaceMeshVertex
 10
33109.9857496119
 20
9845.000935828122
 30
21894.99974800004
 70
   192
  0
VERTEX
  5
CF1
330
CEF
100
AcDbEntity
  8
21
 62
   206
100
AcDbVertex
100
AcDbPolyFaceMeshVertex
 10
33109.9857496119
 20
9845.000935834105
 30
22164.99974800004
 70
   192
  0
VERTEX
  5
CF2
330
CEF
100
AcDbEntity
  8
21
 62
   206
100
AcDbVertex
100
AcDbPolyFaceMeshVertex
 10
33089.98574970848
 20
9844.998970274102
 30
22164.99974800004
 70
   192
  0
VERTEX
  5
CF3
330
CEF
100
AcDbEntity
  8
21
 62
   206
100
AcDbVertex
100
AcDbPolyFaceMeshVertex
 10
33089.98574970848
 20
9844.998970268121
 30
21894.99974800004
 70
   192
  0
VERTEX
  5
CF4
330
CEF
100
AcDbEntity
  8
21
 62
   206
100
AcDbVertex
100
AcDbPolyFaceMeshVertex
 10
33109.99999991741
 20
9700.000982304735
 30
22164.99974800004
 70
   192
  0
VERTEX
  5
CF5
330
CEF
100
AcDbEntity
  8
21
 62
   206
100
AcDbVertex
100
AcDbPolyFaceMeshVertex
 10
33090.00000001399
 20
9699.999016744734
 30
22164.99974800004
 70
   192
  0
VERTEX
  5
CF6
330
CEF
100
AcDbEntity
  8
21
 62
   206
100
AcDbVertex
100
AcDbPolyFaceMeshVertex
 10
33109.99999991741
 20
9700.000982304735
 30
21894.99974800004
 70
   192
  0
VERTEX
  5
CF7
330
CEF
100
AcDbEntity
  8
21
 62
   206
100
AcDbVertex
100
AcDbPolyFaceMeshVertex
 10
33090.00000001399
 20
9699.999016744734
 30
21894.99974800004
 70
   192
  0
VERTEX
  5
CF8
330
CEF
100
AcDbEntity
  8
21
 62
   206
100
AcDbFaceRecord
 10
0.0
 20
0.0
 30
0.0
 70
   128
 71
     1
 72
     2
 73
    -3
 74
    -3
  0
VERTEX
  5
CF9
330
CEF
100
AcDbEntity
  8
21
 62
   206
100
AcDbFaceRecord
 10
0.0
 20
0.0
 30
0.0
 70
   128
 71
    -1
 72
     3
 73
     4
 74
     4
  0
VERTEX
  5
CFA
330
CEF
100
AcDbEntity
  8
21
 62
   206
100
AcDbFaceRecord
 10
0.0
 20
0.0
 30
0.0
 70
   128
 71
     2
 72
     5
 73
    -6
 74
    -6
  0
VERTEX
  5
CFB
330
CEF
100
AcDbEntity
  8
21
 62
   206
100
AcDbFaceRecord
 10
0.0
 20
0.0
 30
0.0
 70
   128
 71
    -2
 72
     6
 73
     3
 74
     3
  0
VERTEX
  5
CFC
330
CEF
100
AcDbEntity
  8
21
 62
   206
100
AcDbFaceRecord
 10
0.0
 20
0.0
 30
0.0
 70
   128
 71
     5
 72
     7
 73
    -8
 74
    -8
  0
VERTEX
  5
CFD
330
CEF
100
AcDbEntity
  8
21
 62
   206
100
AcDbFaceRecord
 10
0.0
 20
0.0
 30
0.0
 70
   128
 71
    -5
 72
     8
 73
     6
 74
     6
  0
VERTEX
  5
CFE
330
CEF
100
AcDbEntity
  8
21
 62
   206
100
AcDbFaceRecord
 10
0.0
 20
0.0
 30
0.0
 70
   128
 71
     7
 72
     1
 73
    -4
 74
    -4
  0
VERTEX
  5
CFF
330
CEF
100
AcDbEntity
  8
21
 62
   206
100
AcDbFaceRecord
 10
0.0
 20
0.0
 30
0.0
 70
   128
 71
    -7
 72
     4
 73
     8
 74
     8
  0
VERTEX
  5
D00
330
CEF
100
AcDbEntity
  8
21
 62
   206
100
AcDbFaceRecord
 10
0.0
 20
0.0
 30
0.0
 70
   128
 71
     2
 72
     1
 73
    -7
 74
    -7
  0
VERTEX
  5
D01
330
CEF
100
AcDbEntity
  8
21
 62
   206
100
AcDbFaceRecord
 10
0.0
 20
0.0
 30
0.0
 70
   128
 71
    -2
 72
     7
 73
     5
 74
     5
  0
VERTEX
  5
D02
330
CEF
100
AcDbEntity
  8
21
 62
   206
100
AcDbFaceRecord
 10
0.0
 20
0.0
 30
0.0
 70
   128
 71
     4
 72
     3
 73
    -6
 74
    -6
  0
VERTEX
  5
D03
330
CEF
100
AcDbEntity
  8
21
 62
   206
100
AcDbFaceRecord
 10
0.0
 20
0.0
 30
0.0
 70
   128
 71
    -4
 72
     6
 73
     8
 74
     8
  0
SEQEND
  5
D04
330
CEF
100
AcDbEntity
  8
21
 62
   206
  0
POLYLINE
  5
D05
330
1F
100
AcDbEntity
  8
21
 62
   206
420
  6689894
100
AcDbPolyFaceMesh
 66
     1
 10
0.0
 20
0.0
 30
0.0
 70
    64
 71
     8
 72
    12
1001
TeklaStructures
1000
ID
1000
127648269
  0
VERTEX
  5
D06
330
D05
100
AcDbEntity
  8
21
 62
   206
100
AcDbVertex
100
AcDbPolyFaceMeshVertex
 10
32509.9857496119
 20
9845.000935828122
 30
21894.99974800004
 70
   192
  0
VERTEX
  5
D07
330
D05
100
AcDbEntity
  8
21
 62
   206
100
AcDbVertex
100
AcDbPolyFaceMeshVertex
 10
32509.9857496119
 20
9845.000935834105
 30
22164.99974800004
 70
   192
  0
VERTEX
  5
D08
330
D05
100
AcDbEntity
  8
21
 62
   206
100
AcDbVertex
100
AcDbPolyFaceMeshVertex
 10
32489.98574970848
 20
9844.998970274102
 30
22164.99974800004
 70
   192
  0
VERTEX
  5
D09
330
D05
100
AcDbEntity
  8
21
 62
   206
100
AcDbVertex
100
AcDbPolyFaceMeshVertex
 10
32489.98574970849
 20
9844.998970268121
 30
21894.99974800004
 70
   192
  0
VERTEX
  5
D0A
330
D05
100
AcDbEntity
  8
21
 62
   206
100
AcDbVertex
100
AcDbPolyFaceMeshVertex
 10
32509.9999999174
 20
9700.000982304735
 30
22164.99974800004
 70
   192
  0
VERTEX
  5
D0B
330
D05
100
AcDbEntity
  8
21
 62
   206
100
AcDbVertex
100
AcDbPolyFaceMeshVertex
 10
32490.00000001399
 20
9699.999016744734
 30
22164.99974800004
 70
   192
  0
VERTEX
  5
D0C
330
D05
100
AcDbEntity
  8
21
 62
   206
100
AcDbVertex
100
AcDbPolyFaceMeshVertex
 10
32509.9999999174
 20
9700.000982304735
 30
21894.99974800004
 70
   192
  0
VERTEX
  5
D0D
330
D05
100
AcDbEntity
  8
21
 62
   206
100
AcDbVertex
100
AcDbPolyFaceMeshVertex
 10
32490.00000001399
 20
9699.999016744734
 30
21894.99974800004
 70
   192
  0
VERTEX
  5
D0E
330
D05
100
AcDbEntity
  8
21
 62
   206
100
AcDbFaceRecord
 10
0.0
 20
0.0
 30
0.0
 70
   128
 71
     1
 72
     2
 73
    -3
 74
    -3
  0
VERTEX
  5
D0F
330
D05
100
AcDbEntity
  8
21
 62
   206
100
AcDbFaceRecord
 10
0.0
 20
0.0
 30
0.0
 70
   128
 71
    -1
 72
     3
 73
     4
 74
     4
  0
VERTEX
  5
D10
330
D05
100
AcDbEntity
  8
21
 62
   206
100
AcDbFaceRecord
 10
0.0
 20
0.0
 30
0.0
 70
   128
 71
     2
 72
     5
 73
    -6
 74
    -6
  0
VERTEX
  5
D11
330
D05
100
AcDbEntity
  8
21
 62
   206
100
AcDbFaceRecord
 10
0.0
 20
0.0
 30
0.0
 70
   128
 71
    -2
 72
     6
 73
     3
 74
     3
  0
VERTEX
  5
D12
330
D05
100
AcDbEntity
  8
21
 62
   206
100
AcDbFaceRecord
 10
0.0
 20
0.0
 30
0.0
 70
   128
 71
     5
 72
     7
 73
    -8
 74
    -8
  0
VERTEX
  5
D13
330
D05
100
AcDbEntity
  8
21
 62
   206
100
AcDbFaceRecord
 10
0.0
 20
0.0
 30
0.0
 70
   128
 71
    -5
 72
     8
 73
     6
 74
     6
  0
VERTEX
  5
D14
330
D05
100
AcDbEntity
  8
21
 62
   206
100
AcDbFaceRecord
 10
0.0
 20
0.0
 30
0.0
 70
   128
 71
     7
 72
     1
 73
    -4
 74
    -4
  0
VERTEX
  5
D15
330
D05
100
AcDbEntity
  8
21
 62
   206
100
AcDbFaceRecord
 10
0.0
 20
0.0
 30
0.0
 70
   128
 71
    -7
 72
     4
 73
     8
 74
     8
  0
VERTEX
  5
D16
330
D05
100
AcDbEntity
  8
21
 62
   206
100
AcDbFaceRecord
 10
0.0
 20
0.0
 30
0.0
 70
   128
 71
     2
 72
     1
 73
    -7
 74
    -7
  0
VERTEX
  5
D17
330
D05
100
AcDbEntity
  8
21
 62
   206
100
AcDbFaceRecord
 10
0.0
 20
0.0
 30
0.0
 70
   128
 71
    -2
 72
     7
 73
     5
 74
     5
  0
VERTEX
  5
D18
330
D05
100
AcDbEntity
  8
21
 62
   206
100
AcDbFaceRecord
 10
0.0
 20
0.0
 30
0.0
 70
   128
 71
     4
 72
     3
 73
    -6
 74
    -6
  0
VERTEX
  5
D19
330
D05
100
AcDbEntity
  8
21
 62
   206
100
AcDbFaceRecord
 10
0.0
 20
0.0
 30
0.0
 70
   128
 71
    -4
 72
     6
 73
     8
 74
     8
  0
SEQEND
  5
D1A
330
D05
100
AcDbEntity
  8
21
 62
   206
  0
POLYLINE
  5
D1C
330
1F
100
AcDbEntity
  8
14
 62
   159
420
  2702694
100
AcDbPolyFaceMesh
 66
     1
 10
0.0
 20
0.0
 30
0.0
 70
    64
 71
     8
 72
    12
1001
TeklaStructures
1000
ID
1000
134138608
  0
VERTEX
  5
D1D
330
D1C
100
AcDbEntity
  8
14
 62
   159
100
AcDbVertex
100
AcDbPolyFaceMeshVertex
 10
33075.98574975896
 20
8955.00703471453
 30
17394.99974800007
 70
   192
  0
VERTEX
  5
D1E
330
D1C
100
AcDbEntity
  8
14
 62
   159
100
AcDbVertex
100
AcDbPolyFaceMeshVertex
 10
33075.98574975896
 20
8955.007034725402
 30
18069.99974800007
 70
   192
  0
VERTEX
  5
D1F
330
D1C
100
AcDbEntity
  8
14
 62
   159
100
AcDbVertex
100
AcDbPolyFaceMeshVertex
 10
33089.98574967485
 20
8955.005500073401
 30
18069.99974800007
 70
   192
  0
VERTEX
  5
D20
330
D1C
100
AcDbEntity
  8
14
 62
   159
100
AcDbVertex
100
AcDbPolyFaceMeshVertex
 10
33089.98574967485
 20
8955.005500062529
 30
17394.99974800007
 70
   192
  0
VERTEX
  5
D21
330
D1C
100
AcDbEntity
  8
14
 62
   159
100
AcDbVertex
100
AcDbPolyFaceMeshVertex
 10
33075.99671155896
 20
9055.007034113723
 30
18069.99974800007
 70
   192
  0
VERTEX
  5
D22
330
D1C
100
AcDbEntity
  8
14
 62
   159
100
AcDbVertex
100
AcDbPolyFaceMeshVertex
 10
33089.99671147485
 20
9055.005499461724
 30
18069.99974800007
 70
   192
  0
VERTEX
  5
D23
330
D1C
100
AcDbEntity
  8
14
 62
   159
100
AcDbVertex
100
AcDbPolyFaceMeshVertex
 10
33075.99671155896
 20
9055.007034113723
 30
17394.99974800008
 70
   192
  0
VERTEX
  5
D24
330
D1C
100
AcDbEntity
  8
14
 62
   159
100
AcDbVertex
100
AcDbPolyFaceMeshVertex
 10
33089.99671147485
 20
9055.005499461724
 30
17394.99974800008
 70
   192
  0
VERTEX
  5
D25
330
D1C
100
AcDbEntity
  8
14
 62
   159
100
AcDbFaceRecord
 10
0.0
 20
0.0
 30
0.0
 70
   128
 71
     1
 72
     2
 73
    -3
 74
    -3
  0
VERTEX
  5
D26
330
D1C
100
AcDbEntity
  8
14
 62
   159
100
AcDbFaceRecord
 10
0.0
 20
0.0
 30
0.0
 70
   128
 71
    -1
 72
     3
 73
     4
 74
     4
  0
VERTEX
  5
D27
330
D1C
100
AcDbEntity
  8
14
 62
   159
100
AcDbFaceRecord
 10
0.0
 20
0.0
 30
0.0
 70
   128
 71
     2
 72
     5
 73
    -6
 74
    -6
  0
VERTEX
  5
D28
330
D1C
100
AcDbEntity
  8
14
 62
   159
100
AcDbFaceRecord
 10
0.0
 20
0.0
 30
0.0
 70
   128
 71
    -2
 72
     6
 73
     3
 74
     3
  0
VERTEX
  5
D29
330
D1C
100
AcDbEntity
  8
14
 62
   159
100
AcDbFaceRecord
 10
0.0
 20
0.0
 30
0.0
 70
   128
 71
     5
 72
     7
 73
    -8
 74
    -8
  0
VERTEX
  5
D2A
330
D1C
100
AcDbEntity
  8
14
 62
   159
100
AcDbFaceRecord
 10
0.0
 20
0.0
 30
0.0
 70
   128
 71
    -5
 72
     8
 73
     6
 74
     6
  0
VERTEX
  5
D2B
330
D1C
100
AcDbEntity
  8
14
 62
   159
100
AcDbFaceRecord
 10
0.0
 20
0.0
 30
0.0
 70
   128
 71
     7
 72
     1
 73
    -4
 74
    -4
  0
VERTEX
  5
D2C
330
D1C
100
AcDbEntity
  8
14
 62
   159
100
AcDbFaceRecord
 10
0.0
 20
0.0
 30
0.0
 70
   128
 71
    -7
 72
     4
 73
     8
 74
     8
  0
VERTEX
  5
D2D
330
D1C
100
AcDbEntity
  8
14
 62
   159
100
AcDbFaceRecord
 10
0.0
 20
0.0
 30
0.0
 70
   128
 71
     2
 72
     1
 73
    -7
 74
    -7
  0
VERTEX
  5
D2E
330
D1C
100
AcDbEntity
  8
14
 62
   159
100
AcDbFaceRecord
 10
0.0
 20
0.0
 30
0.0
 70
   128
 71
    -2
 72
     7
 73
     5
 74
     5
  0
VERTEX
  5
D2F
330
D1C
100
AcDbEntity
  8
14
 62
   159
100
AcDbFaceRecord
 10
0.0
 20
0.0
 30
0.0
 70
   128
 71
     4
 72
     3
 73
    -6
 74
    -6
  0
VERTEX
  5
D30
330
D1C
100
AcDbEntity
  8
14
 62
   159
100
AcDbFaceRecord
 10
0.0
 20
0.0
 30
0.0
 70
   128
 71
    -4
 72
     6
 73
     8
 74
     8
  0
SEQEND
  5
D31
330
D1C
100
AcDbEntity
  8
14
 62
   159
  0
POLYLINE
  5
D32
330
1F
100
AcDbEntity
  8
21
 62
   206
420
  6689894
100
AcDbPolyFaceMesh
 66
     1
 10
0.0
 20
0.0
 30
0.0
 70
    64
 71
     8
 72
    12
1001
TeklaStructures
1000
ID
1000
134138587
  0
VERTEX
  5
D33
330
D32
100
AcDbEntity
  8
21
 62
   206
100
AcDbVertex
100
AcDbPolyFaceMeshVertex
 10
32489.98574967486
 20
8955.00550008214
 30
17799.99974800004
 70
   192
  0
VERTEX
  5
D34
330
D32
100
AcDbEntity
  8
21
 62
   206
100
AcDbVertex
100
AcDbPolyFaceMeshVertex
 10
32489.98574967486
 20
8955.005500076166
 30
18069.99974800004
 70
   192
  0
VERTEX
  5
D35
330
D32
100
AcDbEntity
  8
21
 62
   206
100
AcDbVertex
100
AcDbPolyFaceMeshVertex
 10
32509.98574957827
 20
8955.003534516165
 30
18069.99974800004
 70
   192
  0
VERTEX
  5
D36
330
D32
100
AcDbEntity
  8
21
 62
   206
100
AcDbVertex
100
AcDbPolyFaceMeshVertex
 10
32509.98574957827
 20
8955.003534522139
 30
17799.99974800004
 70
   192
  0
VERTEX
  5
D37
330
D32
100
AcDbEntity
  8
21
 62
   206
100
AcDbVertex
100
AcDbPolyFaceMeshVertex
 10
32489.99999998036
 20
9100.005453605527
 30
18069.99974800004
 70
   192
  0
VERTEX
  5
D38
330
D32
100
AcDbEntity
  8
21
 62
   206
100
AcDbVertex
100
AcDbPolyFaceMeshVertex
 10
32509.99999988378
 20
9100.003488045526
 30
18069.99974800004
 70
   192
  0
VERTEX
  5
D39
330
D32
100
AcDbEntity
  8
21
 62
   206
100
AcDbVertex
100
AcDbPolyFaceMeshVertex
 10
32489.99999998036
 20
9100.005453605527
 30
17799.99974800004
 70
   192
  0
VERTEX
  5
D3A
330
D32
100
AcDbEntity
  8
21
 62
   206
100
AcDbVertex
100
AcDbPolyFaceMeshVertex
 10
32509.99999988378
 20
9100.003488045526
 30
17799.99974800004
 70
   192
  0
VERTEX
  5
D3B
330
D32
100
AcDbEntity
  8
21
 62
   206
100
AcDbFaceRecord
 10
0.0
 20
0.0
 30
0.0
 70
   128
 71
     1
 72
     2
 73
    -3
 74
    -3
  0
VERTEX
  5
D3C
330
D32
100
AcDbEntity
  8
21
 62
   206
100
AcDbFaceRecord
 10
0.0
 20
0.0
 30
0.0
 70
   128
 71
    -1
 72
     3
 73
     4
 74
     4
  0
VERTEX
  5
D3D
330
D32
100
AcDbEntity
  8
21
 62
   206
100
AcDbFaceRecord
 10
0.0
 20
0.0
 30
0.0
 70
   128
 71
     2
 72
     5
 73
    -6
 74
    -6
  0
VERTEX
  5
D3E
330
D32
100
AcDbEntity
  8
21
 62
   206
100
AcDbFaceRecord
 10
0.0
 20
0.0
 30
0.0
 70
   128
 71
    -2
 72
     6
 73
     3
 74
     3
  0
VERTEX
  5
D3F
330
D32
100
AcDbEntity
  8
21
 62
   206
100
AcDbFaceRecord
 10
0.0
 20
0.0
 30
0.0
 70
   128
 71
     5
 72
     7
 73
    -8
 74
    -8
  0
VERTEX
  5
D40
330
D32
100
AcDbEntity
  8
21
 62
   206
100
AcDbFaceRecord
 10
0.0
 20
0.0
 30
0.0
 70
   128
 71
    -5
 72
     8
 73
     6
 74
     6
  0
VERTEX
  5
D41
330
D32
100
AcDbEntity
  8
21
 62
   206
100
AcDbFaceRecord
 10
0.0
 20
0.0
 30
0.0
 70
   128
 71
     7
 72
     1
 73
    -4
 74
    -4
  0
VERTEX
  5
D42
330
D32
100
AcDbEntity
  8
21
 62
   206
100
AcDbFaceRecord
 10
0.0
 20
0.0
 30
0.0
 70
   128
 71
    -7
 72
     4
 73
     8
 74
     8
  0
VERTEX
  5
D43
330
D32
100
AcDbEntity
  8
21
 62
   206
100
AcDbFaceRecord
 10
0.0
 20
0.0
 30
0.0
 70
   128
 71
     2
 72
     1
 73
    -7
 74
    -7
  0
VERTEX
  5
D44
330
D32
100
AcDbEntity
  8
21
 62
   206
100
AcDbFaceRecord
 10
0.0
 20
0.0
 30
0.0
 70
   128
 71
    -2
 72
     7
 73
     5
 74
     5
  0
VERTEX
  5
D45
330
D32
100
AcDbEntity
  8
21
 62
   206
100
AcDbFaceRecord
 10
0.0
 20
0.0
 30
0.0
 70
   128
 71
     4
 72
     3
 73
    -6
 74
    -6
  0
VERTEX
  5
D46
330
D32
100
AcDbEntity
  8
21
 62
   206
100
AcDbFaceRecord
 10
0.0
 20
0.0
 30
0.0
 70
   128
 71
    -4
 72
     6
 73
     8
 74
     8
  0
SEQEND
  5
D47
330
D32
100
AcDbEntity
  8
21
 62
   206
  0
POLYLINE
  5
D48
330
1F
100
AcDbEntity
  8
21
 62
   206
420
  6689894
100
AcDbPolyFaceMesh
 66
     1
 10
0.0
 20
0.0
 30
0.0
 70
    64
 71
     8
 72
    12
1001
TeklaStructures
1000
ID
1000
134138601
  0
VERTEX
  5
D49
330
D48
100
AcDbEntity
  8
21
 62
   206
100
AcDbVertex
100
AcDbPolyFaceMeshVertex
 10
33089.98574967485
 20
8955.00550008214
 30
17799.99974800004
 70
   192
  0
VERTEX
  5
D4A
330
D48
100
AcDbEntity
  8
21
 62
   206
100
AcDbVertex
100
AcDbPolyFaceMeshVertex
 10
33089.98574967485
 20
8955.005500076166
 30
18069.99974800004
 70
   192
  0
VERTEX
  5
D4B
330
D48
100
AcDbEntity
  8
21
 62
   206
100
AcDbVertex
100
AcDbPolyFaceMeshVertex
 10
33109.98574957827
 20
8955.003534516165
 30
18069.99974800004
 70
   192
  0
VERTEX
  5
D4C
330
D48
100
AcDbEntity
  8
21
 62
   206
100
AcDbVertex
100
AcDbPolyFaceMeshVertex
 10
33109.98574957827
 20
8955.003534522139
 30
17799.99974800004
 70
   192
  0
VERTEX
  5
D4D
330
D48
100
AcDbEntity
  8
21
 62
   206
100
AcDbVertex
100
AcDbPolyFaceMeshVertex
 10
33089.99999998036
 20
9100.005453605527
 30
18069.99974800004
 70
   192
  0
VERTEX
  5
D4E
330
D48
100
AcDbEntity
  8
21
 62
   206
100
AcDbVertex
100
AcDbPolyFaceMeshVertex
 10
33109.99999988378
 20
9100.003488045526
 30
18069.99974800004
 70
   192
  0
VERTEX
  5
D4F
330
D48
100
AcDbEntity
  8
21
 62
   206
100
AcDbVertex
100
AcDbPolyFaceMeshVertex
 10
33089.99999998036
 20
9100.005453605527
 30
17799.99974800004
 70
   192
  0
VERTEX
  5
D50
330
D48
100
AcDbEntity
  8
21
 62
   206
100
AcDbVertex
100
AcDbPolyFaceMeshVertex
 10
33109.99999988378
 20
9100.003488045526
 30
17799.99974800004
 70
   192
  0
VERTEX
  5
D51
330
D48
100
AcDbEntity
  8
21
 62
   206
100
AcDbFaceRecord
 10
0.0
 20
0.0
 30
0.0
 70
   128
 71
     1
 72
     2
 73
    -3
 74
    -3
  0
VERTEX
  5
D52
330
D48
100
AcDbEntity
  8
21
 62
   206
100
AcDbFaceRecord
 10
0.0
 20
0.0
 30
0.0
 70
   128
 71
    -1
 72
     3
 73
     4
 74
     4
  0
VERTEX
  5
D53
330
D48
100
AcDbEntity
  8
21
 62
   206
100
AcDbFaceRecord
 10
0.0
 20
0.0
 30
0.0
 70
   128
 71
     2
 72
     5
 73
    -6
 74
    -6
  0
VERTEX
  5
D54
330
D48
100
AcDbEntity
  8
21
 62
   206
100
AcDbFaceRecord
 10
0.0
 20
0.0
 30
0.0
 70
   128
 71
    -2
 72
     6
 73
     3
 74
     3
  0
VERTEX
  5
D55
330
D48
100
AcDbEntity
  8
21
 62
   206
100
AcDbFaceRecord
 10
0.0
 20
0.0
 30
0.0
 70
   128
 71
     5
 72
     7
 73
    -8
 74
    -8
  0
VERTEX
  5
D56
330
D48
100
AcDbEntity
  8
21
 62
   206
100
AcDbFaceRecord
 10
0.0
 20
0.0
 30
0.0
 70
   128
 71
    -5
 72
     8
 73
     6
 74
     6
  0
VERTEX
  5
D57
330
D48
100
AcDbEntity
  8
21
 62
   206
100
AcDbFaceRecord
 10
0.0
 20
0.0
 30
0.0
 70
   128
 71
     7
 72
     1
 73
    -4
 74
    -4
  0
VERTEX
  5
D58
330
D48
100
AcDbEntity
  8
21
 62
   206
100
AcDbFaceRecord
 10
0.0
 20
0.0
 30
0.0
 70
   128
 71
    -7
 72
     4
 73
     8
 74
     8
  0
VERTEX
  5
D59
330
D48
100
AcDbEntity
  8
21
 62
   206
100
AcDbFaceRecord
 10
0.0
 20
0.0
 30
0.0
 70
   128
 71
     2
 72
     1
 73
    -7
 74
    -7
  0
VERTEX
  5
D5A
330
D48
100
AcDbEntity
  8
21
 62
   206
100
AcDbFaceRecord
 10
0.0
 20
0.0
 30
0.0
 70
   128
 71
    -2
 72
     7
 73
     5
 74
     5
  0
VERTEX
  5
D5B
330
D48
100
AcDbEntity
  8
21
 62
   206
100
AcDbFaceRecord
 10
0.0
 20
0.0
 30
0.0
 70
   128
 71
     4
 72
     3
 73
    -6
 74
    -6
  0
VERTEX
  5
D5C
330
D48
100
AcDbEntity
  8
21
 62
   206
100
AcDbFaceRecord
 10
0.0
 20
0.0
 30
0.0
 70
   128
 71
    -4
 72
     6
 73
     8
 74
     8
  0
SEQEND
  5
D5D
330
D48
100
AcDbEntity
  8
21
 62
   206
  0
POLYLINE
  5
D5E
330
1F
100
AcDbEntity
  8
14
 62
   159
420
  2702694
100
AcDbPolyFaceMesh
 66
     1
 10
0.0
 20
0.0
 30
0.0
 70
    64
 71
     8
 72
    12
1001
TeklaStructures
1000
ID
1000
134138573
  0
VERTEX
  5
D5F
330
D5E
100
AcDbEntity
  8
14
 62
   159
100
AcDbVertex
100
AcDbPolyFaceMeshVertex
 10
33123.98574949416
 20
9845.002470494546
 30
17394.99974800007
 70
   192
  0
VERTEX
  5
D60
330
D5E
100
AcDbEntity
  8
14
 62
   159
100
AcDbVertex
100
AcDbPolyFaceMeshVertex
 10
33123.98574949416
 20
9845.002470483674
 30
18069.99974800007
 70
   192
  0
VERTEX
  5
D61
330
D5E
100
AcDbEntity
  8
14
 62
   159
100
AcDbVertex
100
AcDbPolyFaceMeshVertex
 10
33109.98574957827
 20
9845.000935831673
 30
18069.99974800007
 70
   192
  0
VERTEX
  5
D62
330
D5E
100
AcDbEntity
  8
14
 62
   159
100
AcDbVertex
100
AcDbPolyFaceMeshVertex
 10
33109.98574957827
 20
9845.000935842547
 30
17394.99974800007
 70
   192
  0
VERTEX
  5
D63
330
D5E
100
AcDbEntity
  8
14
 62
   159
100
AcDbVertex
100
AcDbPolyFaceMeshVertex
 10
33123.99671129415
 20
9745.002471095351
 30
18069.99974800007
 70
   192
  0
VERTEX
  5
D64
330
D5E
100
AcDbEntity
  8
14
 62
   159
100
AcDbVertex
100
AcDbPolyFaceMeshVertex
 10
33109.99671137826
 20
9745.000936443352
 30
18069.99974800007
 70
   192
  0
VERTEX
  5
D65
330
D5E
100
AcDbEntity
  8
14
 62
   159
100
AcDbVertex
100
AcDbPolyFaceMeshVertex
 10
33123.99671129415
 20
9745.002471095351
 30
17394.99974800008
 70
   192
  0
VERTEX
  5
D66
330
D5E
100
AcDbEntity
  8
14
 62
   159
100
AcDbVertex
100
AcDbPolyFaceMeshVertex
 10
33109.99671137826
 20
9745.000936443352
 30
17394.99974800008
 70
   192
  0
VERTEX
  5
D67
330
D5E
100
AcDbEntity
  8
14
 62
   159
100
AcDbFaceRecord
 10
0.0
 20
0.0
 30
0.0
 70
   128
 71
     1
 72
     2
 73
    -3
 74
    -3
  0
VERTEX
  5
D68
330
D5E
100
AcDbEntity
  8
14
 62
   159
100
AcDbFaceRecord
 10
0.0
 20
0.0
 30
0.0
 70
   128
 71
    -1
 72
     3
 73
     4
 74
     4
  0
VERTEX
  5
D69
330
D5E
100
AcDbEntity
  8
14
 62
   159
100
AcDbFaceRecord
 10
0.0
 20
0.0
 30
0.0
 70
   128
 71
     2
 72
     5
 73
    -6
 74
    -6
  0
VERTEX
  5
D6A
330
D5E
100
AcDbEntity
  8
14
 62
   159
100
AcDbFaceRecord
 10
0.0
 20
0.0
 30
0.0
 70
   128
 71
    -2
 72
     6
 73
     3
 74
     3
  0
VERTEX
  5
D6B
330
D5E
100
AcDbEntity
  8
14
 62
   159
100
AcDbFaceRecord
 10
0.0
 20
0.0
 30
0.0
 70
   128
 71
     5
 72
     7
 73
    -8
 74
    -8
  0
VERTEX
  5
D6C
330
D5E
100
AcDbEntity
  8
14
 62
   159
100
AcDbFaceRecord
 10
0.0
 20
0.0
 30
0.0
 70
   128
 71
    -5
 72
     8
 73
     6
 74
     6
  0
VERTEX
  5
D6D
330
D5E
100
AcDbEntity
  8
14
 62
   159
100
AcDbFaceRecord
 10
0.0
 20
0.0
 30
0.0
 70
   128
 71
     7
 72
     1
 73
    -4
 74
    -4
  0
VERTEX
  5
D6E
330
D5E
100
AcDbEntity
  8
14
 62
   159
100
AcDbFaceRecord
 10
0.0
 20
0.0
 30
0.0
 70
   128
 71
    -7
 72
     4
 73
     8
 74
     8
  0
VERTEX
  5
D6F
330
D5E
100
AcDbEntity
  8
14
 62
   159
100
AcDbFaceRecord
 10
0.0
 20
0.0
 30
0.0
 70
   128
 71
     2
 72
     1
 73
    -7
 74
    -7
  0
VERTEX
  5
D70
330
D5E
100
AcDbEntity
  8
14
 62
   159
100
AcDbFaceRecord
 10
0.0
 20
0.0
 30
0.0
 70
   128
 71
    -2
 72
     7
 73
     5
 74
     5
  0
VERTEX
  5
D71
330
D5E
100
AcDbEntity
  8
14
 62
   159
100
AcDbFaceRecord
 10
0.0
 20
0.0
 30
0.0
 70
   128
 71
     4
 72
     3
 73
    -6
 74
    -6
  0
VERTEX
  5
D72
330
D5E
100
AcDbEntity
  8
14
 62
   159
100
AcDbFaceRecord
 10
0.0
 20
0.0
 30
0.0
 70
   128
 71
    -4
 72
     6
 73
     8
 74
     8
  0
SEQEND
  5
D73
330
D5E
100
AcDbEntity
  8
14
 62
   159
  0
POLYLINE
  5
D74
330
1F
100
AcDbEntity
  8
14
 62
   159
420
  2702694
100
AcDbPolyFaceMesh
 66
     1
 10
0.0
 20
0.0
 30
0.0
 70
    64
 71
     8
 72
    12
1001
TeklaStructures
1000
ID
1000
134138580
  0
VERTEX
  5
D75
330
D74
100
AcDbEntity
  8
14
 62
   159
100
AcDbVertex
100
AcDbPolyFaceMeshVertex
 10
32475.98574975896
 20
8955.00703471453
 30
17394.99974800007
 70
   192
  0
VERTEX
  5
D76
330
D74
100
AcDbEntity
  8
14
 62
   159
100
AcDbVertex
100
AcDbPolyFaceMeshVertex
 10
32475.98574975897
 20
8955.007034725402
 30
18069.99974800007
 70
   192
  0
VERTEX
  5
D77
330
D74
100
AcDbEntity
  8
14
 62
   159
100
AcDbVertex
100
AcDbPolyFaceMeshVertex
 10
32489.98574967485
 20
8955.005500073401
 30
18069.99974800007
 70
   192
  0
VERTEX
  5
D78
330
D74
100
AcDbEntity
  8
14
 62
   159
100
AcDbVertex
100
AcDbPolyFaceMeshVertex
 10
32489.98574967485
 20
8955.005500062529
 30
17394.99974800007
 70
   192
  0
VERTEX
  5
D79
330
D74
100
AcDbEntity
  8
14
 62
   159
100
AcDbVertex
100
AcDbPolyFaceMeshVertex
 10
32475.99671155896
 20
9055.007034113723
 30
18069.99974800007
 70
   192
  0
VERTEX
  5
D7A
330
D74
100
AcDbEntity
  8
14
 62
   159
100
AcDbVertex
100
AcDbPolyFaceMeshVertex
 10
32489.99671147485
 20
9055.005499461724
 30
18069.99974800007
 70
   192
  0
VERTEX
  5
D7B
330
D74
100
AcDbEntity
  8
14
 62
   159
100
AcDbVertex
100
AcDbPolyFaceMeshVertex
 10
32475.99671155896
 20
9055.007034113723
 30
17394.99974800008
 70
   192
  0
VERTEX
  5
D7C
330
D74
100
AcDbEntity
  8
14
 62
   159
100
AcDbVertex
100
AcDbPolyFaceMeshVertex
 10
32489.99671147485
 20
9055.005499461724
 30
17394.99974800008
 70
   192
  0
VERTEX
  5
D7D
330
D74
100
AcDbEntity
  8
14
 62
   159
100
AcDbFaceRecord
 10
0.0
 20
0.0
 30
0.0
 70
   128
 71
     1
 72
     2
 73
    -3
 74
    -3
  0
VERTEX
  5
D7E
330
D74
100
AcDbEntity
  8
14
 62
   159
100
AcDbFaceRecord
 10
0.0
 20
0.0
 30
0.0
 70
   128
 71
    -1
 72
     3
 73
     4
 74
     4
  0
VERTEX
  5
D7F
330
D74
100
AcDbEntity
  8
14
 62
   159
100
AcDbFaceRecord
 10
0.0
 20
0.0
 30
0.0
 70
   128
 71
     2
 72
     5
 73
    -6
 74
    -6
  0
VERTEX
  5
D80
330
D74
100
AcDbEntity
  8
14
 62
   159
100
AcDbFaceRecord
 10
0.0
 20
0.0
 30
0.0
 70
   128
 71
    -2
 72
     6
 73
     3
 74
     3
  0
VERTEX
  5
D81
330
D74
100
AcDbEntity
  8
14
 62
   159
100
AcDbFaceRecord
 10
0.0
 20
0.0
 30
0.0
 70
   128
 71
     5
 72
     7
 73
    -8
 74
    -8
  0
VERTEX
  5
D82
330
D74
100
AcDbEntity
  8
14
 62
   159
100
AcDbFaceRecord
 10
0.0
 20
0.0
 30
0.0
 70
   128
 71
    -5
 72
     8
 73
     6
 74
     6
  0
VERTEX
  5
D83
330
D74
100
AcDbEntity
  8
14
 62
   159
100
AcDbFaceRecord
 10
0.0
 20
0.0
 30
0.0
 70
   128
 71
     7
 72
     1
 73
    -4
 74
    -4
  0
VERTEX
  5
D84
330
D74
100
AcDbEntity
  8
14
 62
   159
100
AcDbFaceRecord
 10
0.0
 20
0.0
 30
0.0
 70
   128
 71
    -7
 72
     4
 73
     8
 74
     8
  0
VERTEX
  5
D85
330
D74
100
AcDbEntity
  8
14
 62
   159
100
AcDbFaceRecord
 10
0.0
 20
0.0
 30
0.0
 70
   128
 71
     2
 72
     1
 73
    -7
 74
    -7
  0
VERTEX
  5
D86
330
D74
100
AcDbEntity
  8
14
 62
   159
100
AcDbFaceRecord
 10
0.0
 20
0.0
 30
0.0
 70
   128
 71
    -2
 72
     7
 73
     5
 74
     5
  0
VERTEX
  5
D87
330
D74
100
AcDbEntity
  8
14
 62
   159
100
AcDbFaceRecord
 10
0.0
 20
0.0
 30
0.0
 70
   128
 71
     4
 72
     3
 73
    -6
 74
    -6
  0
VERTEX
  5
D88
330
D74
100
AcDbEntity
  8
14
 62
   159
100
AcDbFaceRecord
 10
0.0
 20
0.0
 30
0.0
 70
   128
 71
    -4
 72
     6
 73
     8
 74
     8
  0
SEQEND
  5
D89
330
D74
100
AcDbEntity
  8
14
 62
   159
  0
POLYLINE
  5
D8A
330
1F
100
AcDbEntity
  8
42
 62
   159
420
  2702694
100
AcDbPolyFaceMesh
 66
     1
 10
0.0
 20
0.0
 30
0.0
 70
    64
 71
     8
 72
    12
1001
TeklaStructures
1000
ID
1000
134139358
  0
VERTEX
  5
D8B
330
D8A
100
AcDbEntity
  8
42
 62
   159
100
AcDbVertex
100
AcDbPolyFaceMeshVertex
 10
32465.0
 20
9143.0
 30
22230.0
 70
   192
  0
VERTEX
  5
D8C
330
D8A
100
AcDbEntity
  8
42
 62
   159
100
AcDbVertex
100
AcDbPolyFaceMeshVertex
 10
32435.0
 20
9143.0
 30
22230.0
 70
   192
  0
VERTEX
  5
D8D
330
D8A
100
AcDbEntity
  8
42
 62
   159
100
AcDbVertex
100
AcDbPolyFaceMeshVertex
 10
32435.0
 20
9143.0
 30
17735.0
 70
   192
  0
VERTEX
  5
D8E
330
D8A
100
AcDbEntity
  8
42
 62
   159
100
AcDbVertex
100
AcDbPolyFaceMeshVertex
 10
32465.0
 20
9143.0
 30
17735.0
 70
   192
  0
VERTEX
  5
D8F
330
D8A
100
AcDbEntity
  8
42
 62
   159
100
AcDbVertex
100
AcDbPolyFaceMeshVertex
 10
32435.0
 20
9135.0
 30
22230.0
 70
   192
  0
VERTEX
  5
D90
330
D8A
100
AcDbEntity
  8
42
 62
   159
100
AcDbVertex
100
AcDbPolyFaceMeshVertex
 10
32435.0
 20
9135.0
 30
17735.0
 70
   192
  0
VERTEX
  5
D91
330
D8A
100
AcDbEntity
  8
42
 62
   159
100
AcDbVertex
100
AcDbPolyFaceMeshVertex
 10
32465.0
 20
9135.0
 30
22230.0
 70
   192
  0
VERTEX
  5
D92
330
D8A
100
AcDbEntity
  8
42
 62
   159
100
AcDbVertex
100
AcDbPolyFaceMeshVertex
 10
32465.0
 20
9135.0
 30
17735.0
 70
   192
  0
VERTEX
  5
D93
330
D8A
100
AcDbEntity
  8
42
 62
   159
100
AcDbFaceRecord
 10
0.0
 20
0.0
 30
0.0
 70
   128
 71
     1
 72
     2
 73
    -3
 74
    -3
  0
VERTEX
  5
D94
330
D8A
100
AcDbEntity
  8
42
 62
   159
100
AcDbFaceRecord
 10
0.0
 20
0.0
 30
0.0
 70
   128
 71
    -1
 72
     3
 73
     4
 74
     4
  0
VERTEX
  5
D95
330
D8A
100
AcDbEntity
  8
42
 62
   159
100
AcDbFaceRecord
 10
0.0
 20
0.0
 30
0.0
 70
   128
 71
     2
 72
     5
 73
    -6
 74
    -6
  0
VERTEX
  5
D96
330
D8A
100
AcDbEntity
  8
42
 62
   159
100
AcDbFaceRecord
 10
0.0
 20
0.0
 30
0.0
 70
   128
 71
    -2
 72
     6
 73
     3
 74
     3
  0
VERTEX
  5
D97
330
D8A
100
AcDbEntity
  8
42
 62
   159
100
AcDbFaceRecord
 10
0.0
 20
0.0
 30
0.0
 70
   128
 71
     5
 72
     7
 73
    -8
 74
    -8
  0
VERTEX
  5
D98
330
D8A
100
AcDbEntity
  8
42
 62
   159
100
AcDbFaceRecord
 10
0.0
 20
0.0
 30
0.0
 70
   128
 71
    -5
 72
     8
 73
     6
 74
     6
  0
VERTEX
  5
D99
330
D8A
100
AcDbEntity
  8
42
 62
   159
100
AcDbFaceRecord
 10
0.0
 20
0.0
 30
0.0
 70
   128
 71
     7
 72
     1
 73
    -4
 74
    -4
  0
VERTEX
  5
D9A
330
D8A
100
AcDbEntity
  8
42
 62
   159
100
AcDbFaceRecord
 10
0.0
 20
0.0
 30
0.0
 70
   128
 71
    -7
 72
     4
 73
     8
 74
     8
  0
VERTEX
  5
D9B
330
D8A
100
AcDbEntity
  8
42
 62
   159
100
AcDbFaceRecord
 10
0.0
 20
0.0
 30
0.0
 70
   128
 71
     2
 72
     1
 73
    -7
 74
    -7
  0
VERTEX
  5
D9C
330
D8A
100
AcDbEntity
  8
42
 62
   159
100
AcDbFaceRecord
 10
0.0
 20
0.0
 30
0.0
 70
   128
 71
    -2
 72
     7
 73
     5
 74
     5
  0
VERTEX
  5
D9D
330
D8A
100
AcDbEntity
  8
42
 62
   159
100
AcDbFaceRecord
 10
0.0
 20
0.0
 30
0.0
 70
   128
 71
     4
 72
     3
 73
    -6
 74
    -6
  0
VERTEX
  5
D9E
330
D8A
100
AcDbEntity
  8
42
 62
   159
100
AcDbFaceRecord
 10
0.0
 20
0.0
 30
0.0
 70
   128
 71
    -4
 72
     6
 73
     8
 74
     8
  0
SEQEND
  5
D9F
330
D8A
100
AcDbEntity
  8
42
 62
   159
  0
POLYLINE
  5
DA0
330
1F
100
AcDbEntity
  8
42
 62
   159
420
  2702694
100
AcDbPolyFaceMesh
 66
     1
 10
0.0
 20
0.0
 30
0.0
 70
    64
 71
     8
 72
    12
1001
TeklaStructures
1000
ID
1000
134139340
  0
VERTEX
  5
DA1
330
DA0
100
AcDbEntity
  8
42
 62
   159
100
AcDbVertex
100
AcDbPolyFaceMeshVertex
 10
33165.0
 20
9143.0
 30
22230.0
 70
   192
  0
VERTEX
  5
DA2
330
DA0
100
AcDbEntity
  8
42
 62
   159
100
AcDbVertex
100
AcDbPolyFaceMeshVertex
 10
33135.0
 20
9143.0
 30
22230.0
 70
   192
  0
VERTEX
  5
DA3
330
DA0
100
AcDbEntity
  8
42
 62
   159
100
AcDbVertex
100
AcDbPolyFaceMeshVertex
 10
33135.0
 20
9143.0
 30
17735.0
 70
   192
  0
VERTEX
  5
DA4
330
DA0
100
AcDbEntity
  8
42
 62
   159
100
AcDbVertex
100
AcDbPolyFaceMeshVertex
 10
33165.0
 20
9143.0
 30
17735.0
 70
   192
  0
VERTEX
  5
DA5
330
DA0
100
AcDbEntity
  8
42
 62
   159
100
AcDbVertex
100
AcDbPolyFaceMeshVertex
 10
33135.0
 20
9135.0
 30
22230.0
 70
   192
  0
VERTEX
  5
DA6
330
DA0
100
AcDbEntity
  8
42
 62
   159
100
AcDbVertex
100
AcDbPolyFaceMeshVertex
 10
33135.0
 20
9135.0
 30
17735.0
 70
   192
  0
VERTEX
  5
DA7
330
DA0
100
AcDbEntity
  8
42
 62
   159
100
AcDbVertex
100
AcDbPolyFaceMeshVertex
 10
33165.0
 20
9135.0
 30
22230.0
 70
   192
  0
VERTEX
  5
DA8
330
DA0
100
AcDbEntity
  8
42
 62
   159
100
AcDbVertex
100
AcDbPolyFaceMeshVertex
 10
33165.0
 20
9135.0
 30
17735.0
 70
   192
  0
VERTEX
  5
DA9
330
DA0
100
AcDbEntity
  8
42
 62
   159
100
AcDbFaceRecord
 10
0.0
 20
0.0
 30
0.0
 70
   128
 71
     1
 72
     2
 73
    -3
 74
    -3
  0
VERTEX
  5
DAA
330
DA0
100
AcDbEntity
  8
42
 62
   159
100
AcDbFaceRecord
 10
0.0
 20
0.0
 30
0.0
 70
   128
 71
    -1
 72
     3
 73
     4
 74
     4
  0
VERTEX
  5
DAB
330
DA0
100
AcDbEntity
  8
42
 62
   159
100
AcDbFaceRecord
 10
0.0
 20
0.0
 30
0.0
 70
   128
 71
     2
 72
     5
 73
    -6
 74
    -6
  0
VERTEX
  5
DAC
330
DA0
100
AcDbEntity
  8
42
 62
   159
100
AcDbFaceRecord
 10
0.0
 20
0.0
 30
0.0
 70
   128
 71
    -2
 72
     6
 73
     3
 74
     3
  0
VERTEX
  5
DAD
330
DA0
100
AcDbEntity
  8
42
 62
   159
100
AcDbFaceRecord
 10
0.0
 20
0.0
 30
0.0
 70
   128
 71
     5
 72
     7
 73
    -8
 74
    -8
  0
VERTEX
  5
DAE
330
DA0
100
AcDbEntity
  8
42
 62
   159
100
AcDbFaceRecord
 10
0.0
 20
0.0
 30
0.0
 70
   128
 71
    -5
 72
     8
 73
     6
 74
     6
  0
VERTEX
  5
DAF
330
DA0
100
AcDbEntity
  8
42
 62
   159
100
AcDbFaceRecord
 10
0.0
 20
0.0
 30
0.0
 70
   128
 71
     7
 72
     1
 73
    -4
 74
    -4
  0
VERTEX
  5
DB0
330
DA0
100
AcDbEntity
  8
42
 62
   159
100
AcDbFaceRecord
 10
0.0
 20
0.0
 30
0.0
 70
   128
 71
    -7
 72
     4
 73
     8
 74
     8
  0
VERTEX
  5
DB1
330
DA0
100
AcDbEntity
  8
42
 62
   159
100
AcDbFaceRecord
 10
0.0
 20
0.0
 30
0.0
 70
   128
 71
     2
 72
     1
 73
    -7
 74
    -7
  0
VERTEX
  5
DB2
330
DA0
100
AcDbEntity
  8
42
 62
   159
100
AcDbFaceRecord
 10
0.0
 20
0.0
 30
0.0
 70
   128
 71
    -2
 72
     7
 73
     5
 74
     5
  0
VERTEX
  5
DB3
330
DA0
100
AcDbEntity
  8
42
 62
   159
100
AcDbFaceRecord
 10
0.0
 20
0.0
 30
0.0
 70
   128
 71
     4
 72
     3
 73
    -6
 74
    -6
  0
VERTEX
  5
DB4
330
DA0
100
AcDbEntity
  8
42
 62
   159
100
AcDbFaceRecord
 10
0.0
 20
0.0
 30
0.0
 70
   128
 71
    -4
 72
     6
 73
     8
 74
     8
  0
SEQEND
  5
DB5
330
DA0
100
AcDbEntity
  8
42
 62
   159
  0
POLYLINE
  5
DB6
330
1F
100
AcDbEntity
  8
42
 62
   159
420
  2702694
100
AcDbPolyFaceMesh
 66
     1
 10
0.0
 20
0.0
 30
0.0
 70
    64
 71
     8
 72
    12
1001
TeklaStructures
1000
ID
1000
134139331
  0
VERTEX
  5
DB7
330
DB6
100
AcDbEntity
  8
42
 62
   159
100
AcDbVertex
100
AcDbPolyFaceMeshVertex
 10
33165.0
 20
9665.0
 30
22230.0
 70
   192
  0
VERTEX
  5
DB8
330
DB6
100
AcDbEntity
  8
42
 62
   159
100
AcDbVertex
100
AcDbPolyFaceMeshVertex
 10
33135.0
 20
9665.0
 30
22230.0
 70
   192
  0
VERTEX
  5
DB9
330
DB6
100
AcDbEntity
  8
42
 62
   159
100
AcDbVertex
100
AcDbPolyFaceMeshVertex
 10
33135.0
 20
9665.0
 30
17735.0
 70
   192
  0
VERTEX
  5
DBA
330
DB6
100
AcDbEntity
  8
42
 62
   159
100
AcDbVertex
100
AcDbPolyFaceMeshVertex
 10
33165.0
 20
9665.0
 30
17735.0
 70
   192
  0
VERTEX
  5
DBB
330
DB6
100
AcDbEntity
  8
42
 62
   159
100
AcDbVertex
100
AcDbPolyFaceMeshVertex
 10
33135.0
 20
9657.0
 30
22230.0
 70
   192
  0
VERTEX
  5
DBC
330
DB6
100
AcDbEntity
  8
42
 62
   159
100
AcDbVertex
100
AcDbPolyFaceMeshVertex
 10
33135.0
 20
9657.0
 30
17735.0
 70
   192
  0
VERTEX
  5
DBD
330
DB6
100
AcDbEntity
  8
42
 62
   159
100
AcDbVertex
100
AcDbPolyFaceMeshVertex
 10
33165.0
 20
9657.0
 30
22230.0
 70
   192
  0
VERTEX
  5
DBE
330
DB6
100
AcDbEntity
  8
42
 62
   159
100
AcDbVertex
100
AcDbPolyFaceMeshVertex
 10
33165.0
 20
9657.0
 30
17735.0
 70
   192
  0
VERTEX
  5
DBF
330
DB6
100
AcDbEntity
  8
42
 62
   159
100
AcDbFaceRecord
 10
0.0
 20
0.0
 30
0.0
 70
   128
 71
     1
 72
     2
 73
    -3
 74
    -3
  0
VERTEX
  5
DC0
330
DB6
100
AcDbEntity
  8
42
 62
   159
100
AcDbFaceRecord
 10
0.0
 20
0.0
 30
0.0
 70
   128
 71
    -1
 72
     3
 73
     4
 74
     4
  0
VERTEX
  5
DC1
330
DB6
100
AcDbEntity
  8
42
 62
   159
100
AcDbFaceRecord
 10
0.0
 20
0.0
 30
0.0
 70
   128
 71
     2
 72
     5
 73
    -6
 74
    -6
  0
VERTEX
  5
DC2
330
DB6
100
AcDbEntity
  8
42
 62
   159
100
AcDbFaceRecord
 10
0.0
 20
0.0
 30
0.0
 70
   128
 71
    -2
 72
     6
 73
     3
 74
     3
  0
VERTEX
  5
DC3
330
DB6
100
AcDbEntity
  8
42
 62
   159
100
AcDbFaceRecord
 10
0.0
 20
0.0
 30
0.0
 70
   128
 71
     5
 72
     7
 73
    -8
 74
    -8
  0
VERTEX
  5
DC4
330
DB6
100
AcDbEntity
  8
42
 62
   159
100
AcDbFaceRecord
 10
0.0
 20
0.0
 30
0.0
 70
   128
 71
    -5
 72
     8
 73
     6
 74
     6
  0
VERTEX
  5
DC5
330
DB6
100
AcDbEntity
  8
42
 62
   159
100
AcDbFaceRecord
 10
0.0
 20
0.0
 30
0.0
 70
   128
 71
     7
 72
     1
 73
    -4
 74
    -4
  0
VERTEX
  5
DC6
330
DB6
100
AcDbEntity
  8
42
 62
   159
100
AcDbFaceRecord
 10
0.0
 20
0.0
 30
0.0
 70
   128
 71
    -7
 72
     4
 73
     8
 74
     8
  0
VERTEX
  5
DC7
330
DB6
100
AcDbEntity
  8
42
 62
   159
100
AcDbFaceRecord
 10
0.0
 20
0.0
 30
0.0
 70
   128
 71
     2
 72
     1
 73
    -7
 74
    -7
  0
VERTEX
  5
DC8
330
DB6
100
AcDbEntity
  8
42
 62
   159
100
AcDbFaceRecord
 10
0.0
 20
0.0
 30
0.0
 70
   128
 71
    -2
 72
     7
 73
     5
 74
     5
  0
VERTEX
  5
DC9
330
DB6
100
AcDbEntity
  8
42
 62
   159
100
AcDbFaceRecord
 10
0.0
 20
0.0
 30
0.0
 70
   128
 71
     4
 72
     3
 73
    -6
 74
    -6
  0
VERTEX
  5
DCA
330
DB6
100
AcDbEntity
  8
42
 62
   159
100
AcDbFaceRecord
 10
0.0
 20
0.0
 30
0.0
 70
   128
 71
    -4
 72
     6
 73
     8
 74
     8
  0
SEQEND
  5
DCB
330
DB6
100
AcDbEntity
  8
42
 62
   159
  0
POLYLINE
  5
DCC
330
1F
100
AcDbEntity
  8
42
 62
   159
420
  2702694
100
AcDbPolyFaceMesh
 66
     1
 10
0.0
 20
0.0
 30
0.0
 70
    64
 71
     8
 72
    12
1001
TeklaStructures
1000
ID
1000
134139349
  0
VERTEX
  5
DCD
330
DCC
100
AcDbEntity
  8
42
 62
   159
100
AcDbVertex
100
AcDbPolyFaceMeshVertex
 10
32465.0
 20
9665.0
 30
22230.0
 70
   192
  0
VERTEX
  5
DCE
330
DCC
100
AcDbEntity
  8
42
 62
   159
100
AcDbVertex
100
AcDbPolyFaceMeshVertex
 10
32435.0
 20
9665.0
 30
22230.0
 70
   192
  0
VERTEX
  5
DCF
330
DCC
100
AcDbEntity
  8
42
 62
   159
100
AcDbVertex
100
AcDbPolyFaceMeshVertex
 10
32435.0
 20
9665.0
 30
17735.0
 70
   192
  0
VERTEX
  5
DD0
330
DCC
100
AcDbEntity
  8
42
 62
   159
100
AcDbVertex
100
AcDbPolyFaceMeshVertex
 10
32465.0
 20
9665.0
 30
17735.0
 70
   192
  0
VERTEX
  5
DD1
330
DCC
100
AcDbEntity
  8
42
 62
   159
100
AcDbVertex
100
AcDbPolyFaceMeshVertex
 10
32435.0
 20
9657.0
 30
22230.0
 70
   192
  0
VERTEX
  5
DD2
330
DCC
100
AcDbEntity
  8
42
 62
   159
100
AcDbVertex
100
AcDbPolyFaceMeshVertex
 10
32435.0
 20
9657.0
 30
17735.0
 70
   192
  0
VERTEX
  5
DD3
330
DCC
100
AcDbEntity
  8
42
 62
   159
100
AcDbVertex
100
AcDbPolyFaceMeshVertex
 10
32465.0
 20
9657.0
 30
22230.0
 70
   192
  0
VERTEX
  5
DD4
330
DCC
100
AcDbEntity
  8
42
 62
   159
100
AcDbVertex
100
AcDbPolyFaceMeshVertex
 10
32465.0
 20
9657.0
 30
17735.0
 70
   192
  0
VERTEX
  5
DD5
330
DCC
100
AcDbEntity
  8
42
 62
   159
100
AcDbFaceRecord
 10
0.0
 20
0.0
 30
0.0
 70
   128
 71
     1
 72
     2
 73
    -3
 74
    -3
  0
VERTEX
  5
DD6
330
DCC
100
AcDbEntity
  8
42
 62
   159
100
AcDbFaceRecord
 10
0.0
 20
0.0
 30
0.0
 70
   128
 71
    -1
 72
     3
 73
     4
 74
     4
  0
VERTEX
  5
DD7
330
DCC
100
AcDbEntity
  8
42
 62
   159
100
AcDbFaceRecord
 10
0.0
 20
0.0
 30
0.0
 70
   128
 71
     2
 72
     5
 73
    -6
 74
    -6
  0
VERTEX
  5
DD8
330
DCC
100
AcDbEntity
  8
42
 62
   159
100
AcDbFaceRecord
 10
0.0
 20
0.0
 30
0.0
 70
   128
 71
    -2
 72
     6
 73
     3
 74
     3
  0
VERTEX
  5
DD9
330
DCC
100
AcDbEntity
  8
42
 62
   159
100
AcDbFaceRecord
 10
0.0
 20
0.0
 30
0.0
 70
   128
 71
     5
 72
     7
 73
    -8
 74
    -8
  0
VERTEX
  5
DDA
330
DCC
100
AcDbEntity
  8
42
 62
   159
100
AcDbFaceRecord
 10
0.0
 20
0.0
 30
0.0
 70
   128
 71
    -5
 72
     8
 73
     6
 74
     6
  0
VERTEX
  5
DDB
330
DCC
100
AcDbEntity
  8
42
 62
   159
100
AcDbFaceRecord
 10
0.0
 20
0.0
 30
0.0
 70
   128
 71
     7
 72
     1
 73
    -4
 74
    -4
  0
VERTEX
  5
DDC
330
DCC
100
AcDbEntity
  8
42
 62
   159
100
AcDbFaceRecord
 10
0.0
 20
0.0
 30
0.0
 70
   128
 71
    -7
 72
     4
 73
     8
 74
     8
  0
VERTEX
  5
DDD
330
DCC
100
AcDbEntity
  8
42
 62
   159
100
AcDbFaceRecord
 10
0.0
 20
0.0
 30
0.0
 70
   128
 71
     2
 72
     1
 73
    -7
 74
    -7
  0
VERTEX
  5
DDE
330
DCC
100
AcDbEntity
  8
42
 62
   159
100
AcDbFaceRecord
 10
0.0
 20
0.0
 30
0.0
 70
   128
 71
    -2
 72
     7
 73
     5
 74
     5
  0
VERTEX
  5
DDF
330
DCC
100
AcDbEntity
  8
42
 62
   159
100
AcDbFaceRecord
 10
0.0
 20
0.0
 30
0.0
 70
   128
 71
     4
 72
     3
 73
    -6
 74
    -6
  0
VERTEX
  5
DE0
330
DCC
100
AcDbEntity
  8
42
 62
   159
100
AcDbFaceRecord
 10
0.0
 20
0.0
 30
0.0
 70
   128
 71
    -4
 72
     6
 73
     8
 74
     8
  0
SEQEND
  5
DE1
330
DCC
100
AcDbEntity
  8
42
 62
   159
  0
POLYLINE
  5
DE2
330
1F
100
AcDbEntity
  8
3
 62
   215
420
 10905254
100
AcDbPolyFaceMesh
 66
     1
 10
0.0
 20
0.0
 30
0.0
 70
    64
 71
     8
 72
    12
1001
TeklaStructures
1000
ID
1000
134130693
  0
VERTEX
  5
DE3
330
DE2
100
AcDbEntity
  8
3
 62
   215
100
AcDbVertex
100
AcDbPolyFaceMeshVertex
 10
32485.0
 20
9135.0
 30
20230.0
 70
   192
  0
VERTEX
  5
DE4
330
DE2
100
AcDbEntity
  8
3
 62
   215
100
AcDbVertex
100
AcDbPolyFaceMeshVertex
 10
32435.0
 20
9135.0
 30
20230.0
 70
   192
  0
VERTEX
  5
DE5
330
DE2
100
AcDbEntity
  8
3
 62
   215
100
AcDbVertex
100
AcDbPolyFaceMeshVertex
 10
32435.0
 20
9665.0
 30
20230.0
 70
   192
  0
VERTEX
  5
DE6
330
DE2
100
AcDbEntity
  8
3
 62
   215
100
AcDbVertex
100
AcDbPolyFaceMeshVertex
 10
32485.0
 20
9665.0
 30
20230.0
 70
   192
  0
VERTEX
  5
DE7
330
DE2
100
AcDbEntity
  8
3
 62
   215
100
AcDbVertex
100
AcDbPolyFaceMeshVertex
 10
32435.0
 20
9135.0
 30
20202.0
 70
   192
  0
VERTEX
  5
DE8
330
DE2
100
AcDbEntity
  8
3
 62
   215
100
AcDbVertex
100
AcDbPolyFaceMeshVertex
 10
32435.0
 20
9665.0
 30
20202.0
 70
   192
  0
VERTEX
  5
DE9
330
DE2
100
AcDbEntity
  8
3
 62
   215
100
AcDbVertex
100
AcDbPolyFaceMeshVertex
 10
32485.0
 20
9135.0
 30
20202.0
 70
   192
  0
VERTEX
  5
DEA
330
DE2
100
AcDbEntity
  8
3
 62
   215
100
AcDbVertex
100
AcDbPolyFaceMeshVertex
 10
32485.0
 20
9665.0
 30
20202.0
 70
   192
  0
VERTEX
  5
DEB
330
DE2
100
AcDbEntity
  8
3
 62
   215
100
AcDbFaceRecord
 10
0.0
 20
0.0
 30
0.0
 70
   128
 71
     1
 72
     2
 73
    -3
 74
    -3
  0
VERTEX
  5
DEC
330
DE2
100
AcDbEntity
  8
3
 62
   215
100
AcDbFaceRecord
 10
0.0
 20
0.0
 30
0.0
 70
   128
 71
    -1
 72
     3
 73
     4
 74
     4
  0
VERTEX
  5
DED
330
DE2
100
AcDbEntity
  8
3
 62
   215
100
AcDbFaceRecord
 10
0.0
 20
0.0
 30
0.0
 70
   128
 71
     2
 72
     5
 73
    -6
 74
    -6
  0
VERTEX
  5
DEE
330
DE2
100
AcDbEntity
  8
3
 62
   215
100
AcDbFaceRecord
 10
0.0
 20
0.0
 30
0.0
 70
   128
 71
    -2
 72
     6
 73
     3
 74
     3
  0
VERTEX
  5
DEF
330
DE2
100
AcDbEntity
  8
3
 62
   215
100
AcDbFaceRecord
 10
0.0
 20
0.0
 30
0.0
 70
   128
 71
     5
 72
     7
 73
    -8
 74
    -8
  0
VERTEX
  5
DF0
330
DE2
100
AcDbEntity
  8
3
 62
   215
100
AcDbFaceRecord
 10
0.0
 20
0.0
 30
0.0
 70
   128
 71
    -5
 72
     8
 73
     6
 74
     6
  0
VERTEX
  5
DF1
330
DE2
100
AcDbEntity
  8
3
 62
   215
100
AcDbFaceRecord
 10
0.0
 20
0.0
 30
0.0
 70
   128
 71
     7
 72
     1
 73
    -4
 74
    -4
  0
VERTEX
  5
DF2
330
DE2
100
AcDbEntity
  8
3
 62
   215
100
AcDbFaceRecord
 10
0.0
 20
0.0
 30
0.0
 70
   128
 71
    -7
 72
     4
 73
     8
 74
     8
  0
VERTEX
  5
DF3
330
DE2
100
AcDbEntity
  8
3
 62
   215
100
AcDbFaceRecord
 10
0.0
 20
0.0
 30
0.0
 70
   128
 71
     2
 72
     1
 73
    -7
 74
    -7
  0
VERTEX
  5
DF4
330
DE2
100
AcDbEntity
  8
3
 62
   215
100
AcDbFaceRecord
 10
0.0
 20
0.0
 30
0.0
 70
   128
 71
    -2
 72
     7
 73
     5
 74
     5
  0
VERTEX
  5
DF5
330
DE2
100
AcDbEntity
  8
3
 62
   215
100
AcDbFaceRecord
 10
0.0
 20
0.0
 30
0.0
 70
   128
 71
     4
 72
     3
 73
    -6
 74
    -6
  0
VERTEX
  5
DF6
330
DE2
100
AcDbEntity
  8
3
 62
   215
100
AcDbFaceRecord
 10
0.0
 20
0.0
 30
0.0
 70
   128
 71
    -4
 72
     6
 73
     8
 74
     8
  0
SEQEND
  5
DF7
330
DE2
100
AcDbEntity
  8
3
 62
   215
  0
POLYLINE
  5
DF8
330
1F
100
AcDbEntity
  8
21
 62
   206
420
  6689894
100
AcDbPolyFaceMesh
 66
     1
 10
0.0
 20
0.0
 30
0.0
 70
    64
 71
     8
 72
    12
1001
TeklaStructures
1000
ID
1000
134138559
  0
VERTEX
  5
DF9
330
DF8
100
AcDbEntity
  8
21
 62
   206
100
AcDbVertex
100
AcDbPolyFaceMeshVertex
 10
33109.98574957827
 20
9845.000935822938
 30
17799.99974800004
 70
   192
  0
VERTEX
  5
DFA
330
DF8
100
AcDbEntity
  8
21
 62
   206
100
AcDbVertex
100
AcDbPolyFaceMeshVertex
 10
33109.98574957827
 20
9845.000935828912
 30
18069.99974800004
 70
   192
  0
VERTEX
  5
DFB
330
DF8
100
AcDbEntity
  8
21
 62
   206
100
AcDbVertex
100
AcDbPolyFaceMeshVertex
 10
33089.98574967485
 20
9844.99897026891
 30
18069.99974800004
 70
   192
  0
VERTEX
  5
DFC
330
DF8
100
AcDbEntity
  8
21
 62
   206
100
AcDbVertex
100
AcDbPolyFaceMeshVertex
 10
33089.98574967485
 20
9844.998970262937
 30
17799.99974800004
 70
   192
  0
VERTEX
  5
DFD
330
DF8
100
AcDbEntity
  8
21
 62
   206
100
AcDbVertex
100
AcDbPolyFaceMeshVertex
 10
33109.99999988378
 20
9700.00098229955
 30
18069.99974800004
 70
   192
  0
VERTEX
  5
DFE
330
DF8
100
AcDbEntity
  8
21
 62
   206
100
AcDbVertex
100
AcDbPolyFaceMeshVertex
 10
33089.99999998036
 20
9699.99901673955
 30
18069.99974800004
 70
   192
  0
VERTEX
  5
DFF
330
DF8
100
AcDbEntity
  8
21
 62
   206
100
AcDbVertex
100
AcDbPolyFaceMeshVertex
 10
33109.99999988378
 20
9700.00098229955
 30
17799.99974800004
 70
   192
  0
VERTEX
  5
E00
330
DF8
100
AcDbEntity
  8
21
 62
   206
100
AcDbVertex
100
AcDbPolyFaceMeshVertex
 10
33089.99999998036
 20
9699.99901673955
 30
17799.99974800004
 70
   192
  0
VERTEX
  5
E01
330
DF8
100
AcDbEntity
  8
21
 62
   206
100
AcDbFaceRecord
 10
0.0
 20
0.0
 30
0.0
 70
   128
 71
     1
 72
     2
 73
    -3
 74
    -3
  0
VERTEX
  5
E02
330
DF8
100
AcDbEntity
  8
21
 62
   206
100
AcDbFaceRecord
 10
0.0
 20
0.0
 30
0.0
 70
   128
 71
    -1
 72
     3
 73
     4
 74
     4
  0
VERTEX
  5
E03
330
DF8
100
AcDbEntity
  8
21
 62
   206
100
AcDbFaceRecord
 10
0.0
 20
0.0
 30
0.0
 70
   128
 71
     2
 72
     5
 73
    -6
 74
    -6
  0
VERTEX
  5
E04
330
DF8
100
AcDbEntity
  8
21
 62
   206
100
AcDbFaceRecord
 10
0.0
 20
0.0
 30
0.0
 70
   128
 71
    -2
 72
     6
 73
     3
 74
     3
  0
VERTEX
  5
E05
330
DF8
100
AcDbEntity
  8
21
 62
   206
100
AcDbFaceRecord
 10
0.0
 20
0.0
 30
0.0
 70
   128
 71
     5
 72
     7
 73
    -8
 74
    -8
  0
VERTEX
  5
E06
330
DF8
100
AcDbEntity
  8
21
 62
   206
100
AcDbFaceRecord
 10
0.0
 20
0.0
 30
0.0
 70
   128
 71
    -5
 72
     8
 73
     6
 74
     6
  0
VERTEX
  5
E07
330
DF8
100
AcDbEntity
  8
21
 62
   206
100
AcDbFaceRecord
 10
0.0
 20
0.0
 30
0.0
 70
   128
 71
     7
 72
     1
 73
    -4
 74
    -4
  0
VERTEX
  5
E08
330
DF8
100
AcDbEntity
  8
21
 62
   206
100
AcDbFaceRecord
 10
0.0
 20
0.0
 30
0.0
 70
   128
 71
    -7
 72
     4
 73
     8
 74
     8
  0
VERTEX
  5
E09
330
DF8
100
AcDbEntity
  8
21
 62
   206
100
AcDbFaceRecord
 10
0.0
 20
0.0
 30
0.0
 70
   128
 71
     2
 72
     1
 73
    -7
 74
    -7
  0
VERTEX
  5
E0A
330
DF8
100
AcDbEntity
  8
21
 62
   206
100
AcDbFaceRecord
 10
0.0
 20
0.0
 30
0.0
 70
   128
 71
    -2
 72
     7
 73
     5
 74
     5
  0
VERTEX
  5
E0B
330
DF8
100
AcDbEntity
  8
21
 62
   206
100
AcDbFaceRecord
 10
0.0
 20
0.0
 30
0.0
 70
   128
 71
     4
 72
     3
 73
    -6
 74
    -6
  0
VERTEX
  5
E0C
330
DF8
100
AcDbEntity
  8
21
 62
   206
100
AcDbFaceRecord
 10
0.0
 20
0.0
 30
0.0
 70
   128
 71
    -4
 72
     6
 73
     8
 74
     8
  0
SEQEND
  5
E0D
330
DF8
100
AcDbEntity
  8
21
 62
   206
  0
POLYLINE
  5
E0E
330
1F
100
AcDbEntity
  8
3
 62
   215
420
 10905254
100
AcDbPolyFaceMesh
 66
     1
 10
0.0
 20
0.0
 30
0.0
 70
    64
 71
     8
 72
    12
1001
TeklaStructures
1000
ID
1000
134130681
  0
VERTEX
  5
E0F
330
E0E
100
AcDbEntity
  8
3
 62
   215
100
AcDbVertex
100
AcDbPolyFaceMeshVertex
 10
32485.0
 20
9135.0
 30
20280.0
 70
   192
  0
VERTEX
  5
E10
330
E0E
100
AcDbEntity
  8
3
 62
   215
100
AcDbVertex
100
AcDbPolyFaceMeshVertex
 10
32435.0
 20
9135.0
 30
20280.0
 70
   192
  0
VERTEX
  5
E11
330
E0E
100
AcDbEntity
  8
3
 62
   215
100
AcDbVertex
100
AcDbPolyFaceMeshVertex
 10
32435.0
 20
9665.0
 30
20280.0
 70
   192
  0
VERTEX
  5
E12
330
E0E
100
AcDbEntity
  8
3
 62
   215
100
AcDbVertex
100
AcDbPolyFaceMeshVertex
 10
32485.0
 20
9665.0
 30
20280.0
 70
   192
  0
VERTEX
  5
E13
330
E0E
100
AcDbEntity
  8
3
 62
   215
100
AcDbVertex
100
AcDbPolyFaceMeshVertex
 10
32435.0
 20
9135.0
 30
20252.0
 70
   192
  0
VERTEX
  5
E14
330
E0E
100
AcDbEntity
  8
3
 62
   215
100
AcDbVertex
100
AcDbPolyFaceMeshVertex
 10
32435.0
 20
9665.0
 30
20252.0
 70
   192
  0
VERTEX
  5
E15
330
E0E
100
AcDbEntity
  8
3
 62
   215
100
AcDbVertex
100
AcDbPolyFaceMeshVertex
 10
32485.0
 20
9135.0
 30
20252.0
 70
   192
  0
VERTEX
  5
E16
330
E0E
100
AcDbEntity
  8
3
 62
   215
100
AcDbVertex
100
AcDbPolyFaceMeshVertex
 10
32485.0
 20
9665.0
 30
20252.0
 70
   192
  0
VERTEX
  5
E17
330
E0E
100
AcDbEntity
  8
3
 62
   215
100
AcDbFaceRecord
 10
0.0
 20
0.0
 30
0.0
 70
   128
 71
     1
 72
     2
 73
    -3
 74
    -3
  0
VERTEX
  5
E18
330
E0E
100
AcDbEntity
  8
3
 62
   215
100
AcDbFaceRecord
 10
0.0
 20
0.0
 30
0.0
 70
   128
 71
    -1
 72
     3
 73
     4
 74
     4
  0
VERTEX
  5
E19
330
E0E
100
AcDbEntity
  8
3
 62
   215
100
AcDbFaceRecord
 10
0.0
 20
0.0
 30
0.0
 70
   128
 71
     2
 72
     5
 73
    -6
 74
    -6
  0
VERTEX
  5
E1A
330
E0E
100
AcDbEntity
  8
3
 62
   215
100
AcDbFaceRecord
 10
0.0
 20
0.0
 30
0.0
 70
   128
 71
    -2
 72
     6
 73
     3
 74
     3
  0
VERTEX
  5
E1B
330
E0E
100
AcDbEntity
  8
3
 62
   215
100
AcDbFaceRecord
 10
0.0
 20
0.0
 30
0.0
 70
   128
 71
     5
 72
     7
 73
    -8
 74
    -8
  0
VERTEX
  5
E1C
330
E0E
100
AcDbEntity
  8
3
 62
   215
100
AcDbFaceRecord
 10
0.0
 20
0.0
 30
0.0
 70
   128
 71
    -5
 72
     8
 73
     6
 74
     6
  0
VERTEX
  5
E1D
330
E0E
100
AcDbEntity
  8
3
 62
   215
100
AcDbFaceRecord
 10
0.0
 20
0.0
 30
0.0
 70
   128
 71
     7
 72
     1
 73
    -4
 74
    -4
  0
VERTEX
  5
E1E
330
E0E
100
AcDbEntity
  8
3
 62
   215
100
AcDbFaceRecord
 10
0.0
 20
0.0
 30
0.0
 70
   128
 71
    -7
 72
     4
 73
     8
 74
     8
  0
VERTEX
  5
E1F
330
E0E
100
AcDbEntity
  8
3
 62
   215
100
AcDbFaceRecord
 10
0.0
 20
0.0
 30
0.0
 70
   128
 71
     2
 72
     1
 73
    -7
 74
    -7
  0
VERTEX
  5
E20
330
E0E
100
AcDbEntity
  8
3
 62
   215
100
AcDbFaceRecord
 10
0.0
 20
0.0
 30
0.0
 70
   128
 71
    -2
 72
     7
 73
     5
 74
     5
  0
VERTEX
  5
E21
330
E0E
100
AcDbEntity
  8
3
 62
   215
100
AcDbFaceRecord
 10
0.0
 20
0.0
 30
0.0
 70
   128
 71
     4
 72
     3
 73
    -6
 74
    -6
  0
VERTEX
  5
E22
330
E0E
100
AcDbEntity
  8
3
 62
   215
100
AcDbFaceRecord
 10
0.0
 20
0.0
 30
0.0
 70
   128
 71
    -4
 72
     6
 73
     8
 74
     8
  0
SEQEND
  5
E23
330
E0E
100
AcDbEntity
  8
3
 62
   215
  0
POLYLINE
  5
E24
330
1F
100
AcDbEntity
  8
3
 62
   215
420
 10905254
100
AcDbPolyFaceMesh
 66
     1
 10
0.0
 20
0.0
 30
0.0
 70
    64
 71
     8
 72
    12
1001
TeklaStructures
1000
ID
1000
134130687
  0
VERTEX
  5
E25
330
E24
100
AcDbEntity
  8
3
 62
   215
100
AcDbVertex
100
AcDbPolyFaceMeshVertex
 10
33165.0
 20
9135.0
 30
20230.0
 70
   192
  0
VERTEX
  5
E26
330
E24
100
AcDbEntity
  8
3
 62
   215
100
AcDbVertex
100
AcDbPolyFaceMeshVertex
 10
33115.0
 20
9135.0
 30
20230.0
 70
   192
  0
VERTEX
  5
E27
330
E24
100
AcDbEntity
  8
3
 62
   215
100
AcDbVertex
100
AcDbPolyFaceMeshVertex
 10
33115.0
 20
9665.0
 30
20230.0
 70
   192
  0
VERTEX
  5
E28
330
E24
100
AcDbEntity
  8
3
 62
   215
100
AcDbVertex
100
AcDbPolyFaceMeshVertex
 10
33165.0
 20
9665.0
 30
20230.0
 70
   192
  0
VERTEX
  5
E29
330
E24
100
AcDbEntity
  8
3
 62
   215
100
AcDbVertex
100
AcDbPolyFaceMeshVertex
 10
33115.0
 20
9135.0
 30
20202.0
 70
   192
  0
VERTEX
  5
E2A
330
E24
100
AcDbEntity
  8
3
 62
   215
100
AcDbVertex
100
AcDbPolyFaceMeshVertex
 10
33115.0
 20
9665.0
 30
20202.0
 70
   192
  0
VERTEX
  5
E2B
330
E24
100
AcDbEntity
  8
3
 62
   215
100
AcDbVertex
100
AcDbPolyFaceMeshVertex
 10
33165.0
 20
9135.0
 30
20202.0
 70
   192
  0
VERTEX
  5
E2C
330
E24
100
AcDbEntity
  8
3
 62
   215
100
AcDbVertex
100
AcDbPolyFaceMeshVertex
 10
33165.0
 20
9665.0
 30
20202.0
 70
   192
  0
VERTEX
  5
E2D
330
E24
100
AcDbEntity
  8
3
 62
   215
100
AcDbFaceRecord
 10
0.0
 20
0.0
 30
0.0
 70
   128
 71
     1
 72
     2
 73
    -3
 74
    -3
  0
VERTEX
  5
E2E
330
E24
100
AcDbEntity
  8
3
 62
   215
100
AcDbFaceRecord
 10
0.0
 20
0.0
 30
0.0
 70
   128
 71
    -1
 72
     3
 73
     4
 74
     4
  0
VERTEX
  5
E2F
330
E24
100
AcDbEntity
  8
3
 62
   215
100
AcDbFaceRecord
 10
0.0
 20
0.0
 30
0.0
 70
   128
 71
     2
 72
     5
 73
    -6
 74
    -6
  0
VERTEX
  5
E30
330
E24
100
AcDbEntity
  8
3
 62
   215
100
AcDbFaceRecord
 10
0.0
 20
0.0
 30
0.0
 70
   128
 71
    -2
 72
     6
 73
     3
 74
     3
  0
VERTEX
  5
E31
330
E24
100
AcDbEntity
  8
3
 62
   215
100
AcDbFaceRecord
 10
0.0
 20
0.0
 30
0.0
 70
   128
 71
     5
 72
     7
 73
    -8
 74
    -8
  0
VERTEX
  5
E32
330
E24
100
AcDbEntity
  8
3
 62
   215
100
AcDbFaceRecord
 10
0.0
 20
0.0
 30
0.0
 70
   128
 71
    -5
 72
     8
 73
     6
 74
     6
  0
VERTEX
  5
E33
330
E24
100
AcDbEntity
  8
3
 62
   215
100
AcDbFaceRecord
 10
0.0
 20
0.0
 30
0.0
 70
   128
 71
     7
 72
     1
 73
    -4
 74
    -4
  0
VERTEX
  5
E34
330
E24
100
AcDbEntity
  8
3
 62
   215
100
AcDbFaceRecord
 10
0.0
 20
0.0
 30
0.0
 70
   128
 71
    -7
 72
     4
 73
     8
 74
     8
  0
VERTEX
  5
E35
330
E24
100
AcDbEntity
  8
3
 62
   215
100
AcDbFaceRecord
 10
0.0
 20
0.0
 30
0.0
 70
   128
 71
     2
 72
     1
 73
    -7
 74
    -7
  0
VERTEX
  5
E36
330
E24
100
AcDbEntity
  8
3
 62
   215
100
AcDbFaceRecord
 10
0.0
 20
0.0
 30
0.0
 70
   128
 71
    -2
 72
     7
 73
     5
 74
     5
  0
VERTEX
  5
E37
330
E24
100
AcDbEntity
  8
3
 62
   215
100
AcDbFaceRecord
 10
0.0
 20
0.0
 30
0.0
 70
   128
 71
     4
 72
     3
 73
    -6
 74
    -6
  0
VERTEX
  5
E38
330
E24
100
AcDbEntity
  8
3
 62
   215
100
AcDbFaceRecord
 10
0.0
 20
0.0
 30
0.0
 70
   128
 71
    -4
 72
     6
 73
     8
 74
     8
  0
SEQEND
  5
E39
330
E24
100
AcDbEntity
  8
3
 62
   215
  0
POLYLINE
  5
E3A
330
1F
100
AcDbEntity
  8
7
 62
   206
420
  6689894
100
AcDbPolyFaceMesh
 66
     1
 10
0.0
 20
0.0
 30
0.0
 70
    64
 71
     8
 72
    12
1001
TeklaStructures
1000
ID
1000
134130669
  0
VERTEX
  5
E3B
330
E3A
100
AcDbEntity
  8
7
 62
   206
100
AcDbVertex
100
AcDbPolyFaceMeshVertex
 10
33140.0
 20
9665.0
 30
20252.0
 70
   192
  0
VERTEX
  5
E3C
330
E3A
100
AcDbEntity
  8
7
 62
   206
100
AcDbVertex
100
AcDbPolyFaceMeshVertex
 10
32460.0
 20
9665.0
 30
20252.0
 70
   192
  0
VERTEX
  5
E3D
330
E3A
100
AcDbEntity
  8
7
 62
   206
100
AcDbVertex
100
AcDbPolyFaceMeshVertex
 10
32460.0
 20
9665.0
 30
20230.0
 70
   192
  0
VERTEX
  5
E3E
330
E3A
100
AcDbEntity
  8
7
 62
   206
100
AcDbVertex
100
AcDbPolyFaceMeshVertex
 10
33140.0
 20
9665.0
 30
20230.0
 70
   192
  0
VERTEX
  5
E3F
330
E3A
100
AcDbEntity
  8
7
 62
   206
100
AcDbVertex
100
AcDbPolyFaceMeshVertex
 10
32460.0
 20
9135.0
 30
20252.0
 70
   192
  0
VERTEX
  5
E40
330
E3A
100
AcDbEntity
  8
7
 62
   206
100
AcDbVertex
100
AcDbPolyFaceMeshVertex
 10
32460.0
 20
9135.0
 30
20230.0
 70
   192
  0
VERTEX
  5
E41
330
E3A
100
AcDbEntity
  8
7
 62
   206
100
AcDbVertex
100
AcDbPolyFaceMeshVertex
 10
33140.0
 20
9135.0
 30
20252.0
 70
   192
  0
VERTEX
  5
E42
330
E3A
100
AcDbEntity
  8
7
 62
   206
100
AcDbVertex
100
AcDbPolyFaceMeshVertex
 10
33140.0
 20
9135.0
 30
20230.0
 70
   192
  0
VERTEX
  5
E43
330
E3A
100
AcDbEntity
  8
7
 62
   206
100
AcDbFaceRecord
 10
0.0
 20
0.0
 30
0.0
 70
   128
 71
     1
 72
     2
 73
    -3
 74
    -3
  0
VERTEX
  5
E44
330
E3A
100
AcDbEntity
  8
7
 62
   206
100
AcDbFaceRecord
 10
0.0
 20
0.0
 30
0.0
 70
   128
 71
    -1
 72
     3
 73
     4
 74
     4
  0
VERTEX
  5
E45
330
E3A
100
AcDbEntity
  8
7
 62
   206
100
AcDbFaceRecord
 10
0.0
 20
0.0
 30
0.0
 70
   128
 71
     2
 72
     5
 73
    -6
 74
    -6
  0
VERTEX
  5
E46
330
E3A
100
AcDbEntity
  8
7
 62
   206
100
AcDbFaceRecord
 10
0.0
 20
0.0
 30
0.0
 70
   128
 71
    -2
 72
     6
 73
     3
 74
     3
  0
VERTEX
  5
E47
330
E3A
100
AcDbEntity
  8
7
 62
   206
100
AcDbFaceRecord
 10
0.0
 20
0.0
 30
0.0
 70
   128
 71
     5
 72
     7
 73
    -8
 74
    -8
  0
VERTEX
  5
E48
330
E3A
100
AcDbEntity
  8
7
 62
   206
100
AcDbFaceRecord
 10
0.0
 20
0.0
 30
0.0
 70
   128
 71
    -5
 72
     8
 73
     6
 74
     6
  0
VERTEX
  5
E49
330
E3A
100
AcDbEntity
  8
7
 62
   206
100
AcDbFaceRecord
 10
0.0
 20
0.0
 30
0.0
 70
   128
 71
     7
 72
     1
 73
    -4
 74
    -4
  0
VERTEX
  5
E4A
330
E3A
100
AcDbEntity
  8
7
 62
   206
100
AcDbFaceRecord
 10
0.0
 20
0.0
 30
0.0
 70
   128
 71
    -7
 72
     4
 73
     8
 74
     8
  0
VERTEX
  5
E4B
330
E3A
100
AcDbEntity
  8
7
 62
   206
100
AcDbFaceRecord
 10
0.0
 20
0.0
 30
0.0
 70
   128
 71
     2
 72
     1
 73
    -7
 74
    -7
  0
VERTEX
  5
E4C
330
E3A
100
AcDbEntity
  8
7
 62
   206
100
AcDbFaceRecord
 10
0.0
 20
0.0
 30
0.0
 70
   128
 71
    -2
 72
     7
 73
     5
 74
     5
  0
VERTEX
  5
E4D
330
E3A
100
AcDbEntity
  8
7
 62
   206
100
AcDbFaceRecord
 10
0.0
 20
0.0
 30
0.0
 70
   128
 71
     4
 72
     3
 73
    -6
 74
    -6
  0
VERTEX
  5
E4E
330
E3A
100
AcDbEntity
  8
7
 62
   206
100
AcDbFaceRecord
 10
0.0
 20
0.0
 30
0.0
 70
   128
 71
    -4
 72
     6
 73
     8
 74
     8
  0
SEQEND
  5
E4F
330
E3A
100
AcDbEntity
  8
7
 62
   206
  0
POLYLINE
  5
E50
330
1F
100
AcDbEntity
  8
3
 62
   215
420
 10905254
100
AcDbPolyFaceMesh
 66
     1
 10
0.0
 20
0.0
 30
0.0
 70
    64
 71
     8
 72
    12
1001
TeklaStructures
1000
ID
1000
134130675
  0
VERTEX
  5
E51
330
E50
100
AcDbEntity
  8
3
 62
   215
100
AcDbVertex
100
AcDbPolyFaceMeshVertex
 10
33165.0
 20
9135.0
 30
20280.0
 70
   192
  0
VERTEX
  5
E52
330
E50
100
AcDbEntity
  8
3
 62
   215
100
AcDbVertex
100
AcDbPolyFaceMeshVertex
 10
33115.0
 20
9135.0
 30
20280.0
 70
   192
  0
VERTEX
  5
E53
330
E50
100
AcDbEntity
  8
3
 62
   215
100
AcDbVertex
100
AcDbPolyFaceMeshVertex
 10
33115.0
 20
9665.0
 30
20280.0
 70
   192
  0
VERTEX
  5
E54
330
E50
100
AcDbEntity
  8
3
 62
   215
100
AcDbVertex
100
AcDbPolyFaceMeshVertex
 10
33165.0
 20
9665.0
 30
20280.0
 70
   192
  0
VERTEX
  5
E55
330
E50
100
AcDbEntity
  8
3
 62
   215
100
AcDbVertex
100
AcDbPolyFaceMeshVertex
 10
33115.0
 20
9135.0
 30
20252.0
 70
   192
  0
VERTEX
  5
E56
330
E50
100
AcDbEntity
  8
3
 62
   215
100
AcDbVertex
100
AcDbPolyFaceMeshVertex
 10
33115.0
 20
9665.0
 30
20252.0
 70
   192
  0
VERTEX
  5
E57
330
E50
100
AcDbEntity
  8
3
 62
   215
100
AcDbVertex
100
AcDbPolyFaceMeshVertex
 10
33165.0
 20
9135.0
 30
20252.0
 70
   192
  0
VERTEX
  5
E58
330
E50
100
AcDbEntity
  8
3
 62
   215
100
AcDbVertex
100
AcDbPolyFaceMeshVertex
 10
33165.0
 20
9665.0
 30
20252.0
 70
   192
  0
VERTEX
  5
E59
330
E50
100
AcDbEntity
  8
3
 62
   215
100
AcDbFaceRecord
 10
0.0
 20
0.0
 30
0.0
 70
   128
 71
     1
 72
     2
 73
    -3
 74
    -3
  0
VERTEX
  5
E5A
330
E50
100
AcDbEntity
  8
3
 62
   215
100
AcDbFaceRecord
 10
0.0
 20
0.0
 30
0.0
 70
   128
 71
    -1
 72
     3
 73
     4
 74
     4
  0
VERTEX
  5
E5B
330
E50
100
AcDbEntity
  8
3
 62
   215
100
AcDbFaceRecord
 10
0.0
 20
0.0
 30
0.0
 70
   128
 71
     2
 72
     5
 73
    -6
 74
    -6
  0
VERTEX
  5
E5C
330
E50
100
AcDbEntity
  8
3
 62
   215
100
AcDbFaceRecord
 10
0.0
 20
0.0
 30
0.0
 70
   128
 71
    -2
 72
     6
 73
     3
 74
     3
  0
VERTEX
  5
E5D
330
E50
100
AcDbEntity
  8
3
 62
   215
100
AcDbFaceRecord
 10
0.0
 20
0.0
 30
0.0
 70
   128
 71
     5
 72
     7
 73
    -8
 74
    -8
  0
VERTEX
  5
E5E
330
E50
100
AcDbEntity
  8
3
 62
   215
100
AcDbFaceRecord
 10
0.0
 20
0.0
 30
0.0
 70
   128
 71
    -5
 72
     8
 73
     6
 74
     6
  0
VERTEX
  5
E5F
330
E50
100
AcDbEntity
  8
3
 62
   215
100
AcDbFaceRecord
 10
0.0
 20
0.0
 30
0.0
 70
   128
 71
     7
 72
     1
 73
    -4
 74
    -4
  0
VERTEX
  5
E60
330
E50
100
AcDbEntity
  8
3
 62
   215
100
AcDbFaceRecord
 10
0.0
 20
0.0
 30
0.0
 70
   128
 71
    -7
 72
     4
 73
     8
 74
     8
  0
VERTEX
  5
E61
330
E50
100
AcDbEntity
  8
3
 62
   215
100
AcDbFaceRecord
 10
0.0
 20
0.0
 30
0.0
 70
   128
 71
     2
 72
     1
 73
    -7
 74
    -7
  0
VERTEX
  5
E62
330
E50
100
AcDbEntity
  8
3
 62
   215
100
AcDbFaceRecord
 10
0.0
 20
0.0
 30
0.0
 70
   128
 71
    -2
 72
     7
 73
     5
 74
     5
  0
VERTEX
  5
E63
330
E50
100
AcDbEntity
  8
3
 62
   215
100
AcDbFaceRecord
 10
0.0
 20
0.0
 30
0.0
 70
   128
 71
     4
 72
     3
 73
    -6
 74
    -6
  0
VERTEX
  5
E64
330
E50
100
AcDbEntity
  8
3
 62
   215
100
AcDbFaceRecord
 10
0.0
 20
0.0
 30
0.0
 70
   128
 71
    -4
 72
     6
 73
     8
 74
     8
  0
SEQEND
  5
E65
330
E50
100
AcDbEntity
  8
3
 62
   215
  0
POLYLINE
  5
E66
330
1F
100
AcDbEntity
  8
14
 62
   159
420
  2702694
100
AcDbPolyFaceMesh
 66
     1
 10
0.0
 20
0.0
 30
0.0
 70
    64
 71
     8
 72
    12
1001
TeklaStructures
1000
ID
1000
134138552
  0
VERTEX
  5
E67
330
E66
100
AcDbEntity
  8
14
 62
   159
100
AcDbVertex
100
AcDbPolyFaceMeshVertex
 10
32523.98574949416
 20
9845.002470494546
 30
17394.99974800007
 70
   192
  0
VERTEX
  5
E68
330
E66
100
AcDbEntity
  8
14
 62
   159
100
AcDbVertex
100
AcDbPolyFaceMeshVertex
 10
32523.98574949416
 20
9845.002470483674
 30
18069.99974800007
 70
   192
  0
VERTEX
  5
E69
330
E66
100
AcDbEntity
  8
14
 62
   159
100
AcDbVertex
100
AcDbPolyFaceMeshVertex
 10
32509.98574957827
 20
9845.000935831673
 30
18069.99974800007
 70
   192
  0
VERTEX
  5
E6A
330
E66
100
AcDbEntity
  8
14
 62
   159
100
AcDbVertex
100
AcDbPolyFaceMeshVertex
 10
32509.98574957827
 20
9845.000935842547
 30
17394.99974800007
 70
   192
  0
VERTEX
  5
E6B
330
E66
100
AcDbEntity
  8
14
 62
   159
100
AcDbVertex
100
AcDbPolyFaceMeshVertex
 10
32523.99671129416
 20
9745.002471095351
 30
18069.99974800007
 70
   192
  0
VERTEX
  5
E6C
330
E66
100
AcDbEntity
  8
14
 62
   159
100
AcDbVertex
100
AcDbPolyFaceMeshVertex
 10
32509.99671137827
 20
9745.000936443352
 30
18069.99974800007
 70
   192
  0
VERTEX
  5
E6D
330
E66
100
AcDbEntity
  8
14
 62
   159
100
AcDbVertex
100
AcDbPolyFaceMeshVertex
 10
32523.99671129416
 20
9745.002471095351
 30
17394.99974800008
 70
   192
  0
VERTEX
  5
E6E
330
E66
100
AcDbEntity
  8
14
 62
   159
100
AcDbVertex
100
AcDbPolyFaceMeshVertex
 10
32509.99671137827
 20
9745.000936443352
 30
17394.99974800008
 70
   192
  0
VERTEX
  5
E6F
330
E66
100
AcDbEntity
  8
14
 62
   159
100
AcDbFaceRecord
 10
0.0
 20
0.0
 30
0.0
 70
   128
 71
     1
 72
     2
 73
    -3
 74
    -3
  0
VERTEX
  5
E70
330
E66
100
AcDbEntity
  8
14
 62
   159
100
AcDbFaceRecord
 10
0.0
 20
0.0
 30
0.0
 70
   128
 71
    -1
 72
     3
 73
     4
 74
     4
  0
VERTEX
  5
E71
330
E66
100
AcDbEntity
  8
14
 62
   159
100
AcDbFaceRecord
 10
0.0
 20
0.0
 30
0.0
 70
   128
 71
     2
 72
     5
 73
    -6
 74
    -6
  0
VERTEX
  5
E72
330
E66
100
AcDbEntity
  8
14
 62
   159
100
AcDbFaceRecord
 10
0.0
 20
0.0
 30
0.0
 70
   128
 71
    -2
 72
     6
 73
     3
 74
     3
  0
VERTEX
  5
E73
330
E66
100
AcDbEntity
  8
14
 62
   159
100
AcDbFaceRecord
 10
0.0
 20
0.0
 30
0.0
 70
   128
 71
     5
 72
     7
 73
    -8
 74
    -8
  0
VERTEX
  5
E74
330
E66
100
AcDbEntity
  8
14
 62
   159
100
AcDbFaceRecord
 10
0.0
 20
0.0
 30
0.0
 70
   128
 71
    -5
 72
     8
 73
     6
 74
     6
  0
VERTEX
  5
E75
330
E66
100
AcDbEntity
  8
14
 62
   159
100
AcDbFaceRecord
 10
0.0
 20
0.0
 30
0.0
 70
   128
 71
     7
 72
     1
 73
    -4
 74
    -4
  0
VERTEX
  5
E76
330
E66
100
AcDbEntity
  8
14
 62
   159
100
AcDbFaceRecord
 10
0.0
 20
0.0
 30
0.0
 70
   128
 71
    -7
 72
     4
 73
     8
 74
     8
  0
VERTEX
  5
E77
330
E66
100
AcDbEntity
  8
14
 62
   159
100
AcDbFaceRecord
 10
0.0
 20
0.0
 30
0.0
 70
   128
 71
     2
 72
     1
 73
    -7
 74
    -7
  0
VERTEX
  5
E78
330
E66
100
AcDbEntity
  8
14
 62
   159
100
AcDbFaceRecord
 10
0.0
 20
0.0
 30
0.0
 70
   128
 71
    -2
 72
     7
 73
     5
 74
     5
  0
VERTEX
  5
E79
330
E66
100
AcDbEntity
  8
14
 62
   159
100
AcDbFaceRecord
 10
0.0
 20
0.0
 30
0.0
 70
   128
 71
     4
 72
     3
 73
    -6
 74
    -6
  0
VERTEX
  5
E7A
330
E66
100
AcDbEntity
  8
14
 62
   159
100
AcDbFaceRecord
 10
0.0
 20
0.0
 30
0.0
 70
   128
 71
    -4
 72
     6
 73
     8
 74
     8
  0
SEQEND
  5
E7B
330
E66
100
AcDbEntity
  8
14
 62
   159
  0
POLYLINE
  5
E7C
330
1F
100
AcDbEntity
  8
21
 62
   206
420
  6689894
100
AcDbPolyFaceMesh
 66
     1
 10
0.0
 20
0.0
 30
0.0
 70
    64
 71
     8
 72
    12
1001
TeklaStructures
1000
ID
1000
134138545
  0
VERTEX
  5
E7D
330
E7C
100
AcDbEntity
  8
21
 62
   206
100
AcDbVertex
100
AcDbPolyFaceMeshVertex
 10
32509.98574957827
 20
9845.000935822938
 30
17799.99974800004
 70
   192
  0
VERTEX
  5
E7E
330
E7C
100
AcDbEntity
  8
21
 62
   206
100
AcDbVertex
100
AcDbPolyFaceMeshVertex
 10
32509.98574957827
 20
9845.000935828912
 30
18069.99974800004
 70
   192
  0
VERTEX
  5
E7F
330
E7C
100
AcDbEntity
  8
21
 62
   206
100
AcDbVertex
100
AcDbPolyFaceMeshVertex
 10
32489.98574967486
 20
9844.99897026891
 30
18069.99974800004
 70
   192
  0
VERTEX
  5
E80
330
E7C
100
AcDbEntity
  8
21
 62
   206
100
AcDbVertex
100
AcDbPolyFaceMeshVertex
 10
32489.98574967486
 20
9844.998970262937
 30
17799.99974800004
 70
   192
  0
VERTEX
  5
E81
330
E7C
100
AcDbEntity
  8
21
 62
   206
100
AcDbVertex
100
AcDbPolyFaceMeshVertex
 10
32509.99999988378
 20
9700.00098229955
 30
18069.99974800004
 70
   192
  0
VERTEX
  5
E82
330
E7C
100
AcDbEntity
  8
21
 62
   206
100
AcDbVertex
100
AcDbPolyFaceMeshVertex
 10
32489.99999998036
 20
9699.99901673955
 30
18069.99974800004
 70
   192
  0
VERTEX
  5
E83
330
E7C
100
AcDbEntity
  8
21
 62
   206
100
AcDbVertex
100
AcDbPolyFaceMeshVertex
 10
32509.99999988378
 20
9700.00098229955
 30
17799.99974800004
 70
   192
  0
VERTEX
  5
E84
330
E7C
100
AcDbEntity
  8
21
 62
   206
100
AcDbVertex
100
AcDbPolyFaceMeshVertex
 10
32489.99999998036
 20
9699.99901673955
 30
17799.99974800004
 70
   192
  0
VERTEX
  5
E85
330
E7C
100
AcDbEntity
  8
21
 62
   206
100
AcDbFaceRecord
 10
0.0
 20
0.0
 30
0.0
 70
   128
 71
     1
 72
     2
 73
    -3
 74
    -3
  0
VERTEX
  5
E86
330
E7C
100
AcDbEntity
  8
21
 62
   206
100
AcDbFaceRecord
 10
0.0
 20
0.0
 30
0.0
 70
   128
 71
    -1
 72
     3
 73
     4
 74
     4
  0
VERTEX
  5
E87
330
E7C
100
AcDbEntity
  8
21
 62
   206
100
AcDbFaceRecord
 10
0.0
 20
0.0
 30
0.0
 70
   128
 71
     2
 72
     5
 73
    -6
 74
    -6
  0
VERTEX
  5
E88
330
E7C
100
AcDbEntity
  8
21
 62
   206
100
AcDbFaceRecord
 10
0.0
 20
0.0
 30
0.0
 70
   128
 71
    -2
 72
     6
 73
     3
 74
     3
  0
VERTEX
  5
E89
330
E7C
100
AcDbEntity
  8
21
 62
   206
100
AcDbFaceRecord
 10
0.0
 20
0.0
 30
0.0
 70
   128
 71
     5
 72
     7
 73
    -8
 74
    -8
  0
VERTEX
  5
E8A
330
E7C
100
AcDbEntity
  8
21
 62
   206
100
AcDbFaceRecord
 10
0.0
 20
0.0
 30
0.0
 70
   128
 71
    -5
 72
     8
 73
     6
 74
     6
  0
VERTEX
  5
E8B
330
E7C
100
AcDbEntity
  8
21
 62
   206
100
AcDbFaceRecord
 10
0.0
 20
0.0
 30
0.0
 70
   128
 71
     7
 72
     1
 73
    -4
 74
    -4
  0
VERTEX
  5
E8C
330
E7C
100
AcDbEntity
  8
21
 62
   206
100
AcDbFaceRecord
 10
0.0
 20
0.0
 30
0.0
 70
   128
 71
    -7
 72
     4
 73
     8
 74
     8
  0
VERTEX
  5
E8D
330
E7C
100
AcDbEntity
  8
21
 62
   206
100
AcDbFaceRecord
 10
0.0
 20
0.0
 30
0.0
 70
   128
 71
     2
 72
     1
 73
    -7
 74
    -7
  0
VERTEX
  5
E8E
330
E7C
100
AcDbEntity
  8
21
 62
   206
100
AcDbFaceRecord
 10
0.0
 20
0.0
 30
0.0
 70
   128
 71
    -2
 72
     7
 73
     5
 74
     5
  0
VERTEX
  5
E8F
330
E7C
100
AcDbEntity
  8
21
 62
   206
100
AcDbFaceRecord
 10
0.0
 20
0.0
 30
0.0
 70
   128
 71
     4
 72
     3
 73
    -6
 74
    -6
  0
VERTEX
  5
E90
330
E7C
100
AcDbEntity
  8
21
 62
   206
100
AcDbFaceRecord
 10
0.0
 20
0.0
 30
0.0
 70
   128
 71
    -4
 72
     6
 73
     8
 74
     8
  0
SEQEND
  5
E91
330
E7C
100
AcDbEntity
  8
21
 62
   206
  0
POLYLINE
  5
E92
330
1F
100
AcDbEntity
  8
14
 62
   159
420
  2702694
100
AcDbPolyFaceMesh
 66
     1
 10
0.0
 20
0.0
 30
0.0
 70
    64
 71
     8
 72
    12
1001
TeklaStructures
1000
ID
1000
134138538
  0
VERTEX
  5
E93
330
E92
100
AcDbEntity
  8
14
 62
   159
100
AcDbVertex
100
AcDbPolyFaceMeshVertex
 10
32489.98574967485
 20
9844.998970282548
 30
17394.99974800007
 70
   192
  0
VERTEX
  5
E94
330
E92
100
AcDbEntity
  8
14
 62
   159
100
AcDbVertex
100
AcDbPolyFaceMeshVertex
 10
32489.98574967485
 20
9844.998970271676
 30
18069.99974800007
 70
   192
  0
VERTEX
  5
E95
330
E92
100
AcDbEntity
  8
14
 62
   159
100
AcDbVertex
100
AcDbPolyFaceMeshVertex
 10
32475.98574975897
 20
9844.997435619674
 30
18069.99974800007
 70
   192
  0
VERTEX
  5
E96
330
E92
100
AcDbEntity
  8
14
 62
   159
100
AcDbVertex
100
AcDbPolyFaceMeshVertex
 10
32475.98574975896
 20
9844.997435630547
 30
17394.99974800007
 70
   192
  0
VERTEX
  5
E97
330
E92
100
AcDbEntity
  8
14
 62
   159
100
AcDbVertex
100
AcDbPolyFaceMeshVertex
 10
32489.99671147485
 20
9744.998970883353
 30
18069.99974800007
 70
   192
  0
VERTEX
  5
E98
330
E92
100
AcDbEntity
  8
14
 62
   159
100
AcDbVertex
100
AcDbPolyFaceMeshVertex
 10
32475.99671155896
 20
9744.997436231353
 30
18069.99974800007
 70
   192
  0
VERTEX
  5
E99
330
E92
100
AcDbEntity
  8
14
 62
   159
100
AcDbVertex
100
AcDbPolyFaceMeshVertex
 10
32489.99671147485
 20
9744.998970883353
 30
17394.99974800008
 70
   192
  0
VERTEX
  5
E9A
330
E92
100
AcDbEntity
  8
14
 62
   159
100
AcDbVertex
100
AcDbPolyFaceMeshVertex
 10
32475.99671155896
 20
9744.997436231353
 30
17394.99974800008
 70
   192
  0
VERTEX
  5
E9B
330
E92
100
AcDbEntity
  8
14
 62
   159
100
AcDbFaceRecord
 10
0.0
 20
0.0
 30
0.0
 70
   128
 71
     1
 72
     2
 73
    -3
 74
    -3
  0
VERTEX
  5
E9C
330
E92
100
AcDbEntity
  8
14
 62
   159
100
AcDbFaceRecord
 10
0.0
 20
0.0
 30
0.0
 70
   128
 71
    -1
 72
     3
 73
     4
 74
     4
  0
VERTEX
  5
E9D
330
E92
100
AcDbEntity
  8
14
 62
   159
100
AcDbFaceRecord
 10
0.0
 20
0.0
 30
0.0
 70
   128
 71
     2
 72
     5
 73
    -6
 74
    -6
  0
VERTEX
  5
E9E
330
E92
100
AcDbEntity
  8
14
 62
   159
100
AcDbFaceRecord
 10
0.0
 20
0.0
 30
0.0
 70
   128
 71
    -2
 72
     6
 73
     3
 74
     3
  0
VERTEX
  5
E9F
330
E92
100
AcDbEntity
  8
14
 62
   159
100
AcDbFaceRecord
 10
0.0
 20
0.0
 30
0.0
 70
   128
 71
     5
 72
     7
 73
    -8
 74
    -8
  0
VERTEX
  5
EA0
330
E92
100
AcDbEntity
  8
14
 62
   159
100
AcDbFaceRecord
 10
0.0
 20
0.0
 30
0.0
 70
   128
 71
    -5
 72
     8
 73
     6
 74
     6
  0
VERTEX
  5
EA1
330
E92
100
AcDbEntity
  8
14
 62
   159
100
AcDbFaceRecord
 10
0.0
 20
0.0
 30
0.0
 70
   128
 71
     7
 72
     1
 73
    -4
 74
    -4
  0
VERTEX
  5
EA2
330
E92
100
AcDbEntity
  8
14
 62
   159
100
AcDbFaceRecord
 10
0.0
 20
0.0
 30
0.0
 70
   128
 71
    -7
 72
     4
 73
     8
 74
     8
  0
VERTEX
  5
EA3
330
E92
100
AcDbEntity
  8
14
 62
   159
100
AcDbFaceRecord
 10
0.0
 20
0.0
 30
0.0
 70
   128
 71
     2
 72
     1
 73
    -7
 74
    -7
  0
VERTEX
  5
EA4
330
E92
100
AcDbEntity
  8
14
 62
   159
100
AcDbFaceRecord
 10
0.0
 20
0.0
 30
0.0
 70
   128
 71
    -2
 72
     7
 73
     5
 74
     5
  0
VERTEX
  5
EA5
330
E92
100
AcDbEntity
  8
14
 62
   159
100
AcDbFaceRecord
 10
0.0
 20
0.0
 30
0.0
 70
   128
 71
     4
 72
     3
 73
    -6
 74
    -6
  0
VERTEX
  5
EA6
330
E92
100
AcDbEntity
  8
14
 62
   159
100
AcDbFaceRecord
 10
0.0
 20
0.0
 30
0.0
 70
   128
 71
    -4
 72
     6
 73
     8
 74
     8
  0
SEQEND
  5
EA7
330
E92
100
AcDbEntity
  8
14
 62
   159
  0
POLYLINE
  5
EA8
330
1F
100
AcDbEntity
  8
99
 62
   251
420
  6710886
100
AcDbPolyFaceMesh
 66
     1
 10
0.0
 20
0.0
 30
0.0
 70
    64
 71
    88
 72
   172
1001
TeklaStructures
1000
ID
1000
134138622
  0
VERTEX
  5
EA9
330
EA8
100
AcDbEntity
  8
99
 62
   251
100
AcDbVertex
100
AcDbPolyFaceMeshVertex
 10
33130.00131938309
 20
9664.994688839708
 30
17954.99974799947
 70
   192
  0
VERTEX
  5
EAA
330
EA8
100
AcDbEntity
  8
99
 62
   251
100
AcDbVertex
100
AcDbPolyFaceMeshVertex
 10
32470.00138041651
 20
9664.99655483934
 30
17954.99974799947
 70
   192
  0
VERTEX
  5
EAB
330
EA8
100
AcDbEntity
  8
99
 62
   251
100
AcDbVertex
100
AcDbPolyFaceMeshVertex
 10
32470.00138041651
 20
9664.99655483934
 30
17934.99974799947
 70
   192
  0
VERTEX
  5
EAC
330
EA8
100
AcDbEntity
  8
99
 62
   251
100
AcDbVertex
100
AcDbPolyFaceMeshVertex
 10
33130.00131938309
 20
9664.994688839708
 30
17934.99974799947
 70
   192
  0
VERTEX
  5
EAD
330
EA8
100
AcDbEntity
  8
99
 62
   251
100
AcDbVertex
100
AcDbPolyFaceMeshVertex
 10
32469.57045672756
 20
9659.521348961165
 30
17954.99974799947
 70
   192
  0
VERTEX
  5
EAE
330
EA8
100
AcDbEntity
  8
99
 62
   251
100
AcDbVertex
100
AcDbPolyFaceMeshVertex
 10
32469.57045672756
 20
9659.521348961165
 30
17934.99974799947
 70
   192
  0
VERTEX
  5
EAF
330
EA8
100
AcDbEntity
  8
99
 62
   251
100
AcDbVertex
100
AcDbPolyFaceMeshVertex
 10
32468.28832739506
 20
9654.180963300112
 30
17954.99974799947
 70
   192
  0
VERTEX
  5
EB0
330
EA8
100
AcDbEntity
  8
99
 62
   251
100
AcDbVertex
100
AcDbPolyFaceMeshVertex
 10
32468.28832739506
 20
9654.180963300112
 30
17934.99974799947
 70
   192
  0
VERTEX
  5
EB1
330
EA8
100
AcDbEntity
  8
99
 62
   251
100
AcDbVertex
100
AcDbPolyFaceMeshVertex
 10
32466.18656270785
 20
9649.106895914507
 30
17954.99974799947
 70
   192
  0
VERTEX
  5
EB2
330
EA8
100
AcDbEntity
  8
99
 62
   251
100
AcDbVertex
100
AcDbPolyFaceMeshVertex
 10
32466.18656270785
 20
9649.106895914507
 30
17934.99974799947
 70
   192
  0
VERTEX
  5
EB3
330
EA8
100
AcDbEntity
  8
99
 62
   251
100
AcDbVertex
100
AcDbPolyFaceMeshVertex
 10
32463.31691510348
 20
9644.424087220912
 30
17954.99974799947
 70
   192
  0
VERTEX
  5
EB4
330
EA8
100
AcDbEntity
  8
99
 62
   251
100
AcDbVertex
100
AcDbPolyFaceMeshVertex
 10
32463.31691510348
 20
9644.424087220912
 30
17934.99974799947
 70
   192
  0
VERTEX
  5
EB5
330
EA8
100
AcDbEntity
  8
99
 62
   251
100
AcDbVertex
100
AcDbPolyFaceMeshVertex
 10
32459.75004485109
 20
9640.24784354547
 30
17954.99974799947
 70
   192
  0
VERTEX
  5
EB6
330
EA8
100
AcDbEntity
  8
99
 62
   251
100
AcDbVertex
100
AcDbPolyFaceMeshVertex
 10
32459.75004485109
 20
9640.24784354547
 30
17934.99974799947
 70
   192
  0
VERTEX
  5
EB7
330
EA8
100
AcDbEntity
  8
99
 62
   251
100
AcDbVertex
100
AcDbPolyFaceMeshVertex
 10
32455.57378016053
 20
9636.680997898626
 30
17954.99974799947
 70
   192
  0
VERTEX
  5
EB8
330
EA8
100
AcDbEntity
  8
99
 62
   251
100
AcDbVertex
100
AcDbPolyFaceMeshVertex
 10
32455.57378016053
 20
9636.680997898626
 30
17934.99974799947
 70
   192
  0
VERTEX
  5
EB9
330
EA8
100
AcDbEntity
  8
99
 62
   251
100
AcDbVertex
100
AcDbPolyFaceMeshVertex
 10
32450.8909545597
 20
9633.811377884358
 30
17954.99974799947
 70
   192
  0
VERTEX
  5
EBA
330
EA8
100
AcDbEntity
  8
99
 62
   251
100
AcDbVertex
100
AcDbPolyFaceMeshVertex
 10
32450.8909545597
 20
9633.811377884358
 30
17934.99974799947
 70
   192
  0
VERTEX
  5
EBB
330
EA8
100
AcDbEntity
  8
99
 62
   251
100
AcDbVertex
100
AcDbPolyFaceMeshVertex
 10
32445.81687479106
 20
9631.709643092445
 30
17954.99974799947
 70
   192
  0
VERTEX
  5
EBC
330
EA8
100
AcDbEntity
  8
99
 62
   251
100
AcDbVertex
100
AcDbPolyFaceMeshVertex
 10
32445.81687479106
 20
9631.709643092445
 30
17934.99974799947
 70
   192
  0
VERTEX
  5
EBD
330
EA8
100
AcDbEntity
  8
99
 62
   251
100
AcDbVertex
100
AcDbPolyFaceMeshVertex
 10
32440.47648157609
 20
9630.427545224315
 30
17954.99974799947
 70
   192
  0
VERTEX
  5
EBE
330
EA8
100
AcDbEntity
  8
99
 62
   251
100
AcDbVertex
100
AcDbPolyFaceMeshVertex
 10
32440.47648157609
 20
9630.427545224315
 30
17934.99974799947
 70
   192
  0
VERTEX
  5
EBF
330
EA8
100
AcDbEntity
  8
99
 62
   251
100
AcDbVertex
100
AcDbPolyFaceMeshVertex
 10
32435.0012731591
 20
9629.996653794038
 30
17954.99974799947
 70
   192
  0
VERTEX
  5
EC0
330
EA8
100
AcDbEntity
  8
99
 62
   251
100
AcDbVertex
100
AcDbPolyFaceMeshVertex
 10
32435.0012731591
 20
9629.996653794038
 30
17934.99974799947
 70
   192
  0
VERTEX
  5
EC1
330
EA8
100
AcDbEntity
  8
99
 62
   251
100
AcDbVertex
100
AcDbPolyFaceMeshVertex
 10
32434.99986348835
 20
9169.9966173778
 30
17954.99974799947
 70
   192
  0
VERTEX
  5
EC2
330
EA8
100
AcDbEntity
  8
99
 62
   251
100
AcDbVertex
100
AcDbPolyFaceMeshVertex
 10
32434.99986348835
 20
9169.9966173778
 30
17934.99974799947
 70
   192
  0
VERTEX
  5
EC3
330
EA8
100
AcDbEntity
  8
99
 62
   251
100
AcDbVertex
100
AcDbPolyFaceMeshVertex
 10
32440.4750506878
 20
9169.565695332247
 30
17954.99974799947
 70
   192
  0
VERTEX
  5
EC4
330
EA8
100
AcDbEntity
  8
99
 62
   251
100
AcDbVertex
100
AcDbPolyFaceMeshVertex
 10
32440.4750506878
 20
9169.565695332247
 30
17934.99974799947
 70
   192
  0
VERTEX
  5
EC5
330
EA8
100
AcDbEntity
  8
99
 62
   251
100
AcDbVertex
100
AcDbPolyFaceMeshVertex
 10
32445.81541884617
 20
9168.283573414687
 30
17954.99974799947
 70
   192
  0
VERTEX
  5
EC6
330
EA8
100
AcDbEntity
  8
99
 62
   251
100
AcDbVertex
100
AcDbPolyFaceMeshVertex
 10
32445.81541884617
 20
9168.283573414687
 30
17934.99974799947
 70
   192
  0
VERTEX
  5
EC7
330
EA8
100
AcDbEntity
  8
99
 62
   251
100
AcDbVertex
100
AcDbPolyFaceMeshVertex
 10
32450.88947123394
 20
9166.181821515807
 30
17954.99974799947
 70
   192
  0
VERTEX
  5
EC8
330
EA8
100
AcDbEntity
  8
99
 62
   251
100
AcDbVertex
100
AcDbPolyFaceMeshVertex
 10
32450.88947123394
 20
9166.181821515807
 30
17934.99974799947
 70
   192
  0
VERTEX
  5
EC9
330
EA8
100
AcDbEntity
  8
99
 62
   251
100
AcDbVertex
100
AcDbPolyFaceMeshVertex
 10
32455.57226865696
 20
9163.31219140491
 30
17954.99974799947
 70
   192
  0
VERTEX
  5
ECA
330
EA8
100
AcDbEntity
  8
99
 62
   251
100
AcDbVertex
100
AcDbPolyFaceMeshVertex
 10
32455.57226865696
 20
9163.31219140491
 30
17934.99974799947
 70
   192
  0
VERTEX
  5
ECB
330
EA8
100
AcDbEntity
  8
99
 62
   251
100
AcDbVertex
100
AcDbPolyFaceMeshVertex
 10
32459.7485058539
 20
9159.74534243792
 30
17954.99974799947
 70
   192
  0
VERTEX
  5
ECC
330
EA8
100
AcDbEntity
  8
99
 62
   251
100
AcDbVertex
100
AcDbPolyFaceMeshVertex
 10
32459.7485058539
 20
9159.74534243792
 30
17934.99974799947
 70
   192
  0
VERTEX
  5
ECD
330
EA8
100
AcDbEntity
  8
99
 62
   251
100
AcDbVertex
100
AcDbPolyFaceMeshVertex
 10
32463.31535067597
 20
9155.569101700887
 30
17954.99974799947
 70
   192
  0
VERTEX
  5
ECE
330
EA8
100
AcDbEntity
  8
99
 62
   251
100
AcDbVertex
100
AcDbPolyFaceMeshVertex
 10
32463.31535067597
 20
9155.569101700887
 30
17934.99974799947
 70
   192
  0
VERTEX
  5
ECF
330
EA8
100
AcDbEntity
  8
99
 62
   251
100
AcDbVertex
100
AcDbPolyFaceMeshVertex
 10
32466.18497613918
 20
9150.886301429762
 30
17954.99974799947
 70
   192
  0
VERTEX
  5
ED0
330
EA8
100
AcDbEntity
  8
99
 62
   251
100
AcDbVertex
100
AcDbPolyFaceMeshVertex
 10
32466.18497613918
 20
9150.886301429762
 30
17934.99974799947
 70
   192
  0
VERTEX
  5
ED1
330
EA8
100
AcDbEntity
  8
99
 62
   251
100
AcDbVertex
100
AcDbPolyFaceMeshVertex
 10
32468.28672300206
 20
9145.812246955995
 30
17954.99974799947
 70
   192
  0
VERTEX
  5
ED2
330
EA8
100
AcDbEntity
  8
99
 62
   251
100
AcDbVertex
100
AcDbPolyFaceMeshVertex
 10
32468.28672300206
 20
9145.812246955995
 30
17934.99974799947
 70
   192
  0
VERTEX
  5
ED3
330
EA8
100
AcDbEntity
  8
99
 62
   251
100
AcDbVertex
100
AcDbPolyFaceMeshVertex
 10
32469.5688396193
 20
9140.471877525122
 30
17954.99974799947
 70
   192
  0
VERTEX
  5
ED4
330
EA8
100
AcDbEntity
  8
99
 62
   251
100
AcDbVertex
100
AcDbPolyFaceMeshVertex
 10
32469.5688396193
 20
9140.471877525122
 30
17934.99974799947
 70
   192
  0
VERTEX
  5
ED5
330
EA8
100
AcDbEntity
  8
99
 62
   251
100
AcDbVertex
100
AcDbPolyFaceMeshVertex
 10
32469.99975623072
 20
9134.996689897984
 30
17954.99974799947
 70
   192
  0
VERTEX
  5
ED6
330
EA8
100
AcDbEntity
  8
99
 62
   251
100
AcDbVertex
100
AcDbPolyFaceMeshVertex
 10
32469.99975623072
 20
9134.996689897984
 30
17934.99974799947
 70
   192
  0
VERTEX
  5
ED7
330
EA8
100
AcDbEntity
  8
99
 62
   251
100
AcDbVertex
100
AcDbPolyFaceMeshVertex
 10
33129.99798623506
 20
9134.998057414696
 30
17954.99974799947
 70
   192
  0
VERTEX
  5
ED8
330
EA8
100
AcDbEntity
  8
99
 62
   251
100
AcDbVertex
100
AcDbPolyFaceMeshVertex
 10
33129.99798623506
 20
9134.998057414696
 30
17934.99974799947
 70
   192
  0
VERTEX
  5
ED9
330
EA8
100
AcDbEntity
  8
99
 62
   251
100
AcDbVertex
100
AcDbPolyFaceMeshVertex
 10
33130.42888754737
 20
9140.473293487164
 30
17954.99974799947
 70
   192
  0
VERTEX
  5
EDA
330
EA8
100
AcDbEntity
  8
99
 62
   251
100
AcDbVertex
100
AcDbPolyFaceMeshVertex
 10
33130.42888754737
 20
9140.473293487164
 30
17934.99974799947
 70
   192
  0
VERTEX
  5
EDB
330
EA8
100
AcDbEntity
  8
99
 62
   251
100
AcDbVertex
100
AcDbPolyFaceMeshVertex
 10
33131.71100384058
 20
9145.813711429693
 30
17954.99974799947
 70
   192
  0
VERTEX
  5
EDC
330
EA8
100
AcDbEntity
  8
99
 62
   251
100
AcDbVertex
100
AcDbPolyFaceMeshVertex
 10
33131.71100384058
 20
9145.813711429693
 30
17934.99974799947
 70
   192
  0
VERTEX
  5
EDD
330
EA8
100
AcDbEntity
  8
99
 62
   251
100
AcDbVertex
100
AcDbPolyFaceMeshVertex
 10
33133.81276482105
 20
9150.887811031705
 30
17954.99974799947
 70
   192
  0
VERTEX
  5
EDE
330
EA8
100
AcDbEntity
  8
99
 62
   251
100
AcDbVertex
100
AcDbPolyFaceMeshVertex
 10
33133.81276482105
 20
9150.887811031705
 30
17934.99974799947
 70
   192
  0
VERTEX
  5
EDF
330
EA8
100
AcDbEntity
  8
99
 62
   251
100
AcDbVertex
100
AcDbPolyFaceMeshVertex
 10
33136.68241760831
 20
9155.570649793695
 30
17954.99974799947
 70
   192
  0
VERTEX
  5
EE0
330
EA8
100
AcDbEntity
  8
99
 62
   251
100
AcDbVertex
100
AcDbPolyFaceMeshVertex
 10
33136.68241760831
 20
9155.570649793695
 30
17934.99974799947
 70
   192
  0
VERTEX
  5
EE1
330
EA8
100
AcDbEntity
  8
99
 62
   251
100
AcDbVertex
100
AcDbPolyFaceMeshVertex
 10
33140.24930107622
 20
9159.746919458901
 30
17954.99974799947
 70
   192
  0
VERTEX
  5
EE2
330
EA8
100
AcDbEntity
  8
99
 62
   251
100
AcDbVertex
100
AcDbPolyFaceMeshVertex
 10
33140.24930107622
 20
9159.746919458901
 30
17934.99974799947
 70
   192
  0
VERTEX
  5
EE3
330
EA8
100
AcDbEntity
  8
99
 62
   251
100
AcDbVertex
100
AcDbPolyFaceMeshVertex
 10
33144.42558578294
 20
9163.313785315455
 30
17954.99974799947
 70
   192
  0
VERTEX
  5
EE4
330
EA8
100
AcDbEntity
  8
99
 62
   251
100
AcDbVertex
100
AcDbPolyFaceMeshVertex
 10
33144.42558578294
 20
9163.313785315455
 30
17934.99974799947
 70
   192
  0
VERTEX
  5
EE5
330
EA8
100
AcDbEntity
  8
99
 62
   251
100
AcDbVertex
100
AcDbPolyFaceMeshVertex
 10
33149.10843664621
 20
9166.183418355155
 30
17954.99974799947
 70
   192
  0
VERTEX
  5
EE6
330
EA8
100
AcDbEntity
  8
99
 62
   251
100
AcDbVertex
100
AcDbPolyFaceMeshVertex
 10
33149.10843664621
 20
9166.183418355155
 30
17934.99974799947
 70
   192
  0
VERTEX
  5
EE7
330
EA8
100
AcDbEntity
  8
99
 62
   251
100
AcDbVertex
100
AcDbPolyFaceMeshVertex
 10
33154.18254511131
 20
9168.285157938133
 30
17954.99974799947
 70
   192
  0
VERTEX
  5
EE8
330
EA8
100
AcDbEntity
  8
99
 62
   251
100
AcDbVertex
100
AcDbPolyFaceMeshVertex
 10
33154.18254511131
 20
9168.285157938133
 30
17934.99974799947
 70
   192
  0
VERTEX
  5
EE9
330
EA8
100
AcDbEntity
  8
99
 62
   251
100
AcDbVertex
100
AcDbPolyFaceMeshVertex
 10
33159.52296846047
 20
9169.567251710787
 30
17954.99974799947
 70
   192
  0
VERTEX
  5
EEA
330
EA8
100
AcDbEntity
  8
99
 62
   251
100
AcDbVertex
100
AcDbPolyFaceMeshVertex
 10
33159.52296846047
 20
9169.567251710787
 30
17934.99974799947
 70
   192
  0
VERTEX
  5
EEB
330
EA8
100
AcDbEntity
  8
99
 62
   251
100
AcDbVertex
100
AcDbPolyFaceMeshVertex
 10
33164.99820635
 20
9169.998129934025
 30
17954.99974799947
 70
   192
  0
VERTEX
  5
EEC
330
EA8
100
AcDbEntity
  8
99
 62
   251
100
AcDbVertex
100
AcDbPolyFaceMeshVertex
 10
33164.99820635
 20
9169.998129934025
 30
17934.99974799947
 70
   192
  0
VERTEX
  5
EED
330
EA8
100
AcDbEntity
  8
99
 62
   251
100
AcDbVertex
100
AcDbPolyFaceMeshVertex
 10
33165.00109926794
 20
9629.994589885866
 30
17954.99974799947
 70
   192
  0
VERTEX
  5
EEE
330
EA8
100
AcDbEntity
  8
99
 62
   251
100
AcDbVertex
100
AcDbPolyFaceMeshVertex
 10
33165.00109926794
 20
9629.994589885866
 30
17934.99974799947
 70
   192
  0
VERTEX
  5
EEF
330
EA8
100
AcDbEntity
  8
99
 62
   251
100
AcDbVertex
100
AcDbPolyFaceMeshVertex
 10
33159.52590766848
 20
9630.42553050316
 30
17954.99974799947
 70
   192
  0
VERTEX
  5
EF0
330
EA8
100
AcDbEntity
  8
99
 62
   251
100
AcDbVertex
100
AcDbPolyFaceMeshVertex
 10
33159.52590766848
 20
9630.42553050316
 30
17934.99974799947
 70
   192
  0
VERTEX
  5
EF1
330
EA8
100
AcDbEntity
  8
99
 62
   251
100
AcDbVertex
100
AcDbPolyFaceMeshVertex
 10
33154.18553828427
 20
9631.707672346514
 30
17954.99974799947
 70
   192
  0
VERTEX
  5
EF2
330
EA8
100
AcDbEntity
  8
99
 62
   251
100
AcDbVertex
100
AcDbPolyFaceMeshVertex
 10
33154.18553828427
 20
9631.707672346514
 30
17934.99974799947
 70
   192
  0
VERTEX
  5
EF3
330
EA8
100
AcDbEntity
  8
99
 62
   251
100
AcDbVertex
100
AcDbPolyFaceMeshVertex
 10
33149.11148815481
 20
9633.809444967424
 30
17954.99974799947
 70
   192
  0
VERTEX
  5
EF4
330
EA8
100
AcDbEntity
  8
99
 62
   251
100
AcDbVertex
100
AcDbPolyFaceMeshVertex
 10
33149.11148815481
 20
9633.809444967424
 30
17934.99974799947
 70
   192
  0
VERTEX
  5
EF5
330
EA8
100
AcDbEntity
  8
99
 62
   251
100
AcDbVertex
100
AcDbPolyFaceMeshVertex
 10
33144.42869668453
 20
9636.679095976211
 30
17954.99974799947
 70
   192
  0
VERTEX
  5
EF6
330
EA8
100
AcDbEntity
  8
99
 62
   251
100
AcDbVertex
100
AcDbPolyFaceMeshVertex
 10
33144.42869668453
 20
9636.679095976211
 30
17934.99974799947
 70
   192
  0
VERTEX
  5
EF7
330
EA8
100
AcDbEntity
  8
99
 62
   251
100
AcDbVertex
100
AcDbPolyFaceMeshVertex
 10
33140.25246923356
 20
9640.245965352022
 30
17954.99974799947
 70
   192
  0
VERTEX
  5
EF8
330
EA8
100
AcDbEntity
  8
99
 62
   251
100
AcDbVertex
100
AcDbPolyFaceMeshVertex
 10
33140.25246923356
 20
9640.245965352022
 30
17934.99974799947
 70
   192
  0
VERTEX
  5
EF9
330
EA8
100
AcDbEntity
  8
99
 62
   251
100
AcDbVertex
100
AcDbPolyFaceMeshVertex
 10
33136.68563792953
 20
9644.422225319375
 30
17954.99974799947
 70
   192
  0
VERTEX
  5
EFA
330
EA8
100
AcDbEntity
  8
99
 62
   251
100
AcDbVertex
100
AcDbPolyFaceMeshVertex
 10
33136.68563792953
 20
9644.422225319375
 30
17934.99974799947
 70
   192
  0
VERTEX
  5
EFB
330
EA8
100
AcDbEntity
  8
99
 62
   251
100
AcDbVertex
100
AcDbPolyFaceMeshVertex
 10
33133.81602961046
 20
9649.105042949977
 30
17954.99974799947
 70
   192
  0
VERTEX
  5
EFC
330
EA8
100
AcDbEntity
  8
99
 62
   251
100
AcDbVertex
100
AcDbPolyFaceMeshVertex
 10
33133.81602961046
 20
9649.105042949977
 30
17934.99974799947
 70
   192
  0
VERTEX
  5
EFD
330
EA8
100
AcDbEntity
  8
99
 62
   251
100
AcDbVertex
100
AcDbPolyFaceMeshVertex
 10
33131.71430324607
 20
9654.179112239564
 30
17954.99974799947
 70
   192
  0
VERTEX
  5
EFE
330
EA8
100
AcDbEntity
  8
99
 62
   251
100
AcDbVertex
100
AcDbPolyFaceMeshVertex
 10
33131.71430324607
 20
9654.179112239564
 30
17934.99974799947
 70
   192
  0
VERTEX
  5
EFF
330
EA8
100
AcDbEntity
  8
99
 62
   251
100
AcDbVertex
100
AcDbPolyFaceMeshVertex
 10
33130.43221008703
 20
9659.519493311913
 30
17954.99974799947
 70
   192
  0
VERTEX
  5
F00
330
EA8
100
AcDbEntity
  8
99
 62
   251
100
AcDbVertex
100
AcDbPolyFaceMeshVertex
 10
33130.43221008703
 20
9659.519493311913
 30
17934.99974799947
 70
   192
  0
VERTEX
  5
F01
330
EA8
100
AcDbEntity
  8
99
 62
   251
100
AcDbFaceRecord
 10
0.0
 20
0.0
 30
0.0
 70
   128
 71
     1
 72
     2
 73
    -3
 74
    -3
  0
VERTEX
  5
F02
330
EA8
100
AcDbEntity
  8
99
 62
   251
100
AcDbFaceRecord
 10
0.0
 20
0.0
 30
0.0
 70
   128
 71
    -1
 72
     3
 73
     4
 74
     4
  0
VERTEX
  5
F03
330
EA8
100
AcDbEntity
  8
99
 62
   251
100
AcDbFaceRecord
 10
0.0
 20
0.0
 30
0.0
 70
   128
 71
     2
 72
     5
 73
    -6
 74
    -6
  0
VERTEX
  5
F04
330
EA8
100
AcDbEntity
  8
99
 62
   251
100
AcDbFaceRecord
 10
0.0
 20
0.0
 30
0.0
 70
   128
 71
    -2
 72
     6
 73
     3
 74
     3
  0
VERTEX
  5
F05
330
EA8
100
AcDbEntity
  8
99
 62
   251
100
AcDbFaceRecord
 10
0.0
 20
0.0
 30
0.0
 70
   128
 71
     5
 72
     7
 73
    -8
 74
    -8
  0
VERTEX
  5
F06
330
EA8
100
AcDbEntity
  8
99
 62
   251
100
AcDbFaceRecord
 10
0.0
 20
0.0
 30
0.0
 70
   128
 71
    -5
 72
     8
 73
     6
 74
     6
  0
VERTEX
  5
F07
330
EA8
100
AcDbEntity
  8
99
 62
   251
100
AcDbFaceRecord
 10
0.0
 20
0.0
 30
0.0
 70
   128
 71
     7
 72
     9
 73
   -10
 74
   -10
  0
VERTEX
  5
F08
330
EA8
100
AcDbEntity
  8
99
 62
   251
100
AcDbFaceRecord
 10
0.0
 20
0.0
 30
0.0
 70
   128
 71
    -7
 72
    10
 73
     8
 74
     8
  0
VERTEX
  5
F09
330
EA8
100
AcDbEntity
  8
99
 62
   251
100
AcDbFaceRecord
 10
0.0
 20
0.0
 30
0.0
 70
   128
 71
     9
 72
    11
 73
   -12
 74
   -12
  0
VERTEX
  5
F0A
330
EA8
100
AcDbEntity
  8
99
 62
   251
100
AcDbFaceRecord
 10
0.0
 20
0.0
 30
0.0
 70
   128
 71
    -9
 72
    12
 73
    10
 74
    10
  0
VERTEX
  5
F0B
330
EA8
100
AcDbEntity
  8
99
 62
   251
100
AcDbFaceRecord
 10
0.0
 20
0.0
 30
0.0
 70
   128
 71
    11
 72
    13
 73
   -14
 74
   -14
  0
VERTEX
  5
F0C
330
EA8
100
AcDbEntity
  8
99
 62
   251
100
AcDbFaceRecord
 10
0.0
 20
0.0
 30
0.0
 70
   128
 71
   -11
 72
    14
 73
    12
 74
    12
  0
VERTEX
  5
F0D
330
EA8
100
AcDbEntity
  8
99
 62
   251
100
AcDbFaceRecord
 10
0.0
 20
0.0
 30
0.0
 70
   128
 71
    13
 72
    15
 73
   -16
 74
   -16
  0
VERTEX
  5
F0E
330
EA8
100
AcDbEntity
  8
99
 62
   251
100
AcDbFaceRecord
 10
0.0
 20
0.0
 30
0.0
 70
   128
 71
   -13
 72
    16
 73
    14
 74
    14
  0
VERTEX
  5
F0F
330
EA8
100
AcDbEntity
  8
99
 62
   251
100
AcDbFaceRecord
 10
0.0
 20
0.0
 30
0.0
 70
   128
 71
    15
 72
    17
 73
   -18
 74
   -18
  0
VERTEX
  5
F10
330
EA8
100
AcDbEntity
  8
99
 62
   251
100
AcDbFaceRecord
 10
0.0
 20
0.0
 30
0.0
 70
   128
 71
   -15
 72
    18
 73
    16
 74
    16
  0
VERTEX
  5
F11
330
EA8
100
AcDbEntity
  8
99
 62
   251
100
AcDbFaceRecord
 10
0.0
 20
0.0
 30
0.0
 70
   128
 71
    17
 72
    19
 73
   -20
 74
   -20
  0
VERTEX
  5
F12
330
EA8
100
AcDbEntity
  8
99
 62
   251
100
AcDbFaceRecord
 10
0.0
 20
0.0
 30
0.0
 70
   128
 71
   -17
 72
    20
 73
    18
 74
    18
  0
VERTEX
  5
F13
330
EA8
100
AcDbEntity
  8
99
 62
   251
100
AcDbFaceRecord
 10
0.0
 20
0.0
 30
0.0
 70
   128
 71
    19
 72
    21
 73
   -22
 74
   -22
  0
VERTEX
  5
F14
330
EA8
100
AcDbEntity
  8
99
 62
   251
100
AcDbFaceRecord
 10
0.0
 20
0.0
 30
0.0
 70
   128
 71
   -19
 72
    22
 73
    20
 74
    20
  0
VERTEX
  5
F15
330
EA8
100
AcDbEntity
  8
99
 62
   251
100
AcDbFaceRecord
 10
0.0
 20
0.0
 30
0.0
 70
   128
 71
    21
 72
    23
 73
   -24
 74
   -24
  0
VERTEX
  5
F16
330
EA8
100
AcDbEntity
  8
99
 62
   251
100
AcDbFaceRecord
 10
0.0
 20
0.0
 30
0.0
 70
   128
 71
   -21
 72
    24
 73
    22
 74
    22
  0
VERTEX
  5
F17
330
EA8
100
AcDbEntity
  8
99
 62
   251
100
AcDbFaceRecord
 10
0.0
 20
0.0
 30
0.0
 70
   128
 71
    23
 72
    25
 73
   -26
 74
   -26
  0
VERTEX
  5
F18
330
EA8
100
AcDbEntity
  8
99
 62
   251
100
AcDbFaceRecord
 10
0.0
 20
0.0
 30
0.0
 70
   128
 71
   -23
 72
    26
 73
    24
 74
    24
  0
VERTEX
  5
F19
330
EA8
100
AcDbEntity
  8
99
 62
   251
100
AcDbFaceRecord
 10
0.0
 20
0.0
 30
0.0
 70
   128
 71
    25
 72
    27
 73
   -28
 74
   -28
  0
VERTEX
  5
F1A
330
EA8
100
AcDbEntity
  8
99
 62
   251
100
AcDbFaceRecord
 10
0.0
 20
0.0
 30
0.0
 70
   128
 71
   -25
 72
    28
 73
    26
 74
    26
  0
VERTEX
  5
F1B
330
EA8
100
AcDbEntity
  8
99
 62
   251
100
AcDbFaceRecord
 10
0.0
 20
0.0
 30
0.0
 70
   128
 71
    27
 72
    29
 73
   -30
 74
   -30
  0
VERTEX
  5
F1C
330
EA8
100
AcDbEntity
  8
99
 62
   251
100
AcDbFaceRecord
 10
0.0
 20
0.0
 30
0.0
 70
   128
 71
   -27
 72
    30
 73
    28
 74
    28
  0
VERTEX
  5
F1D
330
EA8
100
AcDbEntity
  8
99
 62
   251
100
AcDbFaceRecord
 10
0.0
 20
0.0
 30
0.0
 70
   128
 71
    29
 72
    31
 73
   -32
 74
   -32
  0
VERTEX
  5
F1E
330
EA8
100
AcDbEntity
  8
99
 62
   251
100
AcDbFaceRecord
 10
0.0
 20
0.0
 30
0.0
 70
   128
 71
   -29
 72
    32
 73
    30
 74
    30
  0
VERTEX
  5
F1F
330
EA8
100
AcDbEntity
  8
99
 62
   251
100
AcDbFaceRecord
 10
0.0
 20
0.0
 30
0.0
 70
   128
 71
    31
 72
    33
 73
   -34
 74
   -34
  0
VERTEX
  5
F20
330
EA8
100
AcDbEntity
  8
99
 62
   251
100
AcDbFaceRecord
 10
0.0
 20
0.0
 30
0.0
 70
   128
 71
   -31
 72
    34
 73
    32
 74
    32
  0
VERTEX
  5
F21
330
EA8
100
AcDbEntity
  8
99
 62
   251
100
AcDbFaceRecord
 10
0.0
 20
0.0
 30
0.0
 70
   128
 71
    33
 72
    35
 73
   -36
 74
   -36
  0
VERTEX
  5
F22
330
EA8
100
AcDbEntity
  8
99
 62
   251
100
AcDbFaceRecord
 10
0.0
 20
0.0
 30
0.0
 70
   128
 71
   -33
 72
    36
 73
    34
 74
    34
  0
VERTEX
  5
F23
330
EA8
100
AcDbEntity
  8
99
 62
   251
100
AcDbFaceRecord
 10
0.0
 20
0.0
 30
0.0
 70
   128
 71
    35
 72
    37
 73
   -38
 74
   -38
  0
VERTEX
  5
F24
330
EA8
100
AcDbEntity
  8
99
 62
   251
100
AcDbFaceRecord
 10
0.0
 20
0.0
 30
0.0
 70
   128
 71
   -35
 72
    38
 73
    36
 74
    36
  0
VERTEX
  5
F25
330
EA8
100
AcDbEntity
  8
99
 62
   251
100
AcDbFaceRecord
 10
0.0
 20
0.0
 30
0.0
 70
   128
 71
    37
 72
    39
 73
   -40
 74
   -40
  0
VERTEX
  5
F26
330
EA8
100
AcDbEntity
  8
99
 62
   251
100
AcDbFaceRecord
 10
0.0
 20
0.0
 30
0.0
 70
   128
 71
   -37
 72
    40
 73
    38
 74
    38
  0
VERTEX
  5
F27
330
EA8
100
AcDbEntity
  8
99
 62
   251
100
AcDbFaceRecord
 10
0.0
 20
0.0
 30
0.0
 70
   128
 71
    39
 72
    41
 73
   -42
 74
   -42
  0
VERTEX
  5
F28
330
EA8
100
AcDbEntity
  8
99
 62
   251
100
AcDbFaceRecord
 10
0.0
 20
0.0
 30
0.0
 70
   128
 71
   -39
 72
    42
 73
    40
 74
    40
  0
VERTEX
  5
F29
330
EA8
100
AcDbEntity
  8
99
 62
   251
100
AcDbFaceRecord
 10
0.0
 20
0.0
 30
0.0
 70
   128
 71
    41
 72
    43
 73
   -44
 74
   -44
  0
VERTEX
  5
F2A
330
EA8
100
AcDbEntity
  8
99
 62
   251
100
AcDbFaceRecord
 10
0.0
 20
0.0
 30
0.0
 70
   128
 71
   -41
 72
    44
 73
    42
 74
    42
  0
VERTEX
  5
F2B
330
EA8
100
AcDbEntity
  8
99
 62
   251
100
AcDbFaceRecord
 10
0.0
 20
0.0
 30
0.0
 70
   128
 71
    43
 72
    45
 73
   -46
 74
   -46
  0
VERTEX
  5
F2C
330
EA8
100
AcDbEntity
  8
99
 62
   251
100
AcDbFaceRecord
 10
0.0
 20
0.0
 30
0.0
 70
   128
 71
   -43
 72
    46
 73
    44
 74
    44
  0
VERTEX
  5
F2D
330
EA8
100
AcDbEntity
  8
99
 62
   251
100
AcDbFaceRecord
 10
0.0
 20
0.0
 30
0.0
 70
   128
 71
    45
 72
    47
 73
   -48
 74
   -48
  0
VERTEX
  5
F2E
330
EA8
100
AcDbEntity
  8
99
 62
   251
100
AcDbFaceRecord
 10
0.0
 20
0.0
 30
0.0
 70
   128
 71
   -45
 72
    48
 73
    46
 74
    46
  0
VERTEX
  5
F2F
330
EA8
100
AcDbEntity
  8
99
 62
   251
100
AcDbFaceRecord
 10
0.0
 20
0.0
 30
0.0
 70
   128
 71
    47
 72
    49
 73
   -50
 74
   -50
  0
VERTEX
  5
F30
330
EA8
100
AcDbEntity
  8
99
 62
   251
100
AcDbFaceRecord
 10
0.0
 20
0.0
 30
0.0
 70
   128
 71
   -47
 72
    50
 73
    48
 74
    48
  0
VERTEX
  5
F31
330
EA8
100
AcDbEntity
  8
99
 62
   251
100
AcDbFaceRecord
 10
0.0
 20
0.0
 30
0.0
 70
   128
 71
    49
 72
    51
 73
   -52
 74
   -52
  0
VERTEX
  5
F32
330
EA8
100
AcDbEntity
  8
99
 62
   251
100
AcDbFaceRecord
 10
0.0
 20
0.0
 30
0.0
 70
   128
 71
   -49
 72
    52
 73
    50
 74
    50
  0
VERTEX
  5
F33
330
EA8
100
AcDbEntity
  8
99
 62
   251
100
AcDbFaceRecord
 10
0.0
 20
0.0
 30
0.0
 70
   128
 71
    51
 72
    53
 73
   -54
 74
   -54
  0
VERTEX
  5
F34
330
EA8
100
AcDbEntity
  8
99
 62
   251
100
AcDbFaceRecord
 10
0.0
 20
0.0
 30
0.0
 70
   128
 71
   -51
 72
    54
 73
    52
 74
    52
  0
VERTEX
  5
F35
330
EA8
100
AcDbEntity
  8
99
 62
   251
100
AcDbFaceRecord
 10
0.0
 20
0.0
 30
0.0
 70
   128
 71
    53
 72
    55
 73
   -56
 74
   -56
  0
VERTEX
  5
F36
330
EA8
100
AcDbEntity
  8
99
 62
   251
100
AcDbFaceRecord
 10
0.0
 20
0.0
 30
0.0
 70
   128
 71
   -53
 72
    56
 73
    54
 74
    54
  0
VERTEX
  5
F37
330
EA8
100
AcDbEntity
  8
99
 62
   251
100
AcDbFaceRecord
 10
0.0
 20
0.0
 30
0.0
 70
   128
 71
    55
 72
    57
 73
   -58
 74
   -58
  0
VERTEX
  5
F38
330
EA8
100
AcDbEntity
  8
99
 62
   251
100
AcDbFaceRecord
 10
0.0
 20
0.0
 30
0.0
 70
   128
 71
   -55
 72
    58
 73
    56
 74
    56
  0
VERTEX
  5
F39
330
EA8
100
AcDbEntity
  8
99
 62
   251
100
AcDbFaceRecord
 10
0.0
 20
0.0
 30
0.0
 70
   128
 71
    57
 72
    59
 73
   -60
 74
   -60
  0
VERTEX
  5
F3A
330
EA8
100
AcDbEntity
  8
99
 62
   251
100
AcDbFaceRecord
 10
0.0
 20
0.0
 30
0.0
 70
   128
 71
   -57
 72
    60
 73
    58
 74
    58
  0
VERTEX
  5
F3B
330
EA8
100
AcDbEntity
  8
99
 62
   251
100
AcDbFaceRecord
 10
0.0
 20
0.0
 30
0.0
 70
   128
 71
    59
 72
    61
 73
   -62
 74
   -62
  0
VERTEX
  5
F3C
330
EA8
100
AcDbEntity
  8
99
 62
   251
100
AcDbFaceRecord
 10
0.0
 20
0.0
 30
0.0
 70
   128
 71
   -59
 72
    62
 73
    60
 74
    60
  0
VERTEX
  5
F3D
330
EA8
100
AcDbEntity
  8
99
 62
   251
100
AcDbFaceRecord
 10
0.0
 20
0.0
 30
0.0
 70
   128
 71
    61
 72
    63
 73
   -64
 74
   -64
  0
VERTEX
  5
F3E
330
EA8
100
AcDbEntity
  8
99
 62
   251
100
AcDbFaceRecord
 10
0.0
 20
0.0
 30
0.0
 70
   128
 71
   -61
 72
    64
 73
    62
 74
    62
  0
VERTEX
  5
F3F
330
EA8
100
AcDbEntity
  8
99
 62
   251
100
AcDbFaceRecord
 10
0.0
 20
0.0
 30
0.0
 70
   128
 71
    63
 72
    65
 73
   -66
 74
   -66
  0
VERTEX
  5
F40
330
EA8
100
AcDbEntity
  8
99
 62
   251
100
AcDbFaceRecord
 10
0.0
 20
0.0
 30
0.0
 70
   128
 71
   -63
 72
    66
 73
    64
 74
    64
  0
VERTEX
  5
F41
330
EA8
100
AcDbEntity
  8
99
 62
   251
100
AcDbFaceRecord
 10
0.0
 20
0.0
 30
0.0
 70
   128
 71
    65
 72
    67
 73
   -68
 74
   -68
  0
VERTEX
  5
F42
330
EA8
100
AcDbEntity
  8
99
 62
   251
100
AcDbFaceRecord
 10
0.0
 20
0.0
 30
0.0
 70
   128
 71
   -65
 72
    68
 73
    66
 74
    66
  0
VERTEX
  5
F43
330
EA8
100
AcDbEntity
  8
99
 62
   251
100
AcDbFaceRecord
 10
0.0
 20
0.0
 30
0.0
 70
   128
 71
    67
 72
    69
 73
   -70
 74
   -70
  0
VERTEX
  5
F44
330
EA8
100
AcDbEntity
  8
99
 62
   251
100
AcDbFaceRecord
 10
0.0
 20
0.0
 30
0.0
 70
   128
 71
   -67
 72
    70
 73
    68
 74
    68
  0
VERTEX
  5
F45
330
EA8
100
AcDbEntity
  8
99
 62
   251
100
AcDbFaceRecord
 10
0.0
 20
0.0
 30
0.0
 70
   128
 71
    69
 72
    71
 73
   -72
 74
   -72
  0
VERTEX
  5
F46
330
EA8
100
AcDbEntity
  8
99
 62
   251
100
AcDbFaceRecord
 10
0.0
 20
0.0
 30
0.0
 70
   128
 71
   -69
 72
    72
 73
    70
 74
    70
  0
VERTEX
  5
F47
330
EA8
100
AcDbEntity
  8
99
 62
   251
100
AcDbFaceRecord
 10
0.0
 20
0.0
 30
0.0
 70
   128
 71
    71
 72
    73
 73
   -74
 74
   -74
  0
VERTEX
  5
F48
330
EA8
100
AcDbEntity
  8
99
 62
   251
100
AcDbFaceRecord
 10
0.0
 20
0.0
 30
0.0
 70
   128
 71
   -71
 72
    74
 73
    72
 74
    72
  0
VERTEX
  5
F49
330
EA8
100
AcDbEntity
  8
99
 62
   251
100
AcDbFaceRecord
 10
0.0
 20
0.0
 30
0.0
 70
   128
 71
    73
 72
    75
 73
   -76
 74
   -76
  0
VERTEX
  5
F4A
330
EA8
100
AcDbEntity
  8
99
 62
   251
100
AcDbFaceRecord
 10
0.0
 20
0.0
 30
0.0
 70
   128
 71
   -73
 72
    76
 73
    74
 74
    74
  0
VERTEX
  5
F4B
330
EA8
100
AcDbEntity
  8
99
 62
   251
100
AcDbFaceRecord
 10
0.0
 20
0.0
 30
0.0
 70
   128
 71
    75
 72
    77
 73
   -78
 74
   -78
  0
VERTEX
  5
F4C
330
EA8
100
AcDbEntity
  8
99
 62
   251
100
AcDbFaceRecord
 10
0.0
 20
0.0
 30
0.0
 70
   128
 71
   -75
 72
    78
 73
    76
 74
    76
  0
VERTEX
  5
F4D
330
EA8
100
AcDbEntity
  8
99
 62
   251
100
AcDbFaceRecord
 10
0.0
 20
0.0
 30
0.0
 70
   128
 71
    77
 72
    79
 73
   -80
 74
   -80
  0
VERTEX
  5
F4E
330
EA8
100
AcDbEntity
  8
99
 62
   251
100
AcDbFaceRecord
 10
0.0
 20
0.0
 30
0.0
 70
   128
 71
   -77
 72
    80
 73
    78
 74
    78
  0
VERTEX
  5
F4F
330
EA8
100
AcDbEntity
  8
99
 62
   251
100
AcDbFaceRecord
 10
0.0
 20
0.0
 30
0.0
 70
   128
 71
    79
 72
    81
 73
   -82
 74
   -82
  0
VERTEX
  5
F50
330
EA8
100
AcDbEntity
  8
99
 62
   251
100
AcDbFaceRecord
 10
0.0
 20
0.0
 30
0.0
 70
   128
 71
   -79
 72
    82
 73
    80
 74
    80
  0
VERTEX
  5
F51
330
EA8
100
AcDbEntity
  8
99
 62
   251
100
AcDbFaceRecord
 10
0.0
 20
0.0
 30
0.0
 70
   128
 71
    81
 72
    83
 73
   -84
 74
   -84
  0
VERTEX
  5
F52
330
EA8
100
AcDbEntity
  8
99
 62
   251
100
AcDbFaceRecord
 10
0.0
 20
0.0
 30
0.0
 70
   128
 71
   -81
 72
    84
 73
    82
 74
    82
  0
VERTEX
  5
F53
330
EA8
100
AcDbEntity
  8
99
 62
   251
100
AcDbFaceRecord
 10
0.0
 20
0.0
 30
0.0
 70
   128
 71
    83
 72
    85
 73
   -86
 74
   -86
  0
VERTEX
  5
F54
330
EA8
100
AcDbEntity
  8
99
 62
   251
100
AcDbFaceRecord
 10
0.0
 20
0.0
 30
0.0
 70
   128
 71
   -83
 72
    86
 73
    84
 74
    84
  0
VERTEX
  5
F55
330
EA8
100
AcDbEntity
  8
99
 62
   251
100
AcDbFaceRecord
 10
0.0
 20
0.0
 30
0.0
 70
   128
 71
    85
 72
    87
 73
   -88
 74
   -88
  0
VERTEX
  5
F56
330
EA8
100
AcDbEntity
  8
99
 62
   251
100
AcDbFaceRecord
 10
0.0
 20
0.0
 30
0.0
 70
   128
 71
   -85
 72
    88
 73
    86
 74
    86
  0
VERTEX
  5
F57
330
EA8
100
AcDbEntity
  8
99
 62
   251
100
AcDbFaceRecord
 10
0.0
 20
0.0
 30
0.0
 70
   128
 71
    87
 72
     1
 73
    -4
 74
    -4
  0
VERTEX
  5
F58
330
EA8
100
AcDbEntity
  8
99
 62
   251
100
AcDbFaceRecord
 10
0.0
 20
0.0
 30
0.0
 70
   128
 71
   -87
 72
     4
 73
    88
 74
    88
  0
VERTEX
  5
F59
330
EA8
100
AcDbEntity
  8
99
 62
   251
100
AcDbFaceRecord
 10
0.0
 20
0.0
 30
0.0
 70
   128
 71
   -23
 72
    27
 73
    25
 74
    25
  0
VERTEX
  5
F5A
330
EA8
100
AcDbEntity
  8
99
 62
   251
100
AcDbFaceRecord
 10
0.0
 20
0.0
 30
0.0
 70
   128
 71
   -27
 72
    23
 73
   -21
 74
   -21
  0
VERTEX
  5
F5B
330
EA8
100
AcDbEntity
  8
99
 62
   251
100
AcDbFaceRecord
 10
0.0
 20
0.0
 30
0.0
 70
   128
 71
   -27
 72
   -21
 73
    29
 74
    29
  0
VERTEX
  5
F5C
330
EA8
100
AcDbEntity
  8
99
 62
   251
100
AcDbFaceRecord
 10
0.0
 20
0.0
 30
0.0
 70
   128
 71
   -29
 72
    21
 73
   -19
 74
   -19
  0
VERTEX
  5
F5D
330
EA8
100
AcDbEntity
  8
99
 62
   251
100
AcDbFaceRecord
 10
0.0
 20
0.0
 30
0.0
 70
   128
 71
   -29
 72
   -19
 73
    31
 74
    31
  0
VERTEX
  5
F5E
330
EA8
100
AcDbEntity
  8
99
 62
   251
100
AcDbFaceRecord
 10
0.0
 20
0.0
 30
0.0
 70
   128
 71
   -31
 72
    19
 73
   -17
 74
   -17
  0
VERTEX
  5
F5F
330
EA8
100
AcDbEntity
  8
99
 62
   251
100
AcDbFaceRecord
 10
0.0
 20
0.0
 30
0.0
 70
   128
 71
   -31
 72
   -17
 73
    33
 74
    33
  0
VERTEX
  5
F60
330
EA8
100
AcDbEntity
  8
99
 62
   251
100
AcDbFaceRecord
 10
0.0
 20
0.0
 30
0.0
 70
   128
 71
   -33
 72
    17
 73
   -15
 74
   -15
  0
VERTEX
  5
F61
330
EA8
100
AcDbEntity
  8
99
 62
   251
100
AcDbFaceRecord
 10
0.0
 20
0.0
 30
0.0
 70
   128
 71
   -33
 72
   -15
 73
    35
 74
    35
  0
VERTEX
  5
F62
330
EA8
100
AcDbEntity
  8
99
 62
   251
100
AcDbFaceRecord
 10
0.0
 20
0.0
 30
0.0
 70
   128
 71
   -35
 72
    15
 73
   -13
 74
   -13
  0
VERTEX
  5
F63
330
EA8
100
AcDbEntity
  8
99
 62
   251
100
AcDbFaceRecord
 10
0.0
 20
0.0
 30
0.0
 70
   128
 71
   -35
 72
   -13
 73
    37
 74
    37
  0
VERTEX
  5
F64
330
EA8
100
AcDbEntity
  8
99
 62
   251
100
AcDbFaceRecord
 10
0.0
 20
0.0
 30
0.0
 70
   128
 71
   -37
 72
    13
 73
   -11
 74
   -11
  0
VERTEX
  5
F65
330
EA8
100
AcDbEntity
  8
99
 62
   251
100
AcDbFaceRecord
 10
0.0
 20
0.0
 30
0.0
 70
   128
 71
   -37
 72
   -11
 73
    39
 74
    39
  0
VERTEX
  5
F66
330
EA8
100
AcDbEntity
  8
99
 62
   251
100
AcDbFaceRecord
 10
0.0
 20
0.0
 30
0.0
 70
   128
 71
   -39
 72
    11
 73
    -9
 74
    -9
  0
VERTEX
  5
F67
330
EA8
100
AcDbEntity
  8
99
 62
   251
100
AcDbFaceRecord
 10
0.0
 20
0.0
 30
0.0
 70
   128
 71
   -39
 72
    -9
 73
    41
 74
    41
  0
VERTEX
  5
F68
330
EA8
100
AcDbEntity
  8
99
 62
   251
100
AcDbFaceRecord
 10
0.0
 20
0.0
 30
0.0
 70
   128
 71
   -41
 72
     9
 73
    -7
 74
    -7
  0
VERTEX
  5
F69
330
EA8
100
AcDbEntity
  8
99
 62
   251
100
AcDbFaceRecord
 10
0.0
 20
0.0
 30
0.0
 70
   128
 71
   -41
 72
    -7
 73
    43
 74
    43
  0
VERTEX
  5
F6A
330
EA8
100
AcDbEntity
  8
99
 62
   251
100
AcDbFaceRecord
 10
0.0
 20
0.0
 30
0.0
 70
   128
 71
   -43
 72
     7
 73
    -5
 74
    -5
  0
VERTEX
  5
F6B
330
EA8
100
AcDbEntity
  8
99
 62
   251
100
AcDbFaceRecord
 10
0.0
 20
0.0
 30
0.0
 70
   128
 71
   -43
 72
    -5
 73
    45
 74
    45
  0
VERTEX
  5
F6C
330
EA8
100
AcDbEntity
  8
99
 62
   251
100
AcDbFaceRecord
 10
0.0
 20
0.0
 30
0.0
 70
   128
 71
   -45
 72
     5
 73
    -2
 74
    -2
  0
VERTEX
  5
F6D
330
EA8
100
AcDbEntity
  8
99
 62
   251
100
AcDbFaceRecord
 10
0.0
 20
0.0
 30
0.0
 70
   128
 71
   -45
 72
    -2
 73
    47
 74
    47
  0
VERTEX
  5
F6E
330
EA8
100
AcDbEntity
  8
99
 62
   251
100
AcDbFaceRecord
 10
0.0
 20
0.0
 30
0.0
 70
   128
 71
   -47
 72
     2
 73
    -1
 74
    -1
  0
VERTEX
  5
F6F
330
EA8
100
AcDbEntity
  8
99
 62
   251
100
AcDbFaceRecord
 10
0.0
 20
0.0
 30
0.0
 70
   128
 71
   -47
 72
    -1
 73
    49
 74
    49
  0
VERTEX
  5
F70
330
EA8
100
AcDbEntity
  8
99
 62
   251
100
AcDbFaceRecord
 10
0.0
 20
0.0
 30
0.0
 70
   128
 71
   -49
 72
     1
 73
   -87
 74
   -87
  0
VERTEX
  5
F71
330
EA8
100
AcDbEntity
  8
99
 62
   251
100
AcDbFaceRecord
 10
0.0
 20
0.0
 30
0.0
 70
   128
 71
   -49
 72
   -87
 73
    51
 74
    51
  0
VERTEX
  5
F72
330
EA8
100
AcDbEntity
  8
99
 62
   251
100
AcDbFaceRecord
 10
0.0
 20
0.0
 30
0.0
 70
   128
 71
   -51
 72
    87
 73
   -85
 74
   -85
  0
VERTEX
  5
F73
330
EA8
100
AcDbEntity
  8
99
 62
   251
100
AcDbFaceRecord
 10
0.0
 20
0.0
 30
0.0
 70
   128
 71
   -51
 72
   -85
 73
    53
 74
    53
  0
VERTEX
  5
F74
330
EA8
100
AcDbEntity
  8
99
 62
   251
100
AcDbFaceRecord
 10
0.0
 20
0.0
 30
0.0
 70
   128
 71
   -53
 72
    85
 73
   -83
 74
   -83
  0
VERTEX
  5
F75
330
EA8
100
AcDbEntity
  8
99
 62
   251
100
AcDbFaceRecord
 10
0.0
 20
0.0
 30
0.0
 70
   128
 71
   -53
 72
   -83
 73
    55
 74
    55
  0
VERTEX
  5
F76
330
EA8
100
AcDbEntity
  8
99
 62
   251
100
AcDbFaceRecord
 10
0.0
 20
0.0
 30
0.0
 70
   128
 71
   -55
 72
    83
 73
   -81
 74
   -81
  0
VERTEX
  5
F77
330
EA8
100
AcDbEntity
  8
99
 62
   251
100
AcDbFaceRecord
 10
0.0
 20
0.0
 30
0.0
 70
   128
 71
   -55
 72
   -81
 73
    57
 74
    57
  0
VERTEX
  5
F78
330
EA8
100
AcDbEntity
  8
99
 62
   251
100
AcDbFaceRecord
 10
0.0
 20
0.0
 30
0.0
 70
   128
 71
   -57
 72
    81
 73
   -79
 74
   -79
  0
VERTEX
  5
F79
330
EA8
100
AcDbEntity
  8
99
 62
   251
100
AcDbFaceRecord
 10
0.0
 20
0.0
 30
0.0
 70
   128
 71
   -57
 72
   -79
 73
    59
 74
    59
  0
VERTEX
  5
F7A
330
EA8
100
AcDbEntity
  8
99
 62
   251
100
AcDbFaceRecord
 10
0.0
 20
0.0
 30
0.0
 70
   128
 71
   -59
 72
    79
 73
   -77
 74
   -77
  0
VERTEX
  5
F7B
330
EA8
100
AcDbEntity
  8
99
 62
   251
100
AcDbFaceRecord
 10
0.0
 20
0.0
 30
0.0
 70
   128
 71
   -59
 72
   -77
 73
    61
 74
    61
  0
VERTEX
  5
F7C
330
EA8
100
AcDbEntity
  8
99
 62
   251
100
AcDbFaceRecord
 10
0.0
 20
0.0
 30
0.0
 70
   128
 71
   -61
 72
    77
 73
   -75
 74
   -75
  0
VERTEX
  5
F7D
330
EA8
100
AcDbEntity
  8
99
 62
   251
100
AcDbFaceRecord
 10
0.0
 20
0.0
 30
0.0
 70
   128
 71
   -61
 72
   -75
 73
    63
 74
    63
  0
VERTEX
  5
F7E
330
EA8
100
AcDbEntity
  8
99
 62
   251
100
AcDbFaceRecord
 10
0.0
 20
0.0
 30
0.0
 70
   128
 71
   -63
 72
    75
 73
   -73
 74
   -73
  0
VERTEX
  5
F7F
330
EA8
100
AcDbEntity
  8
99
 62
   251
100
AcDbFaceRecord
 10
0.0
 20
0.0
 30
0.0
 70
   128
 71
   -63
 72
   -73
 73
    65
 74
    65
  0
VERTEX
  5
F80
330
EA8
100
AcDbEntity
  8
99
 62
   251
100
AcDbFaceRecord
 10
0.0
 20
0.0
 30
0.0
 70
   128
 71
   -65
 72
    73
 73
   -71
 74
   -71
  0
VERTEX
  5
F81
330
EA8
100
AcDbEntity
  8
99
 62
   251
100
AcDbFaceRecord
 10
0.0
 20
0.0
 30
0.0
 70
   128
 71
   -65
 72
   -71
 73
    67
 74
    67
  0
VERTEX
  5
F82
330
EA8
100
AcDbEntity
  8
99
 62
   251
100
AcDbFaceRecord
 10
0.0
 20
0.0
 30
0.0
 70
   128
 71
   -67
 72
    71
 73
    69
 74
    69
  0
VERTEX
  5
F83
330
EA8
100
AcDbEntity
  8
99
 62
   251
100
AcDbFaceRecord
 10
0.0
 20
0.0
 30
0.0
 70
   128
 71
   -72
 72
    68
 73
    70
 74
    70
  0
VERTEX
  5
F84
330
EA8
100
AcDbEntity
  8
99
 62
   251
100
AcDbFaceRecord
 10
0.0
 20
0.0
 30
0.0
 70
   128
 71
   -68
 72
   -72
 73
    66
 74
    66
  0
VERTEX
  5
F85
330
EA8
100
AcDbEntity
  8
99
 62
   251
100
AcDbFaceRecord
 10
0.0
 20
0.0
 30
0.0
 70
   128
 71
   -66
 72
    72
 73
   -74
 74
   -74
  0
VERTEX
  5
F86
330
EA8
100
AcDbEntity
  8
99
 62
   251
100
AcDbFaceRecord
 10
0.0
 20
0.0
 30
0.0
 70
   128
 71
   -66
 72
   -74
 73
    64
 74
    64
  0
VERTEX
  5
F87
330
EA8
100
AcDbEntity
  8
99
 62
   251
100
AcDbFaceRecord
 10
0.0
 20
0.0
 30
0.0
 70
   128
 71
   -64
 72
    74
 73
   -76
 74
   -76
  0
VERTEX
  5
F88
330
EA8
100
AcDbEntity
  8
99
 62
   251
100
AcDbFaceRecord
 10
0.0
 20
0.0
 30
0.0
 70
   128
 71
   -64
 72
   -76
 73
    62
 74
    62
  0
VERTEX
  5
F89
330
EA8
100
AcDbEntity
  8
99
 62
   251
100
AcDbFaceRecord
 10
0.0
 20
0.0
 30
0.0
 70
   128
 71
   -62
 72
    76
 73
   -78
 74
   -78
  0
VERTEX
  5
F8A
330
EA8
100
AcDbEntity
  8
99
 62
   251
100
AcDbFaceRecord
 10
0.0
 20
0.0
 30
0.0
 70
   128
 71
   -62
 72
   -78
 73
    60
 74
    60
  0
VERTEX
  5
F8B
330
EA8
100
AcDbEntity
  8
99
 62
   251
100
AcDbFaceRecord
 10
0.0
 20
0.0
 30
0.0
 70
   128
 71
   -60
 72
    78
 73
   -80
 74
   -80
  0
VERTEX
  5
F8C
330
EA8
100
AcDbEntity
  8
99
 62
   251
100
AcDbFaceRecord
 10
0.0
 20
0.0
 30
0.0
 70
   128
 71
   -60
 72
   -80
 73
    58
 74
    58
  0
VERTEX
  5
F8D
330
EA8
100
AcDbEntity
  8
99
 62
   251
100
AcDbFaceRecord
 10
0.0
 20
0.0
 30
0.0
 70
   128
 71
   -58
 72
    80
 73
   -82
 74
   -82
  0
VERTEX
  5
F8E
330
EA8
100
AcDbEntity
  8
99
 62
   251
100
AcDbFaceRecord
 10
0.0
 20
0.0
 30
0.0
 70
   128
 71
   -58
 72
   -82
 73
    56
 74
    56
  0
VERTEX
  5
F8F
330
EA8
100
AcDbEntity
  8
99
 62
   251
100
AcDbFaceRecord
 10
0.0
 20
0.0
 30
0.0
 70
   128
 71
   -56
 72
    82
 73
   -84
 74
   -84
  0
VERTEX
  5
F90
330
EA8
100
AcDbEntity
  8
99
 62
   251
100
AcDbFaceRecord
 10
0.0
 20
0.0
 30
0.0
 70
   128
 71
   -56
 72
   -84
 73
    54
 74
    54
  0
VERTEX
  5
F91
330
EA8
100
AcDbEntity
  8
99
 62
   251
100
AcDbFaceRecord
 10
0.0
 20
0.0
 30
0.0
 70
   128
 71
   -54
 72
    84
 73
   -86
 74
   -86
  0
VERTEX
  5
F92
330
EA8
100
AcDbEntity
  8
99
 62
   251
100
AcDbFaceRecord
 10
0.0
 20
0.0
 30
0.0
 70
   128
 71
   -54
 72
   -86
 73
    52
 74
    52
  0
VERTEX
  5
F93
330
EA8
100
AcDbEntity
  8
99
 62
   251
100
AcDbFaceRecord
 10
0.0
 20
0.0
 30
0.0
 70
   128
 71
   -52
 72
    86
 73
   -88
 74
   -88
  0
VERTEX
  5
F94
330
EA8
100
AcDbEntity
  8
99
 62
   251
100
AcDbFaceRecord
 10
0.0
 20
0.0
 30
0.0
 70
   128
 71
   -52
 72
   -88
 73
    50
 74
    50
  0
VERTEX
  5
F95
330
EA8
100
AcDbEntity
  8
99
 62
   251
100
AcDbFaceRecord
 10
0.0
 20
0.0
 30
0.0
 70
   128
 71
   -50
 72
    88
 73
    -4
 74
    -4
  0
VERTEX
  5
F96
330
EA8
100
AcDbEntity
  8
99
 62
   251
100
AcDbFaceRecord
 10
0.0
 20
0.0
 30
0.0
 70
   128
 71
   -50
 72
    -4
 73
    48
 74
    48
  0
VERTEX
  5
F97
330
EA8
100
AcDbEntity
  8
99
 62
   251
100
AcDbFaceRecord
 10
0.0
 20
0.0
 30
0.0
 70
   128
 71
   -48
 72
     4
 73
    -3
 74
    -3
  0
VERTEX
  5
F98
330
EA8
100
AcDbEntity
  8
99
 62
   251
100
AcDbFaceRecord
 10
0.0
 20
0.0
 30
0.0
 70
   128
 71
   -48
 72
    -3
 73
    46
 74
    46
  0
VERTEX
  5
F99
330
EA8
100
AcDbEntity
  8
99
 62
   251
100
AcDbFaceRecord
 10
0.0
 20
0.0
 30
0.0
 70
   128
 71
   -46
 72
     3
 73
    -6
 74
    -6
  0
VERTEX
  5
F9A
330
EA8
100
AcDbEntity
  8
99
 62
   251
100
AcDbFaceRecord
 10
0.0
 20
0.0
 30
0.0
 70
   128
 71
   -46
 72
    -6
 73
    44
 74
    44
  0
VERTEX
  5
F9B
330
EA8
100
AcDbEntity
  8
99
 62
   251
100
AcDbFaceRecord
 10
0.0
 20
0.0
 30
0.0
 70
   128
 71
   -44
 72
     6
 73
    -8
 74
    -8
  0
VERTEX
  5
F9C
330
EA8
100
AcDbEntity
  8
99
 62
   251
100
AcDbFaceRecord
 10
0.0
 20
0.0
 30
0.0
 70
   128
 71
   -44
 72
    -8
 73
    42
 74
    42
  0
VERTEX
  5
F9D
330
EA8
100
AcDbEntity
  8
99
 62
   251
100
AcDbFaceRecord
 10
0.0
 20
0.0
 30
0.0
 70
   128
 71
   -42
 72
     8
 73
   -10
 74
   -10
  0
VERTEX
  5
F9E
330
EA8
100
AcDbEntity
  8
99
 62
   251
100
AcDbFaceRecord
 10
0.0
 20
0.0
 30
0.0
 70
   128
 71
   -42
 72
   -10
 73
    40
 74
    40
  0
VERTEX
  5
F9F
330
EA8
100
AcDbEntity
  8
99
 62
   251
100
AcDbFaceRecord
 10
0.0
 20
0.0
 30
0.0
 70
   128
 71
   -40
 72
    10
 73
   -12
 74
   -12
  0
VERTEX
  5
FA0
330
EA8
100
AcDbEntity
  8
99
 62
   251
100
AcDbFaceRecord
 10
0.0
 20
0.0
 30
0.0
 70
   128
 71
   -40
 72
   -12
 73
    38
 74
    38
  0
VERTEX
  5
FA1
330
EA8
100
AcDbEntity
  8
99
 62
   251
100
AcDbFaceRecord
 10
0.0
 20
0.0
 30
0.0
 70
   128
 71
   -38
 72
    12
 73
   -14
 74
   -14
  0
VERTEX
  5
FA2
330
EA8
100
AcDbEntity
  8
99
 62
   251
100
AcDbFaceRecord
 10
0.0
 20
0.0
 30
0.0
 70
   128
 71
   -38
 72
   -14
 73
    36
 74
    36
  0
VERTEX
  5
FA3
330
EA8
100
AcDbEntity
  8
99
 62
   251
100
AcDbFaceRecord
 10
0.0
 20
0.0
 30
0.0
 70
   128
 71
   -36
 72
    14
 73
   -16
 74
   -16
  0
VERTEX
  5
FA4
330
EA8
100
AcDbEntity
  8
99
 62
   251
100
AcDbFaceRecord
 10
0.0
 20
0.0
 30
0.0
 70
   128
 71
   -36
 72
   -16
 73
    34
 74
    34
  0
VERTEX
  5
FA5
330
EA8
100
AcDbEntity
  8
99
 62
   251
100
AcDbFaceRecord
 10
0.0
 20
0.0
 30
0.0
 70
   128
 71
   -34
 72
    16
 73
   -18
 74
   -18
  0
VERTEX
  5
FA6
330
EA8
100
AcDbEntity
  8
99
 62
   251
100
AcDbFaceRecord
 10
0.0
 20
0.0
 30
0.0
 70
   128
 71
   -34
 72
   -18
 73
    32
 74
    32
  0
VERTEX
  5
FA7
330
EA8
100
AcDbEntity
  8
99
 62
   251
100
AcDbFaceRecord
 10
0.0
 20
0.0
 30
0.0
 70
   128
 71
   -32
 72
    18
 73
   -20
 74
   -20
  0
VERTEX
  5
FA8
330
EA8
100
AcDbEntity
  8
99
 62
   251
100
AcDbFaceRecord
 10
0.0
 20
0.0
 30
0.0
 70
   128
 71
   -32
 72
   -20
 73
    30
 74
    30
  0
VERTEX
  5
FA9
330
EA8
100
AcDbEntity
  8
99
 62
   251
100
AcDbFaceRecord
 10
0.0
 20
0.0
 30
0.0
 70
   128
 71
   -30
 72
    20
 73
   -22
 74
   -22
  0
VERTEX
  5
FAA
330
EA8
100
AcDbEntity
  8
99
 62
   251
100
AcDbFaceRecord
 10
0.0
 20
0.0
 30
0.0
 70
   128
 71
   -30
 72
   -22
 73
    28
 74
    28
  0
VERTEX
  5
FAB
330
EA8
100
AcDbEntity
  8
99
 62
   251
100
AcDbFaceRecord
 10
0.0
 20
0.0
 30
0.0
 70
   128
 71
   -28
 72
    22
 73
   -24
 74
   -24
  0
VERTEX
  5
FAC
330
EA8
100
AcDbEntity
  8
99
 62
   251
100
AcDbFaceRecord
 10
0.0
 20
0.0
 30
0.0
 70
   128
 71
   -28
 72
    24
 73
    26
 74
    26
  0
SEQEND
  5
FAD
330
EA8
100
AcDbEntity
  8
99
 62
   251
  0
POLYLINE
  5
FAE
330
1F
100
AcDbEntity
  8
14
 62
   159
420
  2702694
100
AcDbPolyFaceMesh
 66
     1
 10
0.0
 20
0.0
 30
0.0
 70
    64
 71
     8
 72
    12
1001
TeklaStructures
1000
ID
1000
134138615
  0
VERTEX
  5
FAF
330
FAE
100
AcDbEntity
  8
14
 62
   159
100
AcDbVertex
100
AcDbPolyFaceMeshVertex
 10
33109.98574957827
 20
8955.003534502532
 30
17394.99974800007
 70
   192
  0
VERTEX
  5
FB0
330
FAE
100
AcDbEntity
  8
14
 62
   159
100
AcDbVertex
100
AcDbPolyFaceMeshVertex
 10
33109.98574957827
 20
8955.003534513404
 30
18069.99974800007
 70
   192
  0
VERTEX
  5
FB1
330
FAE
100
AcDbEntity
  8
14
 62
   159
100
AcDbVertex
100
AcDbPolyFaceMeshVertex
 10
33123.98574949416
 20
8955.001999861403
 30
18069.99974800007
 70
   192
  0
VERTEX
  5
FB2
330
FAE
100
AcDbEntity
  8
14
 62
   159
100
AcDbVertex
100
AcDbPolyFaceMeshVertex
 10
33123.98574949416
 20
8955.00199985053
 30
17394.99974800007
 70
   192
  0
VERTEX
  5
FB3
330
FAE
100
AcDbEntity
  8
14
 62
   159
100
AcDbVertex
100
AcDbPolyFaceMeshVertex
 10
33109.99671137826
 20
9055.003533901723
 30
18069.99974800007
 70
   192
  0
VERTEX
  5
FB4
330
FAE
100
AcDbEntity
  8
14
 62
   159
100
AcDbVertex
100
AcDbPolyFaceMeshVertex
 10
33123.99671129415
 20
9055.001999249725
 30
18069.99974800007
 70
   192
  0
VERTEX
  5
FB5
330
FAE
100
AcDbEntity
  8
14
 62
   159
100
AcDbVertex
100
AcDbPolyFaceMeshVertex
 10
33109.99671137826
 20
9055.003533901723
 30
17394.99974800008
 70
   192
  0
VERTEX
  5
FB6
330
FAE
100
AcDbEntity
  8
14
 62
   159
100
AcDbVertex
100
AcDbPolyFaceMeshVertex
 10
33123.99671129415
 20
9055.001999249725
 30
17394.99974800008
 70
   192
  0
VERTEX
  5
FB7
330
FAE
100
AcDbEntity
  8
14
 62
   159
100
AcDbFaceRecord
 10
0.0
 20
0.0
 30
0.0
 70
   128
 71
     1
 72
     2
 73
    -3
 74
    -3
  0
VERTEX
  5
FB8
330
FAE
100
AcDbEntity
  8
14
 62
   159
100
AcDbFaceRecord
 10
0.0
 20
0.0
 30
0.0
 70
   128
 71
    -1
 72
     3
 73
     4
 74
     4
  0
VERTEX
  5
FB9
330
FAE
100
AcDbEntity
  8
14
 62
   159
100
AcDbFaceRecord
 10
0.0
 20
0.0
 30
0.0
 70
   128
 71
     2
 72
     5
 73
    -6
 74
    -6
  0
VERTEX
  5
FBA
330
FAE
100
AcDbEntity
  8
14
 62
   159
100
AcDbFaceRecord
 10
0.0
 20
0.0
 30
0.0
 70
   128
 71
    -2
 72
     6
 73
     3
 74
     3
  0
VERTEX
  5
FBB
330
FAE
100
AcDbEntity
  8
14
 62
   159
100
AcDbFaceRecord
 10
0.0
 20
0.0
 30
0.0
 70
   128
 71
     5
 72
     7
 73
    -8
 74
    -8
  0
VERTEX
  5
FBC
330
FAE
100
AcDbEntity
  8
14
 62
   159
100
AcDbFaceRecord
 10
0.0
 20
0.0
 30
0.0
 70
   128
 71
    -5
 72
     8
 73
     6
 74
     6
  0
VERTEX
  5
FBD
330
FAE
100
AcDbEntity
  8
14
 62
   159
100
AcDbFaceRecord
 10
0.0
 20
0.0
 30
0.0
 70
   128
 71
     7
 72
     1
 73
    -4
 74
    -4
  0
VERTEX
  5
FBE
330
FAE
100
AcDbEntity
  8
14
 62
   159
100
AcDbFaceRecord
 10
0.0
 20
0.0
 30
0.0
 70
   128
 71
    -7
 72
     4
 73
     8
 74
     8
  0
VERTEX
  5
FBF
330
FAE
100
AcDbEntity
  8
14
 62
   159
100
AcDbFaceRecord
 10
0.0
 20
0.0
 30
0.0
 70
   128
 71
     2
 72
     1
 73
    -7
 74
    -7
  0
VERTEX
  5
FC0
330
FAE
100
AcDbEntity
  8
14
 62
   159
100
AcDbFaceRecord
 10
0.0
 20
0.0
 30
0.0
 70
   128
 71
    -2
 72
     7
 73
     5
 74
     5
  0
VERTEX
  5
FC1
330
FAE
100
AcDbEntity
  8
14
 62
   159
100
AcDbFaceRecord
 10
0.0
 20
0.0
 30
0.0
 70
   128
 71
     4
 72
     3
 73
    -6
 74
    -6
  0
VERTEX
  5
FC2
330
FAE
100
AcDbEntity
  8
14
 62
   159
100
AcDbFaceRecord
 10
0.0
 20
0.0
 30
0.0
 70
   128
 71
    -4
 72
     6
 73
     8
 74
     8
  0
SEQEND
  5
FC3
330
FAE
100
AcDbEntity
  8
14
 62
   159
  0
POLYLINE
  5
FC4
330
1F
100
AcDbEntity
  8
99
 62
   251
420
  6710886
100
AcDbPolyFaceMesh
 66
     1
 10
0.0
 20
0.0
 30
0.0
 70
    64
 71
    20
 72
    44
1001
TeklaStructures
1000
ID
1000
134138631
  0
VERTEX
  5
FC5
330
FC4
100
AcDbEntity
  8
99
 62
   251
100
AcDbVertex
100
AcDbPolyFaceMeshVertex
 10
33164.99948950772
 20
9664.99811370188
 30
17729.99974799947
 70
   192
  0
VERTEX
  5
FC6
330
FC4
100
AcDbEntity
  8
99
 62
   251
100
AcDbVertex
100
AcDbPolyFaceMeshVertex
 10
33164.99948950772
 20
9664.99811370188
 30
17759.99974799947
 70
   192
  0
VERTEX
  5
FC7
330
FC4
100
AcDbEntity
  8
99
 62
   251
100
AcDbVertex
100
AcDbPolyFaceMeshVertex
 10
33148.9994925634
 20
9665.008002164705
 30
17759.99974799947
 70
   192
  0
VERTEX
  5
FC8
330
FC4
100
AcDbEntity
  8
99
 62
   251
100
AcDbVertex
100
AcDbPolyFaceMeshVertex
 10
33148.9994925634
 20
9665.008002164705
 30
17729.99974799947
 70
   192
  0
VERTEX
  5
FC9
330
FC4
100
AcDbEntity
  8
99
 62
   251
100
AcDbVertex
100
AcDbPolyFaceMeshVertex
 10
33164.67193637736
 20
9135.001775819568
 30
17729.99974799947
 70
   192
  0
VERTEX
  5
FCA
330
FC4
100
AcDbEntity
  8
99
 62
   251
100
AcDbVertex
100
AcDbPolyFaceMeshVertex
 10
33164.67193637736
 20
9135.001775819568
 30
17759.99974799947
 70
   192
  0
VERTEX
  5
FCB
330
FC4
100
AcDbEntity
  8
99
 62
   251
100
AcDbVertex
100
AcDbPolyFaceMeshVertex
 10
33148.68182176491
 20
9151.001741043774
 30
17759.99974799947
 70
   192
  0
VERTEX
  5
FCC
330
FC4
100
AcDbEntity
  8
99
 62
   251
100
AcDbVertex
100
AcDbPolyFaceMeshVertex
 10
33148.68182176491
 20
9151.001741043774
 30
17729.99974799947
 70
   192
  0
VERTEX
  5
FCD
330
FC4
100
AcDbEntity
  8
99
 62
   251
100
AcDbVertex
100
AcDbPolyFaceMeshVertex
 10
32434.99796364342
 20
9135.000188900394
 30
17729.99974799947
 70
   192
  0
VERTEX
  5
FCE
330
FC4
100
AcDbEntity
  8
99
 62
   251
100
AcDbVertex
100
AcDbPolyFaceMeshVertex
 10
32434.99796364342
 20
9135.000188900394
 30
17759.99974799947
 70
   192
  0
VERTEX
  5
FCF
330
FC4
100
AcDbEntity
  8
99
 62
   251
100
AcDbVertex
100
AcDbPolyFaceMeshVertex
 10
32450.99800970774
 20
9151.000223697863
 30
17759.99974799947
 70
   192
  0
VERTEX
  5
FD0
330
FC4
100
AcDbEntity
  8
99
 62
   251
100
AcDbVertex
100
AcDbPolyFaceMeshVertex
 10
32450.99800970774
 20
9151.000223697863
 30
17729.99974799947
 70
   192
  0
VERTEX
  5
FD1
330
FC4
100
AcDbEntity
  8
99
 62
   251
100
AcDbVertex
100
AcDbPolyFaceMeshVertex
 10
32434.99948951862
 20
9665.00018431546
 30
17729.99974799947
 70
   192
  0
VERTEX
  5
FD2
330
FC4
100
AcDbEntity
  8
99
 62
   251
100
AcDbVertex
100
AcDbPolyFaceMeshVertex
 10
32434.99948951862
 20
9665.00018431546
 30
17759.99974799947
 70
   192
  0
VERTEX
  5
FD3
330
FC4
100
AcDbEntity
  8
99
 62
   251
100
AcDbVertex
100
AcDbPolyFaceMeshVertex
 10
32450.99944345351
 20
9648.999830972381
 30
17759.99974799947
 70
   192
  0
VERTEX
  5
FD4
330
FC4
100
AcDbEntity
  8
99
 62
   251
100
AcDbVertex
100
AcDbPolyFaceMeshVertex
 10
32450.99944345351
 20
9648.999830972381
 30
17729.99974799947
 70
   192
  0
VERTEX
  5
FD5
330
FC4
100
AcDbEntity
  8
99
 62
   251
100
AcDbVertex
100
AcDbPolyFaceMeshVertex
 10
33148.99384565406
 20
9664.984416633926
 30
17729.99974799947
 70
   192
  0
VERTEX
  5
FD6
330
FC4
100
AcDbEntity
  8
99
 62
   251
100
AcDbVertex
100
AcDbPolyFaceMeshVertex
 10
33148.99384565406
 20
9664.984416633926
 30
17759.99974799947
 70
   192
  0
VERTEX
  5
FD7
330
FC4
100
AcDbEntity
  8
99
 62
   251
100
AcDbVertex
100
AcDbPolyFaceMeshVertex
 10
33148.99349231387
 20
9648.984416637828
 30
17759.99974799947
 70
   192
  0
VERTEX
  5
FD8
330
FC4
100
AcDbEntity
  8
99
 62
   251
100
AcDbVertex
100
AcDbPolyFaceMeshVertex
 10
33148.99349231387
 20
9648.984416637828
 30
17729.99974799947
 70
   192
  0
VERTEX
  5
FD9
330
FC4
100
AcDbEntity
  8
99
 62
   251
100
AcDbFaceRecord
 10
0.0
 20
0.0
 30
0.0
 70
   128
 71
     1
 72
     2
 73
    -3
 74
    -3
  0
VERTEX
  5
FDA
330
FC4
100
AcDbEntity
  8
99
 62
   251
100
AcDbFaceRecord
 10
0.0
 20
0.0
 30
0.0
 70
   128
 71
    -1
 72
     3
 73
     4
 74
     4
  0
VERTEX
  5
FDB
330
FC4
100
AcDbEntity
  8
99
 62
   251
100
AcDbFaceRecord
 10
0.0
 20
0.0
 30
0.0
 70
   128
 71
     5
 72
     6
 73
    -2
 74
    -2
  0
VERTEX
  5
FDC
330
FC4
100
AcDbEntity
  8
99
 62
   251
100
AcDbFaceRecord
 10
0.0
 20
0.0
 30
0.0
 70
   128
 71
    -5
 72
     2
 73
     1
 74
     1
  0
VERTEX
  5
FDD
330
FC4
100
AcDbEntity
  8
99
 62
   251
100
AcDbFaceRecord
 10
0.0
 20
0.0
 30
0.0
 70
   128
 71
     7
 72
     8
 73
    -4
 74
    -4
  0
VERTEX
  5
FDE
330
FC4
100
AcDbEntity
  8
99
 62
   251
100
AcDbFaceRecord
 10
0.0
 20
0.0
 30
0.0
 70
   128
 71
    -7
 72
     4
 73
     3
 74
     3
  0
VERTEX
  5
FDF
330
FC4
100
AcDbEntity
  8
99
 62
   251
100
AcDbFaceRecord
 10
0.0
 20
0.0
 30
0.0
 70
   128
 71
     9
 72
    10
 73
    -6
 74
    -6
  0
VERTEX
  5
FE0
330
FC4
100
AcDbEntity
  8
99
 62
   251
100
AcDbFaceRecord
 10
0.0
 20
0.0
 30
0.0
 70
   128
 71
    -9
 72
     6
 73
     5
 74
     5
  0
VERTEX
  5
FE1
330
FC4
100
AcDbEntity
  8
99
 62
   251
100
AcDbFaceRecord
 10
0.0
 20
0.0
 30
0.0
 70
   128
 71
    11
 72
    12
 73
    -8
 74
    -8
  0
VERTEX
  5
FE2
330
FC4
100
AcDbEntity
  8
99
 62
   251
100
AcDbFaceRecord
 10
0.0
 20
0.0
 30
0.0
 70
   128
 71
   -11
 72
     8
 73
     7
 74
     7
  0
VERTEX
  5
FE3
330
FC4
100
AcDbEntity
  8
99
 62
   251
100
AcDbFaceRecord
 10
0.0
 20
0.0
 30
0.0
 70
   128
 71
    13
 72
    14
 73
   -10
 74
   -10
  0
VERTEX
  5
FE4
330
FC4
100
AcDbEntity
  8
99
 62
   251
100
AcDbFaceRecord
 10
0.0
 20
0.0
 30
0.0
 70
   128
 71
   -13
 72
    10
 73
     9
 74
     9
  0
VERTEX
  5
FE5
330
FC4
100
AcDbEntity
  8
99
 62
   251
100
AcDbFaceRecord
 10
0.0
 20
0.0
 30
0.0
 70
   128
 71
    15
 72
    16
 73
   -12
 74
   -12
  0
VERTEX
  5
FE6
330
FC4
100
AcDbEntity
  8
99
 62
   251
100
AcDbFaceRecord
 10
0.0
 20
0.0
 30
0.0
 70
   128
 71
   -15
 72
    12
 73
    11
 74
    11
  0
VERTEX
  5
FE7
330
FC4
100
AcDbEntity
  8
99
 62
   251
100
AcDbFaceRecord
 10
0.0
 20
0.0
 30
0.0
 70
   128
 71
    17
 72
    18
 73
   -14
 74
   -14
  0
VERTEX
  5
FE8
330
FC4
100
AcDbEntity
  8
99
 62
   251
100
AcDbFaceRecord
 10
0.0
 20
0.0
 30
0.0
 70
   128
 71
   -17
 72
    14
 73
    13
 74
    13
  0
VERTEX
  5
FE9
330
FC4
100
AcDbEntity
  8
99
 62
   251
100
AcDbFaceRecord
 10
0.0
 20
0.0
 30
0.0
 70
   128
 71
    19
 72
    15
 73
   -19
 74
   -19
  0
VERTEX
  5
FEA
330
FC4
100
AcDbEntity
  8
99
 62
   251
100
AcDbFaceRecord
 10
0.0
 20
0.0
 30
0.0
 70
   128
 71
    -2
 72
   -19
 73
     3
 74
     3
  0
VERTEX
  5
FEB
330
FC4
100
AcDbEntity
  8
99
 62
   251
100
AcDbFaceRecord
 10
0.0
 20
0.0
 30
0.0
 70
   128
 71
   -19
 72
     2
 73
    -6
 74
    -6
  0
VERTEX
  5
FEC
330
FC4
100
AcDbEntity
  8
99
 62
   251
100
AcDbFaceRecord
 10
0.0
 20
0.0
 30
0.0
 70
   128
 71
   -19
 72
    -6
 73
   -19
 74
   -19
  0
VERTEX
  5
FED
330
FC4
100
AcDbEntity
  8
99
 62
   251
100
AcDbFaceRecord
 10
0.0
 20
0.0
 30
0.0
 70
   128
 71
   -19
 72
    -6
 73
    -7
 74
    -7
  0
VERTEX
  5
FEE
330
FC4
100
AcDbEntity
  8
99
 62
   251
100
AcDbFaceRecord
 10
0.0
 20
0.0
 30
0.0
 70
   128
 71
    -7
 72
    -6
 73
    11
 74
    11
  0
VERTEX
  5
FEF
330
FC4
100
AcDbEntity
  8
99
 62
   251
100
AcDbFaceRecord
 10
0.0
 20
0.0
 30
0.0
 70
   128
 71
   -14
 72
   -15
 73
    10
 74
    10
  0
VERTEX
  5
FF0
330
FC4
100
AcDbEntity
  8
99
 62
   251
100
AcDbFaceRecord
 10
0.0
 20
0.0
 30
0.0
 70
   128
 71
   -15
 72
    14
 73
   -18
 74
   -18
  0
VERTEX
  5
FF1
330
FC4
100
AcDbEntity
  8
99
 62
   251
100
AcDbFaceRecord
 10
0.0
 20
0.0
 30
0.0
 70
   128
 71
   -15
 72
    18
 73
    19
 74
    19
  0
VERTEX
  5
FF2
330
FC4
100
AcDbEntity
  8
99
 62
   251
100
AcDbFaceRecord
 10
0.0
 20
0.0
 30
0.0
 70
   128
 71
   -10
 72
    15
 73
   -11
 74
   -11
  0
VERTEX
  5
FF3
330
FC4
100
AcDbEntity
  8
99
 62
   251
100
AcDbFaceRecord
 10
0.0
 20
0.0
 30
0.0
 70
   128
 71
   -10
 72
   -11
 73
     6
 74
     6
  0
VERTEX
  5
FF4
330
FC4
100
AcDbEntity
  8
99
 62
   251
100
AcDbFaceRecord
 10
0.0
 20
0.0
 30
0.0
 70
   128
 71
    19
 72
    20
 73
   -16
 74
   -16
  0
VERTEX
  5
FF5
330
FC4
100
AcDbEntity
  8
99
 62
   251
100
AcDbFaceRecord
 10
0.0
 20
0.0
 30
0.0
 70
   128
 71
   -19
 72
    16
 73
    15
 74
    15
  0
VERTEX
  5
FF6
330
FC4
100
AcDbEntity
  8
99
 62
   251
100
AcDbFaceRecord
 10
0.0
 20
0.0
 30
0.0
 70
   128
 71
    20
 72
    16
 73
   -20
 74
   -20
  0
VERTEX
  5
FF7
330
FC4
100
AcDbEntity
  8
99
 62
   251
100
AcDbFaceRecord
 10
0.0
 20
0.0
 30
0.0
 70
   128
 71
    -5
 72
     8
 73
   -12
 74
   -12
  0
VERTEX
  5
FF8
330
FC4
100
AcDbEntity
  8
99
 62
   251
100
AcDbFaceRecord
 10
0.0
 20
0.0
 30
0.0
 70
   128
 71
    -8
 72
     5
 73
    -1
 74
    -1
  0
VERTEX
  5
FF9
330
FC4
100
AcDbEntity
  8
99
 62
   251
100
AcDbFaceRecord
 10
0.0
 20
0.0
 30
0.0
 70
   128
 71
    -8
 72
    -1
 73
   -20
 74
   -20
  0
VERTEX
  5
FFA
330
FC4
100
AcDbEntity
  8
99
 62
   251
100
AcDbFaceRecord
 10
0.0
 20
0.0
 30
0.0
 70
   128
 71
   -20
 72
    -1
 73
   -20
 74
   -20
  0
VERTEX
  5
FFB
330
FC4
100
AcDbEntity
  8
99
 62
   251
100
AcDbFaceRecord
 10
0.0
 20
0.0
 30
0.0
 70
   128
 71
   -20
 72
     1
 73
    -4
 74
    -4
  0
VERTEX
  5
FFC
330
FC4
100
AcDbEntity
  8
99
 62
   251
100
AcDbFaceRecord
 10
0.0
 20
0.0
 30
0.0
 70
   128
 71
    -9
 72
   -12
 73
    13
 74
    13
  0
VERTEX
  5
FFD
330
FC4
100
AcDbEntity
  8
99
 62
   251
100
AcDbFaceRecord
 10
0.0
 20
0.0
 30
0.0
 70
   128
 71
   -12
 72
     9
 73
    -5
 74
    -5
  0
VERTEX
  5
FFE
330
FC4
100
AcDbEntity
  8
99
 62
   251
100
AcDbFaceRecord
 10
0.0
 20
0.0
 30
0.0
 70
   128
 71
   -13
 72
    12
 73
   -16
 74
   -16
  0
VERTEX
  5
FFF
330
FC4
100
AcDbEntity
  8
99
 62
   251
100
AcDbFaceRecord
 10
0.0
 20
0.0
 30
0.0
 70
   128
 71
   -13
 72
    16
 73
   -20
 74
   -20
  0
VERTEX
  5
1000
330
FC4
100
AcDbEntity
  8
99
 62
   251
100
AcDbFaceRecord
 10
0.0
 20
0.0
 30
0.0
 70
   128
 71
   -13
 72
    20
 73
    17
 74
    17
  0
VERTEX
  5
1001
330
FC4
100
AcDbEntity
  8
99
 62
   251
100
AcDbFaceRecord
 10
0.0
 20
0.0
 30
0.0
 70
   128
 71
   -20
 72
   -20
 73
   -20
 74
   -20
  0
VERTEX
  5
1002
330
FC4
100
AcDbEntity
  8
99
 62
   251
100
AcDbFaceRecord
 10
0.0
 20
0.0
 30
0.0
 70
   128
 71
   -20
 72
    -8
 73
   -20
 74
   -20
  0
VERTEX
  5
1003
330
FC4
100
AcDbEntity
  8
99
 62
   251
100
AcDbFaceRecord
 10
0.0
 20
0.0
 30
0.0
 70
   128
 71
    18
 72
    17
 73
   -20
 74
   -20
  0
VERTEX
  5
1004
330
FC4
100
AcDbEntity
  8
99
 62
   251
100
AcDbFaceRecord
 10
0.0
 20
0.0
 30
0.0
 70
   128
 71
   -18
 72
    20
 73
    19
 74
    19
  0
SEQEND
  5
1005
330
FC4
100
AcDbEntity
  8
99
 62
   251
  0
POLYLINE
  5
1006
330
1F
100
AcDbEntity
  8
14
 62
   159
420
  2702694
100
AcDbPolyFaceMesh
 66
     1
 10
0.0
 20
0.0
 30
0.0
 70
    64
 71
     8
 72
    12
1001
TeklaStructures
1000
ID
1000
134138594
  0
VERTEX
  5
1007
330
1006
100
AcDbEntity
  8
14
 62
   159
100
AcDbVertex
100
AcDbPolyFaceMeshVertex
 10
32509.98574957827
 20
8955.003534502532
 30
17394.99974800007
 70
   192
  0
VERTEX
  5
1008
330
1006
100
AcDbEntity
  8
14
 62
   159
100
AcDbVertex
100
AcDbPolyFaceMeshVertex
 10
32509.98574957827
 20
8955.003534513404
 30
18069.99974800007
 70
   192
  0
VERTEX
  5
1009
330
1006
100
AcDbEntity
  8
14
 62
   159
100
AcDbVertex
100
AcDbPolyFaceMeshVertex
 10
32523.98574949416
 20
8955.001999861403
 30
18069.99974800007
 70
   192
  0
VERTEX
  5
100A
330
1006
100
AcDbEntity
  8
14
 62
   159
100
AcDbVertex
100
AcDbPolyFaceMeshVertex
 10
32523.98574949416
 20
8955.00199985053
 30
17394.99974800007
 70
   192
  0
VERTEX
  5
100B
330
1006
100
AcDbEntity
  8
14
 62
   159
100
AcDbVertex
100
AcDbPolyFaceMeshVertex
 10
32509.99671137827
 20
9055.003533901723
 30
18069.99974800007
 70
   192
  0
VERTEX
  5
100C
330
1006
100
AcDbEntity
  8
14
 62
   159
100
AcDbVertex
100
AcDbPolyFaceMeshVertex
 10
32523.99671129416
 20
9055.001999249725
 30
18069.99974800007
 70
   192
  0
VERTEX
  5
100D
330
1006
100
AcDbEntity
  8
14
 62
   159
100
AcDbVertex
100
AcDbPolyFaceMeshVertex
 10
32509.99671137827
 20
9055.003533901723
 30
17394.99974800008
 70
   192
  0
VERTEX
  5
100E
330
1006
100
AcDbEntity
  8
14
 62
   159
100
AcDbVertex
100
AcDbPolyFaceMeshVertex
 10
32523.99671129416
 20
9055.001999249725
 30
17394.99974800008
 70
   192
  0
VERTEX
  5
100F
330
1006
100
AcDbEntity
  8
14
 62
   159
100
AcDbFaceRecord
 10
0.0
 20
0.0
 30
0.0
 70
   128
 71
     1
 72
     2
 73
    -3
 74
    -3
  0
VERTEX
  5
1010
330
1006
100
AcDbEntity
  8
14
 62
   159
100
AcDbFaceRecord
 10
0.0
 20
0.0
 30
0.0
 70
   128
 71
    -1
 72
     3
 73
     4
 74
     4
  0
VERTEX
  5
1011
330
1006
100
AcDbEntity
  8
14
 62
   159
100
AcDbFaceRecord
 10
0.0
 20
0.0
 30
0.0
 70
   128
 71
     2
 72
     5
 73
    -6
 74
    -6
  0
VERTEX
  5
1012
330
1006
100
AcDbEntity
  8
14
 62
   159
100
AcDbFaceRecord
 10
0.0
 20
0.0
 30
0.0
 70
   128
 71
    -2
 72
     6
 73
     3
 74
     3
  0
VERTEX
  5
1013
330
1006
100
AcDbEntity
  8
14
 62
   159
100
AcDbFaceRecord
 10
0.0
 20
0.0
 30
0.0
 70
   128
 71
     5
 72
     7
 73
    -8
 74
    -8
  0
VERTEX
  5
1014
330
1006
100
AcDbEntity
  8
14
 62
   159
100
AcDbFaceRecord
 10
0.0
 20
0.0
 30
0.0
 70
   128
 71
    -5
 72
     8
 73
     6
 74
     6
  0
VERTEX
  5
1015
330
1006
100
AcDbEntity
  8
14
 62
   159
100
AcDbFaceRecord
 10
0.0
 20
0.0
 30
0.0
 70
   128
 71
     7
 72
     1
 73
    -4
 74
    -4
  0
VERTEX
  5
1016
330
1006
100
AcDbEntity
  8
14
 62
   159
100
AcDbFaceRecord
 10
0.0
 20
0.0
 30
0.0
 70
   128
 71
    -7
 72
     4
 73
     8
 74
     8
  0
VERTEX
  5
1017
330
1006
100
AcDbEntity
  8
14
 62
   159
100
AcDbFaceRecord
 10
0.0
 20
0.0
 30
0.0
 70
   128
 71
     2
 72
     1
 73
    -7
 74
    -7
  0
VERTEX
  5
1018
330
1006
100
AcDbEntity
  8
14
 62
   159
100
AcDbFaceRecord
 10
0.0
 20
0.0
 30
0.0
 70
   128
 71
    -2
 72
     7
 73
     5
 74
     5
  0
VERTEX
  5
1019
330
1006
100
AcDbEntity
  8
14
 62
   159
100
AcDbFaceRecord
 10
0.0
 20
0.0
 30
0.0
 70
   128
 71
     4
 72
     3
 73
    -6
 74
    -6
  0
VERTEX
  5
101A
330
1006
100
AcDbEntity
  8
14
 62
   159
100
AcDbFaceRecord
 10
0.0
 20
0.0
 30
0.0
 70
   128
 71
    -4
 72
     6
 73
     8
 74
     8
  0
SEQEND
  5
101B
330
1006
100
AcDbEntity
  8
14
 62
   159
  0
POLYLINE
  5
101C
330
1F
100
AcDbEntity
  8
14
 62
   159
420
  2702694
100
AcDbPolyFaceMesh
 66
     1
 10
0.0
 20
0.0
 30
0.0
 70
    64
 71
     8
 72
    12
1001
TeklaStructures
1000
ID
1000
134138566
  0
VERTEX
  5
101D
330
101C
100
AcDbEntity
  8
14
 62
   159
100
AcDbVertex
100
AcDbPolyFaceMeshVertex
 10
33089.98574967485
 20
9844.998970282548
 30
17394.99974800007
 70
   192
  0
VERTEX
  5
101E
330
101C
100
AcDbEntity
  8
14
 62
   159
100
AcDbVertex
100
AcDbPolyFaceMeshVertex
 10
33089.98574967485
 20
9844.998970271676
 30
18069.99974800007
 70
   192
  0
VERTEX
  5
101F
330
101C
100
AcDbEntity
  8
14
 62
   159
100
AcDbVertex
100
AcDbPolyFaceMeshVertex
 10
33075.98574975896
 20
9844.997435619674
 30
18069.99974800007
 70
   192
  0
VERTEX
  5
1020
330
101C
100
AcDbEntity
  8
14
 62
   159
100
AcDbVertex
100
AcDbPolyFaceMeshVertex
 10
33075.98574975896
 20
9844.997435630547
 30
17394.99974800007
 70
   192
  0
VERTEX
  5
1021
330
101C
100
AcDbEntity
  8
14
 62
   159
100
AcDbVertex
100
AcDbPolyFaceMeshVertex
 10
33089.99671147485
 20
9744.998970883353
 30
18069.99974800007
 70
   192
  0
VERTEX
  5
1022
330
101C
100
AcDbEntity
  8
14
 62
   159
100
AcDbVertex
100
AcDbPolyFaceMeshVertex
 10
33075.99671155896
 20
9744.997436231353
 30
18069.99974800007
 70
   192
  0
VERTEX
  5
1023
330
101C
100
AcDbEntity
  8
14
 62
   159
100
AcDbVertex
100
AcDbPolyFaceMeshVertex
 10
33089.99671147485
 20
9744.998970883353
 30
17394.99974800008
 70
   192
  0
VERTEX
  5
1024
330
101C
100
AcDbEntity
  8
14
 62
   159
100
AcDbVertex
100
AcDbPolyFaceMeshVertex
 10
33075.99671155896
 20
9744.997436231353
 30
17394.99974800008
 70
   192
  0
VERTEX
  5
1025
330
101C
100
AcDbEntity
  8
14
 62
   159
100
AcDbFaceRecord
 10
0.0
 20
0.0
 30
0.0
 70
   128
 71
     1
 72
     2
 73
    -3
 74
    -3
  0
VERTEX
  5
1026
330
101C
100
AcDbEntity
  8
14
 62
   159
100
AcDbFaceRecord
 10
0.0
 20
0.0
 30
0.0
 70
   128
 71
    -1
 72
     3
 73
     4
 74
     4
  0
VERTEX
  5
1027
330
101C
100
AcDbEntity
  8
14
 62
   159
100
AcDbFaceRecord
 10
0.0
 20
0.0
 30
0.0
 70
   128
 71
     2
 72
     5
 73
    -6
 74
    -6
  0
VERTEX
  5
1028
330
101C
100
AcDbEntity
  8
14
 62
   159
100
AcDbFaceRecord
 10
0.0
 20
0.0
 30
0.0
 70
   128
 71
    -2
 72
     6
 73
     3
 74
     3
  0
VERTEX
  5
1029
330
101C
100
AcDbEntity
  8
14
 62
   159
100
AcDbFaceRecord
 10
0.0
 20
0.0
 30
0.0
 70
   128
 71
     5
 72
     7
 73
    -8
 74
    -8
  0
VERTEX
  5
102A
330
101C
100
AcDbEntity
  8
14
 62
   159
100
AcDbFaceRecord
 10
0.0
 20
0.0
 30
0.0
 70
   128
 71
    -5
 72
     8
 73
     6
 74
     6
  0
VERTEX
  5
102B
330
101C
100
AcDbEntity
  8
14
 62
   159
100
AcDbFaceRecord
 10
0.0
 20
0.0
 30
0.0
 70
   128
 71
     7
 72
     1
 73
    -4
 74
    -4
  0
VERTEX
  5
102C
330
101C
100
AcDbEntity
  8
14
 62
   159
100
AcDbFaceRecord
 10
0.0
 20
0.0
 30
0.0
 70
   128
 71
    -7
 72
     4
 73
     8
 74
     8
  0
VERTEX
  5
102D
330
101C
100
AcDbEntity
  8
14
 62
   159
100
AcDbFaceRecord
 10
0.0
 20
0.0
 30
0.0
 70
   128
 71
     2
 72
     1
 73
    -7
 74
    -7
  0
VERTEX
  5
102E
330
101C
100
AcDbEntity
  8
14
 62
   159
100
AcDbFaceRecord
 10
0.0
 20
0.0
 30
0.0
 70
   128
 71
    -2
 72
     7
 73
     5
 74
     5
  0
VERTEX
  5
102F
330
101C
100
AcDbEntity
  8
14
 62
   159
100
AcDbFaceRecord
 10
0.0
 20
0.0
 30
0.0
 70
   128
 71
     4
 72
     3
 73
    -6
 74
    -6
  0
VERTEX
  5
1030
330
101C
100
AcDbEntity
  8
14
 62
   159
100
AcDbFaceRecord
 10
0.0
 20
0.0
 30
0.0
 70
   128
 71
    -4
 72
     6
 73
     8
 74
     8
  0
SEQEND
  5
1031
330
101C
100
AcDbEntity
  8
14
 62
   159
  0
POLYLINE
  5
1032
330
1F
100
AcDbEntity
  8
7
 62
   206
420
  6689894
100
AcDbPolyFaceMesh
 66
     1
 10
0.0
 20
0.0
 30
0.0
 70
    64
 71
    20
 72
    40
1001
TeklaStructures
1000
ID
1000
134128009
  0
VERTEX
  5
1033
330
1032
100
AcDbEntity
  8
7
 62
   206
100
AcDbVertex
100
AcDbPolyFaceMeshVertex
 10
33167.0
 20
9133.0
 30
17735.0
 70
   192
  0
VERTEX
  5
1034
330
1032
100
AcDbEntity
  8
7
 62
   206
100
AcDbVertex
100
AcDbPolyFaceMeshVertex
 10
33167.0
 20
9667.0
 30
17735.0
 70
   192
  0
VERTEX
  5
1035
330
1032
100
AcDbEntity
  8
7
 62
   206
100
AcDbVertex
100
AcDbPolyFaceMeshVertex
 10
32433.0
 20
9667.0
 30
17735.0
 70
   192
  0
VERTEX
  5
1036
330
1032
100
AcDbEntity
  8
7
 62
   206
100
AcDbVertex
100
AcDbPolyFaceMeshVertex
 10
32433.0
 20
9133.0
 30
17735.0
 70
   192
  0
VERTEX
  5
1037
330
1032
100
AcDbEntity
  8
7
 62
   206
100
AcDbVertex
100
AcDbPolyFaceMeshVertex
 10
33165.0
 20
9665.0
 30
17735.0
 70
   192
  0
VERTEX
  5
1038
330
1032
100
AcDbEntity
  8
7
 62
   206
100
AcDbVertex
100
AcDbPolyFaceMeshVertex
 10
33165.0
 20
9135.0
 30
17735.0
 70
   192
  0
VERTEX
  5
1039
330
1032
100
AcDbEntity
  8
7
 62
   206
100
AcDbVertex
100
AcDbPolyFaceMeshVertex
 10
32435.0
 20
9135.0
 30
17735.0
 70
   192
  0
VERTEX
  5
103A
330
1032
100
AcDbEntity
  8
7
 62
   206
100
AcDbVertex
100
AcDbPolyFaceMeshVertex
 10
32435.0
 20
9665.0
 30
17735.0
 70
   192
  0
VERTEX
  5
103B
330
1032
100
AcDbEntity
  8
7
 62
   206
100
AcDbVertex
100
AcDbPolyFaceMeshVertex
 10
32435.0
 20
9665.0
 30
22230.0
 70
   192
  0
VERTEX
  5
103C
330
1032
100
AcDbEntity
  8
7
 62
   206
100
AcDbVertex
100
AcDbPolyFaceMeshVertex
 10
33165.0
 20
9665.0
 30
22230.0
 70
   192
  0
VERTEX
  5
103D
330
1032
100
AcDbEntity
  8
7
 62
   206
100
AcDbVertex
100
AcDbPolyFaceMeshVertex
 10
32435.0
 20
9135.0
 30
22230.0
 70
   192
  0
VERTEX
  5
103E
330
1032
100
AcDbEntity
  8
7
 62
   206
100
AcDbVertex
100
AcDbPolyFaceMeshVertex
 10
33165.0
 20
9135.0
 30
22230.0
 70
   192
  0
VERTEX
  5
103F
330
1032
100
AcDbEntity
  8
7
 62
   206
100
AcDbVertex
100
AcDbPolyFaceMeshVertex
 10
32400.0
 20
9700.0
 30
22230.0
 70
   192
  0
VERTEX
  5
1040
330
1032
100
AcDbEntity
  8
7
 62
   206
100
AcDbVertex
100
AcDbPolyFaceMeshVertex
 10
33200.0
 20
9700.0
 30
22230.0
 70
   192
  0
VERTEX
  5
1041
330
1032
100
AcDbEntity
  8
7
 62
   206
100
AcDbVertex
100
AcDbPolyFaceMeshVertex
 10
33200.0
 20
9100.0
 30
22230.0
 70
   192
  0
VERTEX
  5
1042
330
1032
100
AcDbEntity
  8
7
 62
   206
100
AcDbVertex
100
AcDbPolyFaceMeshVertex
 10
32400.0
 20
9100.0
 30
22230.0
 70
   192
  0
VERTEX
  5
1043
330
1032
100
AcDbEntity
  8
7
 62
   206
100
AcDbVertex
100
AcDbPolyFaceMeshVertex
 10
33200.0
 20
9100.0
 30
17768.0
 70
   192
  0
VERTEX
  5
1044
330
1032
100
AcDbEntity
  8
7
 62
   206
100
AcDbVertex
100
AcDbPolyFaceMeshVertex
 10
32400.0
 20
9100.0
 30
17768.0
 70
   192
  0
VERTEX
  5
1045
330
1032
100
AcDbEntity
  8
7
 62
   206
100
AcDbVertex
100
AcDbPolyFaceMeshVertex
 10
33200.0
 20
9700.0
 30
17768.0
 70
   192
  0
VERTEX
  5
1046
330
1032
100
AcDbEntity
  8
7
 62
   206
100
AcDbVertex
100
AcDbPolyFaceMeshVertex
 10
32400.0
 20
9700.0
 30
17768.0
 70
   192
  0
VERTEX
  5
1047
330
1032
100
AcDbEntity
  8
7
 62
   206
100
AcDbFaceRecord
 10
0.0
 20
0.0
 30
0.0
 70
   128
 71
    -1
 72
    -6
 73
     4
 74
     4
  0
VERTEX
  5
1048
330
1032
100
AcDbEntity
  8
7
 62
   206
100
AcDbFaceRecord
 10
0.0
 20
0.0
 30
0.0
 70
   128
 71
    -6
 72
     1
 73
    -2
 74
    -2
  0
VERTEX
  5
1049
330
1032
100
AcDbEntity
  8
7
 62
   206
100
AcDbFaceRecord
 10
0.0
 20
0.0
 30
0.0
 70
   128
 71
    -6
 72
    -2
 73
     5
 74
     5
  0
VERTEX
  5
104A
330
1032
100
AcDbEntity
  8
7
 62
   206
100
AcDbFaceRecord
 10
0.0
 20
0.0
 30
0.0
 70
   128
 71
    -5
 72
    -2
 73
     8
 74
     8
  0
VERTEX
  5
104B
330
1032
100
AcDbEntity
  8
7
 62
   206
100
AcDbFaceRecord
 10
0.0
 20
0.0
 30
0.0
 70
   128
 71
    -4
 72
    -7
 73
     3
 74
     3
  0
VERTEX
  5
104C
330
1032
100
AcDbEntity
  8
7
 62
   206
100
AcDbFaceRecord
 10
0.0
 20
0.0
 30
0.0
 70
   128
 71
    -7
 72
    -4
 73
     6
 74
     6
  0
VERTEX
  5
104D
330
1032
100
AcDbEntity
  8
7
 62
   206
100
AcDbFaceRecord
 10
0.0
 20
0.0
 30
0.0
 70
   128
 71
    -3
 72
     7
 73
    -8
 74
    -8
  0
VERTEX
  5
104E
330
1032
100
AcDbEntity
  8
7
 62
   206
100
AcDbFaceRecord
 10
0.0
 20
0.0
 30
0.0
 70
   128
 71
    -3
 72
    -8
 73
     2
 74
     2
  0
VERTEX
  5
104F
330
1032
100
AcDbEntity
  8
7
 62
   206
100
AcDbFaceRecord
 10
0.0
 20
0.0
 30
0.0
 70
   128
 71
     9
 72
    10
 73
    -5
 74
    -5
  0
VERTEX
  5
1050
330
1032
100
AcDbEntity
  8
7
 62
   206
100
AcDbFaceRecord
 10
0.0
 20
0.0
 30
0.0
 70
   128
 71
    -9
 72
     5
 73
     8
 74
     8
  0
VERTEX
  5
1051
330
1032
100
AcDbEntity
  8
7
 62
   206
100
AcDbFaceRecord
 10
0.0
 20
0.0
 30
0.0
 70
   128
 71
    11
 72
     9
 73
    -8
 74
    -8
  0
VERTEX
  5
1052
330
1032
100
AcDbEntity
  8
7
 62
   206
100
AcDbFaceRecord
 10
0.0
 20
0.0
 30
0.0
 70
   128
 71
   -11
 72
     8
 73
     7
 74
     7
  0
VERTEX
  5
1053
330
1032
100
AcDbEntity
  8
7
 62
   206
100
AcDbFaceRecord
 10
0.0
 20
0.0
 30
0.0
 70
   128
 71
    12
 72
    11
 73
    -7
 74
    -7
  0
VERTEX
  5
1054
330
1032
100
AcDbEntity
  8
7
 62
   206
100
AcDbFaceRecord
 10
0.0
 20
0.0
 30
0.0
 70
   128
 71
   -12
 72
     7
 73
     6
 74
     6
  0
VERTEX
  5
1055
330
1032
100
AcDbEntity
  8
7
 62
   206
100
AcDbFaceRecord
 10
0.0
 20
0.0
 30
0.0
 70
   128
 71
    10
 72
    12
 73
    -6
 74
    -6
  0
VERTEX
  5
1056
330
1032
100
AcDbEntity
  8
7
 62
   206
100
AcDbFaceRecord
 10
0.0
 20
0.0
 30
0.0
 70
   128
 71
   -10
 72
     6
 73
     5
 74
     5
  0
VERTEX
  5
1057
330
1032
100
AcDbEntity
  8
7
 62
   206
100
AcDbFaceRecord
 10
0.0
 20
0.0
 30
0.0
 70
   128
 71
   -13
 72
    -9
 73
    16
 74
    16
  0
VERTEX
  5
1058
330
1032
100
AcDbEntity
  8
7
 62
   206
100
AcDbFaceRecord
 10
0.0
 20
0.0
 30
0.0
 70
   128
 71
    -9
 72
    13
 73
   -14
 74
   -14
  0
VERTEX
  5
1059
330
1032
100
AcDbEntity
  8
7
 62
   206
100
AcDbFaceRecord
 10
0.0
 20
0.0
 30
0.0
 70
   128
 71
    -9
 72
   -14
 73
    10
 74
    10
  0
VERTEX
  5
105A
330
1032
100
AcDbEntity
  8
7
 62
   206
100
AcDbFaceRecord
 10
0.0
 20
0.0
 30
0.0
 70
   128
 71
   -10
 72
   -14
 73
    12
 74
    12
  0
VERTEX
  5
105B
330
1032
100
AcDbEntity
  8
7
 62
   206
100
AcDbFaceRecord
 10
0.0
 20
0.0
 30
0.0
 70
   128
 71
   -16
 72
   -11
 73
    15
 74
    15
  0
VERTEX
  5
105C
330
1032
100
AcDbEntity
  8
7
 62
   206
100
AcDbFaceRecord
 10
0.0
 20
0.0
 30
0.0
 70
   128
 71
   -11
 72
   -16
 73
     9
 74
     9
  0
VERTEX
  5
105D
330
1032
100
AcDbEntity
  8
7
 62
   206
100
AcDbFaceRecord
 10
0.0
 20
0.0
 30
0.0
 70
   128
 71
   -15
 72
    11
 73
   -12
 74
   -12
  0
VERTEX
  5
105E
330
1032
100
AcDbEntity
  8
7
 62
   206
100
AcDbFaceRecord
 10
0.0
 20
0.0
 30
0.0
 70
   128
 71
   -15
 72
   -12
 73
    14
 74
    14
  0
VERTEX
  5
105F
330
1032
100
AcDbEntity
  8
7
 62
   206
100
AcDbFaceRecord
 10
0.0
 20
0.0
 30
0.0
 70
   128
 71
    17
 72
    18
 73
   -16
 74
   -16
  0
VERTEX
  5
1060
330
1032
100
AcDbEntity
  8
7
 62
   206
100
AcDbFaceRecord
 10
0.0
 20
0.0
 30
0.0
 70
   128
 71
   -17
 72
    16
 73
    15
 74
    15
  0
VERTEX
  5
1061
330
1032
100
AcDbEntity
  8
7
 62
   206
100
AcDbFaceRecord
 10
0.0
 20
0.0
 30
0.0
 70
   128
 71
    19
 72
    17
 73
   -15
 74
   -15
  0
VERTEX
  5
1062
330
1032
100
AcDbEntity
  8
7
 62
   206
100
AcDbFaceRecord
 10
0.0
 20
0.0
 30
0.0
 70
   128
 71
   -19
 72
    15
 73
    14
 74
    14
  0
VERTEX
  5
1063
330
1032
100
AcDbEntity
  8
7
 62
   206
100
AcDbFaceRecord
 10
0.0
 20
0.0
 30
0.0
 70
   128
 71
    20
 72
    19
 73
   -14
 74
   -14
  0
VERTEX
  5
1064
330
1032
100
AcDbEntity
  8
7
 62
   206
100
AcDbFaceRecord
 10
0.0
 20
0.0
 30
0.0
 70
   128
 71
   -20
 72
    14
 73
    13
 74
    13
  0
VERTEX
  5
1065
330
1032
100
AcDbEntity
  8
7
 62
   206
100
AcDbFaceRecord
 10
0.0
 20
0.0
 30
0.0
 70
   128
 71
    18
 72
    20
 73
   -13
 74
   -13
  0
VERTEX
  5
1066
330
1032
100
AcDbEntity
  8
7
 62
   206
100
AcDbFaceRecord
 10
0.0
 20
0.0
 30
0.0
 70
   128
 71
   -18
 72
    13
 73
    16
 74
    16
  0
VERTEX
  5
1067
330
1032
100
AcDbEntity
  8
7
 62
   206
100
AcDbFaceRecord
 10
0.0
 20
0.0
 30
0.0
 70
   128
 71
     3
 72
    20
 73
   -18
 74
   -18
  0
VERTEX
  5
1068
330
1032
100
AcDbEntity
  8
7
 62
   206
100
AcDbFaceRecord
 10
0.0
 20
0.0
 30
0.0
 70
   128
 71
    -3
 72
    18
 73
     4
 74
     4
  0
VERTEX
  5
1069
330
1032
100
AcDbEntity
  8
7
 62
   206
100
AcDbFaceRecord
 10
0.0
 20
0.0
 30
0.0
 70
   128
 71
    20
 72
     3
 73
    -2
 74
    -2
  0
VERTEX
  5
106A
330
1032
100
AcDbEntity
  8
7
 62
   206
100
AcDbFaceRecord
 10
0.0
 20
0.0
 30
0.0
 70
   128
 71
   -20
 72
     2
 73
    19
 74
    19
  0
VERTEX
  5
106B
330
1032
100
AcDbEntity
  8
7
 62
   206
100
AcDbFaceRecord
 10
0.0
 20
0.0
 30
0.0
 70
   128
 71
    19
 72
     2
 73
    -1
 74
    -1
  0
VERTEX
  5
106C
330
1032
100
AcDbEntity
  8
7
 62
   206
100
AcDbFaceRecord
 10
0.0
 20
0.0
 30
0.0
 70
   128
 71
   -19
 72
     1
 73
    17
 74
    17
  0
VERTEX
  5
106D
330
1032
100
AcDbEntity
  8
7
 62
   206
100
AcDbFaceRecord
 10
0.0
 20
0.0
 30
0.0
 70
   128
 71
    17
 72
     1
 73
    -4
 74
    -4
  0
VERTEX
  5
106E
330
1032
100
AcDbEntity
  8
7
 62
   206
100
AcDbFaceRecord
 10
0.0
 20
0.0
 30
0.0
 70
   128
 71
   -17
 72
     4
 73
    18
 74
    18
  0
SEQEND
  5
106F
330
1032
100
AcDbEntity
  8
7
 62
   206
  0
POLYLINE
  5
1070
330
1F
100
AcDbEntity
  8
99
 62
   251
420
  6710886
100
AcDbPolyFaceMesh
 66
     1
 10
0.0
 20
0.0
 30
0.0
 70
    64
 71
     8
 72
    12
1001
TeklaStructures
1000
ID
1000
138353327
  0
VERTEX
  5
1071
330
1070
100
AcDbEntity
  8
99
 62
   251
100
AcDbVertex
100
AcDbPolyFaceMeshVertex
 10
32400.04263181246
 20
9415.999872893524
 30
20988.0
 70
   192
  0
VERTEX
  5
1072
330
1070
100
AcDbEntity
  8
99
 62
   251
100
AcDbVertex
100
AcDbPolyFaceMeshVertex
 10
32400.04263302384
 20
9415.999872893524
 30
20572.0
 70
   192
  0
VERTEX
  5
1073
330
1070
100
AcDbEntity
  8
99
 62
   251
100
AcDbVertex
100
AcDbPolyFaceMeshVertex
 10
32400.04263302384
 20
9403.999872893524
 30
20572.0
 70
   192
  0
VERTEX
  5
1074
330
1070
100
AcDbEntity
  8
99
 62
   251
100
AcDbVertex
100
AcDbPolyFaceMeshVertex
 10
32400.04263181246
 20
9403.999872893524
 30
20988.0
 70
   192
  0
VERTEX
  5
1075
330
1070
100
AcDbEntity
  8
99
 62
   251
100
AcDbVertex
100
AcDbPolyFaceMeshVertex
 10
32280.04263181246
 20
9415.999872893524
 30
20572.0
 70
   192
  0
VERTEX
  5
1076
330
1070
100
AcDbEntity
  8
99
 62
   251
100
AcDbVertex
100
AcDbPolyFaceMeshVertex
 10
32280.04263181246
 20
9403.999872893524
 30
20572.0
 70
   192
  0
VERTEX
  5
1077
330
1070
100
AcDbEntity
  8
99
 62
   251
100
AcDbVertex
100
AcDbPolyFaceMeshVertex
 10
32280.04263181246
 20
9415.999872893524
 30
20988.0
 70
   192
  0
VERTEX
  5
1078
330
1070
100
AcDbEntity
  8
99
 62
   251
100
AcDbVertex
100
AcDbPolyFaceMeshVertex
 10
32280.04263181246
 20
9403.999872893524
 30
20988.0
 70
   192
  0
VERTEX
  5
1079
330
1070
100
AcDbEntity
  8
99
 62
   251
100
AcDbFaceRecord
 10
0.0
 20
0.0
 30
0.0
 70
   128
 71
     1
 72
     2
 73
    -3
 74
    -3
  0
VERTEX
  5
107A
330
1070
100
AcDbEntity
  8
99
 62
   251
100
AcDbFaceRecord
 10
0.0
 20
0.0
 30
0.0
 70
   128
 71
    -1
 72
     3
 73
     4
 74
     4
  0
VERTEX
  5
107B
330
1070
100
AcDbEntity
  8
99
 62
   251
100
AcDbFaceRecord
 10
0.0
 20
0.0
 30
0.0
 70
   128
 71
     2
 72
     5
 73
    -6
 74
    -6
  0
VERTEX
  5
107C
330
1070
100
AcDbEntity
  8
99
 62
   251
100
AcDbFaceRecord
 10
0.0
 20
0.0
 30
0.0
 70
   128
 71
    -2
 72
     6
 73
     3
 74
     3
  0
VERTEX
  5
107D
330
1070
100
AcDbEntity
  8
99
 62
   251
100
AcDbFaceRecord
 10
0.0
 20
0.0
 30
0.0
 70
   128
 71
     5
 72
     7
 73
    -8
 74
    -8
  0
VERTEX
  5
107E
330
1070
100
AcDbEntity
  8
99
 62
   251
100
AcDbFaceRecord
 10
0.0
 20
0.0
 30
0.0
 70
   128
 71
    -5
 72
     8
 73
     6
 74
     6
  0
VERTEX
  5
107F
330
1070
100
AcDbEntity
  8
99
 62
   251
100
AcDbFaceRecord
 10
0.0
 20
0.0
 30
0.0
 70
   128
 71
     7
 72
     1
 73
    -4
 74
    -4
  0
VERTEX
  5
1080
330
1070
100
AcDbEntity
  8
99
 62
   251
100
AcDbFaceRecord
 10
0.0
 20
0.0
 30
0.0
 70
   128
 71
    -7
 72
     4
 73
     8
 74
     8
  0
VERTEX
  5
1081
330
1070
100
AcDbEntity
  8
99
 62
   251
100
AcDbFaceRecord
 10
0.0
 20
0.0
 30
0.0
 70
   128
 71
     2
 72
     1
 73
    -7
 74
    -7
  0
VERTEX
  5
1082
330
1070
100
AcDbEntity
  8
99
 62
   251
100
AcDbFaceRecord
 10
0.0
 20
0.0
 30
0.0
 70
   128
 71
    -2
 72
     7
 73
     5
 74
     5
  0
VERTEX
  5
1083
330
1070
100
AcDbEntity
  8
99
 62
   251
100
AcDbFaceRecord
 10
0.0
 20
0.0
 30
0.0
 70
   128
 71
     4
 72
     3
 73
    -6
 74
    -6
  0
VERTEX
  5
1084
330
1070
100
AcDbEntity
  8
99
 62
   251
100
AcDbFaceRecord
 10
0.0
 20
0.0
 30
0.0
 70
   128
 71
    -4
 72
     6
 73
     8
 74
     8
  0
SEQEND
  5
1085
330
1070
100
AcDbEntity
  8
99
 62
   251
  0
POLYLINE
  5
1086
330
1F
100
AcDbEntity
  8
4
 62
    55
420
 10921574
100
AcDbPolyFaceMesh
 66
     1
 10
0.0
 20
0.0
 30
0.0
 70
    64
 71
    12
 72
    20
1001
TeklaStructures
1000
ID
1000
138353306
  0
VERTEX
  5
1087
330
1086
100
AcDbEntity
  8
4
 62
    55
100
AcDbVertex
100
AcDbPolyFaceMeshVertex
 10
32400.02823129097
 20
9549.998096665597
 30
21030.0
 70
   192
  0
VERTEX
  5
1088
330
1086
100
AcDbEntity
  8
4
 62
    55
100
AcDbVertex
100
AcDbPolyFaceMeshVertex
 10
32325.02823129108
 20
9549.997964815597
 30
21030.0
 70
   192
  0
VERTEX
  5
1089
330
1086
100
AcDbEntity
  8
4
 62
    55
100
AcDbVertex
100
AcDbPolyFaceMeshVertex
 10
32325.02796758566
 20
9700.00104852809
 30
21030.0
 70
   192
  0
VERTEX
  5
108A
330
1086
100
AcDbEntity
  8
4
 62
    55
100
AcDbVertex
100
AcDbPolyFaceMeshVertex
 10
32400.02796758555
 20
9700.00118037809
 30
21030.0
 70
   192
  0
VERTEX
  5
108B
330
1086
100
AcDbEntity
  8
4
 62
    55
100
AcDbVertex
100
AcDbPolyFaceMeshVertex
 10
32325.02823129108
 20
9549.997964815597
 30
21025.0
 70
   192
  0
VERTEX
  5
108C
330
1086
100
AcDbEntity
  8
4
 62
    55
100
AcDbVertex
100
AcDbPolyFaceMeshVertex
 10
32325.02796758566
 20
9700.00104852809
 30
21025.0
 70
   192
  0
VERTEX
  5
108D
330
1086
100
AcDbEntity
  8
4
 62
    55
100
AcDbVertex
100
AcDbPolyFaceMeshVertex
 10
32395.02823129098
 20
9549.998087875596
 30
21025.0
 70
   192
  0
VERTEX
  5
108E
330
1086
100
AcDbEntity
  8
4
 62
    55
100
AcDbVertex
100
AcDbPolyFaceMeshVertex
 10
32395.02796758556
 20
9700.00117158809
 30
21025.0
 70
   192
  0
VERTEX
  5
108F
330
1086
100
AcDbEntity
  8
4
 62
    55
100
AcDbVertex
100
AcDbPolyFaceMeshVertex
 10
32395.02823129098
 20
9549.998087875596
 30
20955.0
 70
   192
  0
VERTEX
  5
1090
330
1086
100
AcDbEntity
  8
4
 62
    55
100
AcDbVertex
100
AcDbPolyFaceMeshVertex
 10
32395.02796758556
 20
9700.00117158809
 30
20955.0
 70
   192
  0
VERTEX
  5
1091
330
1086
100
AcDbEntity
  8
4
 62
    55
100
AcDbVertex
100
AcDbPolyFaceMeshVertex
 10
32400.02823129097
 20
9549.998096665597
 30
20955.0
 70
   192
  0
VERTEX
  5
1092
330
1086
100
AcDbEntity
  8
4
 62
    55
100
AcDbVertex
100
AcDbPolyFaceMeshVertex
 10
32400.02796758555
 20
9700.00118037809
 30
20955.0
 70
   192
  0
VERTEX
  5
1093
330
1086
100
AcDbEntity
  8
4
 62
    55
100
AcDbFaceRecord
 10
0.0
 20
0.0
 30
0.0
 70
   128
 71
     1
 72
     2
 73
    -3
 74
    -3
  0
VERTEX
  5
1094
330
1086
100
AcDbEntity
  8
4
 62
    55
100
AcDbFaceRecord
 10
0.0
 20
0.0
 30
0.0
 70
   128
 71
    -1
 72
     3
 73
     4
 74
     4
  0
VERTEX
  5
1095
330
1086
100
AcDbEntity
  8
4
 62
    55
100
AcDbFaceRecord
 10
0.0
 20
0.0
 30
0.0
 70
   128
 71
     2
 72
     5
 73
    -6
 74
    -6
  0
VERTEX
  5
1096
330
1086
100
AcDbEntity
  8
4
 62
    55
100
AcDbFaceRecord
 10
0.0
 20
0.0
 30
0.0
 70
   128
 71
    -2
 72
     6
 73
     3
 74
     3
  0
VERTEX
  5
1097
330
1086
100
AcDbEntity
  8
4
 62
    55
100
AcDbFaceRecord
 10
0.0
 20
0.0
 30
0.0
 70
   128
 71
     5
 72
     7
 73
    -8
 74
    -8
  0
VERTEX
  5
1098
330
1086
100
AcDbEntity
  8
4
 62
    55
100
AcDbFaceRecord
 10
0.0
 20
0.0
 30
0.0
 70
   128
 71
    -5
 72
     8
 73
     6
 74
     6
  0
VERTEX
  5
1099
330
1086
100
AcDbEntity
  8
4
 62
    55
100
AcDbFaceRecord
 10
0.0
 20
0.0
 30
0.0
 70
   128
 71
     7
 72
     9
 73
   -10
 74
   -10
  0
VERTEX
  5
109A
330
1086
100
AcDbEntity
  8
4
 62
    55
100
AcDbFaceRecord
 10
0.0
 20
0.0
 30
0.0
 70
   128
 71
    -7
 72
    10
 73
     8
 74
     8
  0
VERTEX
  5
109B
330
1086
100
AcDbEntity
  8
4
 62
    55
100
AcDbFaceRecord
 10
0.0
 20
0.0
 30
0.0
 70
   128
 71
     9
 72
    11
 73
   -12
 74
   -12
  0
VERTEX
  5
109C
330
1086
100
AcDbEntity
  8
4
 62
    55
100
AcDbFaceRecord
 10
0.0
 20
0.0
 30
0.0
 70
   128
 71
    -9
 72
    12
 73
    10
 74
    10
  0
VERTEX
  5
109D
330
1086
100
AcDbEntity
  8
4
 62
    55
100
AcDbFaceRecord
 10
0.0
 20
0.0
 30
0.0
 70
   128
 71
    11
 72
     1
 73
    -4
 74
    -4
  0
VERTEX
  5
109E
330
1086
100
AcDbEntity
  8
4
 62
    55
100
AcDbFaceRecord
 10
0.0
 20
0.0
 30
0.0
 70
   128
 71
   -11
 72
     4
 73
    12
 74
    12
  0
VERTEX
  5
109F
330
1086
100
AcDbEntity
  8
4
 62
    55
100
AcDbFaceRecord
 10
0.0
 20
0.0
 30
0.0
 70
   128
 71
    -1
 72
     5
 73
     2
 74
     2
  0
VERTEX
  5
10A0
330
1086
100
AcDbEntity
  8
4
 62
    55
100
AcDbFaceRecord
 10
0.0
 20
0.0
 30
0.0
 70
   128
 71
    -5
 72
    -1
 73
     7
 74
     7
  0
VERTEX
  5
10A1
330
1086
100
AcDbEntity
  8
4
 62
    55
100
AcDbFaceRecord
 10
0.0
 20
0.0
 30
0.0
 70
   128
 71
    -7
 72
    -1
 73
     9
 74
     9
  0
VERTEX
  5
10A2
330
1086
100
AcDbEntity
  8
4
 62
    55
100
AcDbFaceRecord
 10
0.0
 20
0.0
 30
0.0
 70
   128
 71
    -9
 72
     1
 73
    11
 74
    11
  0
VERTEX
  5
10A3
330
1086
100
AcDbEntity
  8
4
 62
    55
100
AcDbFaceRecord
 10
0.0
 20
0.0
 30
0.0
 70
   128
 71
    -4
 72
    -8
 73
    12
 74
    12
  0
VERTEX
  5
10A4
330
1086
100
AcDbEntity
  8
4
 62
    55
100
AcDbFaceRecord
 10
0.0
 20
0.0
 30
0.0
 70
   128
 71
    -8
 72
     4
 73
    -3
 74
    -3
  0
VERTEX
  5
10A5
330
1086
100
AcDbEntity
  8
4
 62
    55
100
AcDbFaceRecord
 10
0.0
 20
0.0
 30
0.0
 70
   128
 71
    -8
 72
     3
 73
     6
 74
     6
  0
VERTEX
  5
10A6
330
1086
100
AcDbEntity
  8
4
 62
    55
100
AcDbFaceRecord
 10
0.0
 20
0.0
 30
0.0
 70
   128
 71
    10
 72
   -12
 73
     8
 74
     8
  0
SEQEND
  5
10A7
330
1086
100
AcDbEntity
  8
4
 62
    55
  0
POLYLINE
  5
10A8
330
1F
100
AcDbEntity
  8
4
 62
    55
420
 10921574
100
AcDbPolyFaceMesh
 66
     1
 10
0.0
 20
0.0
 30
0.0
 70
    64
 71
    12
 72
    20
1001
TeklaStructures
1000
ID
1000
138353299
  0
VERTEX
  5
10A9
330
10A8
100
AcDbEntity
  8
4
 62
    55
100
AcDbVertex
100
AcDbPolyFaceMeshVertex
 10
32400.02796758555
 20
9100.00118039469
 30
21030.0
 70
   192
  0
VERTEX
  5
10AA
330
10A8
100
AcDbEntity
  8
4
 62
    55
100
AcDbVertex
100
AcDbPolyFaceMeshVertex
 10
32325.02796758555
 20
9100.00118039469
 30
21030.0
 70
   192
  0
VERTEX
  5
10AB
330
10A8
100
AcDbEntity
  8
4
 62
    55
100
AcDbVertex
100
AcDbPolyFaceMeshVertex
 10
32325.02796758555
 20
9249.997832914465
 30
21030.0
 70
   192
  0
VERTEX
  5
10AC
330
10A8
100
AcDbEntity
  8
4
 62
    55
100
AcDbVertex
100
AcDbPolyFaceMeshVertex
 10
32400.02796758555
 20
9249.997832914465
 30
21030.0
 70
   192
  0
VERTEX
  5
10AD
330
10A8
100
AcDbEntity
  8
4
 62
    55
100
AcDbVertex
100
AcDbPolyFaceMeshVertex
 10
32325.02796758555
 20
9100.00118039469
 30
21025.0
 70
   192
  0
VERTEX
  5
10AE
330
10A8
100
AcDbEntity
  8
4
 62
    55
100
AcDbVertex
100
AcDbPolyFaceMeshVertex
 10
32325.02796758555
 20
9249.997832914465
 30
21025.0
 70
   192
  0
VERTEX
  5
10AF
330
10A8
100
AcDbEntity
  8
4
 62
    55
100
AcDbVertex
100
AcDbPolyFaceMeshVertex
 10
32395.02796758555
 20
9100.00118039469
 30
21025.0
 70
   192
  0
VERTEX
  5
10B0
330
10A8
100
AcDbEntity
  8
4
 62
    55
100
AcDbVertex
100
AcDbPolyFaceMeshVertex
 10
32395.02796758555
 20
9249.997832914465
 30
21025.0
 70
   192
  0
VERTEX
  5
10B1
330
10A8
100
AcDbEntity
  8
4
 62
    55
100
AcDbVertex
100
AcDbPolyFaceMeshVertex
 10
32395.02796758555
 20
9100.00118039469
 30
20955.0
 70
   192
  0
VERTEX
  5
10B2
330
10A8
100
AcDbEntity
  8
4
 62
    55
100
AcDbVertex
100
AcDbPolyFaceMeshVertex
 10
32395.02796758555
 20
9249.997832914465
 30
20955.0
 70
   192
  0
VERTEX
  5
10B3
330
10A8
100
AcDbEntity
  8
4
 62
    55
100
AcDbVertex
100
AcDbPolyFaceMeshVertex
 10
32400.02796758555
 20
9100.00118039469
 30
20955.0
 70
   192
  0
VERTEX
  5
10B4
330
10A8
100
AcDbEntity
  8
4
 62
    55
100
AcDbVertex
100
AcDbPolyFaceMeshVertex
 10
32400.02796758555
 20
9249.997832914465
 30
20955.0
 70
   192
  0
VERTEX
  5
10B5
330
10A8
100
AcDbEntity
  8
4
 62
    55
100
AcDbFaceRecord
 10
0.0
 20
0.0
 30
0.0
 70
   128
 71
     1
 72
     2
 73
    -3
 74
    -3
  0
VERTEX
  5
10B6
330
10A8
100
AcDbEntity
  8
4
 62
    55
100
AcDbFaceRecord
 10
0.0
 20
0.0
 30
0.0
 70
   128
 71
    -1
 72
     3
 73
     4
 74
     4
  0
VERTEX
  5
10B7
330
10A8
100
AcDbEntity
  8
4
 62
    55
100
AcDbFaceRecord
 10
0.0
 20
0.0
 30
0.0
 70
   128
 71
     2
 72
     5
 73
    -6
 74
    -6
  0
VERTEX
  5
10B8
330
10A8
100
AcDbEntity
  8
4
 62
    55
100
AcDbFaceRecord
 10
0.0
 20
0.0
 30
0.0
 70
   128
 71
    -2
 72
     6
 73
     3
 74
     3
  0
VERTEX
  5
10B9
330
10A8
100
AcDbEntity
  8
4
 62
    55
100
AcDbFaceRecord
 10
0.0
 20
0.0
 30
0.0
 70
   128
 71
     5
 72
     7
 73
    -8
 74
    -8
  0
VERTEX
  5
10BA
330
10A8
100
AcDbEntity
  8
4
 62
    55
100
AcDbFaceRecord
 10
0.0
 20
0.0
 30
0.0
 70
   128
 71
    -5
 72
     8
 73
     6
 74
     6
  0
VERTEX
  5
10BB
330
10A8
100
AcDbEntity
  8
4
 62
    55
100
AcDbFaceRecord
 10
0.0
 20
0.0
 30
0.0
 70
   128
 71
     7
 72
     9
 73
   -10
 74
   -10
  0
VERTEX
  5
10BC
330
10A8
100
AcDbEntity
  8
4
 62
    55
100
AcDbFaceRecord
 10
0.0
 20
0.0
 30
0.0
 70
   128
 71
    -7
 72
    10
 73
     8
 74
     8
  0
VERTEX
  5
10BD
330
10A8
100
AcDbEntity
  8
4
 62
    55
100
AcDbFaceRecord
 10
0.0
 20
0.0
 30
0.0
 70
   128
 71
     9
 72
    11
 73
   -12
 74
   -12
  0
VERTEX
  5
10BE
330
10A8
100
AcDbEntity
  8
4
 62
    55
100
AcDbFaceRecord
 10
0.0
 20
0.0
 30
0.0
 70
   128
 71
    -9
 72
    12
 73
    10
 74
    10
  0
VERTEX
  5
10BF
330
10A8
100
AcDbEntity
  8
4
 62
    55
100
AcDbFaceRecord
 10
0.0
 20
0.0
 30
0.0
 70
   128
 71
    11
 72
     1
 73
    -4
 74
    -4
  0
VERTEX
  5
10C0
330
10A8
100
AcDbEntity
  8
4
 62
    55
100
AcDbFaceRecord
 10
0.0
 20
0.0
 30
0.0
 70
   128
 71
   -11
 72
     4
 73
    12
 74
    12
  0
VERTEX
  5
10C1
330
10A8
100
AcDbEntity
  8
4
 62
    55
100
AcDbFaceRecord
 10
0.0
 20
0.0
 30
0.0
 70
   128
 71
    -1
 72
     5
 73
     2
 74
     2
  0
VERTEX
  5
10C2
330
10A8
100
AcDbEntity
  8
4
 62
    55
100
AcDbFaceRecord
 10
0.0
 20
0.0
 30
0.0
 70
   128
 71
    -5
 72
    -1
 73
     7
 74
     7
  0
VERTEX
  5
10C3
330
10A8
100
AcDbEntity
  8
4
 62
    55
100
AcDbFaceRecord
 10
0.0
 20
0.0
 30
0.0
 70
   128
 71
    -7
 72
    -1
 73
     9
 74
     9
  0
VERTEX
  5
10C4
330
10A8
100
AcDbEntity
  8
4
 62
    55
100
AcDbFaceRecord
 10
0.0
 20
0.0
 30
0.0
 70
   128
 71
    -9
 72
     1
 73
    11
 74
    11
  0
VERTEX
  5
10C5
330
10A8
100
AcDbEntity
  8
4
 62
    55
100
AcDbFaceRecord
 10
0.0
 20
0.0
 30
0.0
 70
   128
 71
    -4
 72
    -8
 73
    12
 74
    12
  0
VERTEX
  5
10C6
330
10A8
100
AcDbEntity
  8
4
 62
    55
100
AcDbFaceRecord
 10
0.0
 20
0.0
 30
0.0
 70
   128
 71
    -8
 72
     4
 73
    -3
 74
    -3
  0
VERTEX
  5
10C7
330
10A8
100
AcDbEntity
  8
4
 62
    55
100
AcDbFaceRecord
 10
0.0
 20
0.0
 30
0.0
 70
   128
 71
    -8
 72
     3
 73
     6
 74
     6
  0
VERTEX
  5
10C8
330
10A8
100
AcDbEntity
  8
4
 62
    55
100
AcDbFaceRecord
 10
0.0
 20
0.0
 30
0.0
 70
   128
 71
    10
 72
   -12
 73
     8
 74
     8
  0
SEQEND
  5
10C9
330
10A8
100
AcDbEntity
  8
4
 62
    55
  0
POLYLINE
  5
10CA
330
1F
100
AcDbEntity
  8
7
 62
   206
420
  6689894
100
AcDbPolyFaceMesh
 66
     1
 10
0.0
 20
0.0
 30
0.0
 70
    64
 71
    16
 72
    28
1001
TeklaStructures
1000
ID
1000
161614585
  0
VERTEX
  5
10CB
330
10CA
100
AcDbEntity
  8
7
 62
   206
100
AcDbVertex
100
AcDbPolyFaceMeshVertex
 10
33392.99995448097
 20
9129.999972953234
 30
20925.00001454219
 70
   192
  0
VERTEX
  5
10CC
330
10CA
100
AcDbEntity
  8
7
 62
   206
100
AcDbVertex
100
AcDbPolyFaceMeshVertex
 10
33392.99995448097
 20
9129.999972953234
 30
20712.49101185665
 70
   192
  0
VERTEX
  5
10CD
330
10CA
100
AcDbEntity
  8
7
 62
   206
100
AcDbVertex
100
AcDbPolyFaceMeshVertex
 10
33376.99995448097
 20
9129.999971273233
 30
20712.49101185665
 70
   192
  0
VERTEX
  5
10CE
330
10CA
100
AcDbEntity
  8
7
 62
   206
100
AcDbVertex
100
AcDbPolyFaceMeshVertex
 10
33376.99995448097
 20
9129.999971273233
 30
20925.00001454219
 70
   192
  0
VERTEX
  5
10CF
330
10CA
100
AcDbEntity
  8
7
 62
   206
100
AcDbVertex
100
AcDbPolyFaceMeshVertex
 10
33392.99995185597
 20
9154.999972953234
 30
20687.49101185665
 70
   192
  0
VERTEX
  5
10D0
330
10CA
100
AcDbEntity
  8
7
 62
   206
100
AcDbVertex
100
AcDbPolyFaceMeshVertex
 10
33376.99995185597
 20
9154.999971273233
 30
20687.49101185665
 70
   192
  0
VERTEX
  5
10D1
330
10CA
100
AcDbEntity
  8
7
 62
   206
100
AcDbVertex
100
AcDbPolyFaceMeshVertex
 10
33392.99992980597
 20
9364.999972953232
 30
20687.49101185665
 70
   192
  0
VERTEX
  5
10D2
330
10CA
100
AcDbEntity
  8
7
 62
   206
100
AcDbVertex
100
AcDbPolyFaceMeshVertex
 10
33376.99992980597
 20
9364.999971273231
 30
20687.49101185665
 70
   192
  0
VERTEX
  5
10D3
330
10CA
100
AcDbEntity
  8
7
 62
   206
100
AcDbVertex
100
AcDbPolyFaceMeshVertex
 10
33392.99992718097
 20
9389.999972953232
 30
20712.49101185665
 70
   192
  0
VERTEX
  5
10D4
330
10CA
100
AcDbEntity
  8
7
 62
   206
100
AcDbVertex
100
AcDbPolyFaceMeshVertex
 10
33376.99992718097
 20
9389.999971273231
 30
20712.49101185665
 70
   192
  0
VERTEX
  5
10D5
330
10CA
100
AcDbEntity
  8
7
 62
   206
100
AcDbVertex
100
AcDbPolyFaceMeshVertex
 10
33392.99992718097
 20
9389.999972953232
 30
20925.00001454219
 70
   192
  0
VERTEX
  5
10D6
330
10CA
100
AcDbEntity
  8
7
 62
   206
100
AcDbVertex
100
AcDbPolyFaceMeshVertex
 10
33376.99992718097
 20
9389.999971273231
 30
20925.00001454219
 70
   192
  0
VERTEX
  5
10D7
330
10CA
100
AcDbEntity
  8
7
 62
   206
100
AcDbVertex
100
AcDbPolyFaceMeshVertex
 10
33392.99992980597
 20
9364.999972953232
 30
20950.00001454219
 70
   192
  0
VERTEX
  5
10D8
330
10CA
100
AcDbEntity
  8
7
 62
   206
100
AcDbVertex
100
AcDbPolyFaceMeshVertex
 10
33376.99992980597
 20
9364.999971273231
 30
20950.00001454219
 70
   192
  0
VERTEX
  5
10D9
330
10CA
100
AcDbEntity
  8
7
 62
   206
100
AcDbVertex
100
AcDbPolyFaceMeshVertex
 10
33392.99995185597
 20
9154.999972953234
 30
20950.00001454219
 70
   192
  0
VERTEX
  5
10DA
330
10CA
100
AcDbEntity
  8
7
 62
   206
100
AcDbVertex
100
AcDbPolyFaceMeshVertex
 10
33376.99995185597
 20
9154.999971273233
 30
20950.00001454219
 70
   192
  0
VERTEX
  5
10DB
330
10CA
100
AcDbEntity
  8
7
 62
   206
100
AcDbFaceRecord
 10
0.0
 20
0.0
 30
0.0
 70
   128
 71
     1
 72
     2
 73
    -3
 74
    -3
  0
VERTEX
  5
10DC
330
10CA
100
AcDbEntity
  8
7
 62
   206
100
AcDbFaceRecord
 10
0.0
 20
0.0
 30
0.0
 70
   128
 71
    -1
 72
     3
 73
     4
 74
     4
  0
VERTEX
  5
10DD
330
10CA
100
AcDbEntity
  8
7
 62
   206
100
AcDbFaceRecord
 10
0.0
 20
0.0
 30
0.0
 70
   128
 71
     2
 72
     5
 73
    -6
 74
    -6
  0
VERTEX
  5
10DE
330
10CA
100
AcDbEntity
  8
7
 62
   206
100
AcDbFaceRecord
 10
0.0
 20
0.0
 30
0.0
 70
   128
 71
    -2
 72
     6
 73
     3
 74
     3
  0
VERTEX
  5
10DF
330
10CA
100
AcDbEntity
  8
7
 62
   206
100
AcDbFaceRecord
 10
0.0
 20
0.0
 30
0.0
 70
   128
 71
     5
 72
     7
 73
    -8
 74
    -8
  0
VERTEX
  5
10E0
330
10CA
100
AcDbEntity
  8
7
 62
   206
100
AcDbFaceRecord
 10
0.0
 20
0.0
 30
0.0
 70
   128
 71
    -5
 72
     8
 73
     6
 74
     6
  0
VERTEX
  5
10E1
330
10CA
100
AcDbEntity
  8
7
 62
   206
100
AcDbFaceRecord
 10
0.0
 20
0.0
 30
0.0
 70
   128
 71
     7
 72
     9
 73
   -10
 74
   -10
  0
VERTEX
  5
10E2
330
10CA
100
AcDbEntity
  8
7
 62
   206
100
AcDbFaceRecord
 10
0.0
 20
0.0
 30
0.0
 70
   128
 71
    -7
 72
    10
 73
     8
 74
     8
  0
VERTEX
  5
10E3
330
10CA
100
AcDbEntity
  8
7
 62
   206
100
AcDbFaceRecord
 10
0.0
 20
0.0
 30
0.0
 70
   128
 71
     9
 72
    11
 73
   -12
 74
   -12
  0
VERTEX
  5
10E4
330
10CA
100
AcDbEntity
  8
7
 62
   206
100
AcDbFaceRecord
 10
0.0
 20
0.0
 30
0.0
 70
   128
 71
    -9
 72
    12
 73
    10
 74
    10
  0
VERTEX
  5
10E5
330
10CA
100
AcDbEntity
  8
7
 62
   206
100
AcDbFaceRecord
 10
0.0
 20
0.0
 30
0.0
 70
   128
 71
    11
 72
    13
 73
   -14
 74
   -14
  0
VERTEX
  5
10E6
330
10CA
100
AcDbEntity
  8
7
 62
   206
100
AcDbFaceRecord
 10
0.0
 20
0.0
 30
0.0
 70
   128
 71
   -11
 72
    14
 73
    12
 74
    12
  0
VERTEX
  5
10E7
330
10CA
100
AcDbEntity
  8
7
 62
   206
100
AcDbFaceRecord
 10
0.0
 20
0.0
 30
0.0
 70
   128
 71
    13
 72
    15
 73
   -16
 74
   -16
  0
VERTEX
  5
10E8
330
10CA
100
AcDbEntity
  8
7
 62
   206
100
AcDbFaceRecord
 10
0.0
 20
0.0
 30
0.0
 70
   128
 71
   -13
 72
    16
 73
    14
 74
    14
  0
VERTEX
  5
10E9
330
10CA
100
AcDbEntity
  8
7
 62
   206
100
AcDbFaceRecord
 10
0.0
 20
0.0
 30
0.0
 70
   128
 71
    15
 72
     1
 73
    -4
 74
    -4
  0
VERTEX
  5
10EA
330
10CA
100
AcDbEntity
  8
7
 62
   206
100
AcDbFaceRecord
 10
0.0
 20
0.0
 30
0.0
 70
   128
 71
   -15
 72
     4
 73
    16
 74
    16
  0
VERTEX
  5
10EB
330
10CA
100
AcDbEntity
  8
7
 62
   206
100
AcDbFaceRecord
 10
0.0
 20
0.0
 30
0.0
 70
   128
 71
    -2
 72
     7
 73
     5
 74
     5
  0
VERTEX
  5
10EC
330
10CA
100
AcDbEntity
  8
7
 62
   206
100
AcDbFaceRecord
 10
0.0
 20
0.0
 30
0.0
 70
   128
 71
    -7
 72
    -2
 73
     9
 74
     9
  0
VERTEX
  5
10ED
330
10CA
100
AcDbEntity
  8
7
 62
   206
100
AcDbFaceRecord
 10
0.0
 20
0.0
 30
0.0
 70
   128
 71
    -9
 72
     2
 73
    -1
 74
    -1
  0
VERTEX
  5
10EE
330
10CA
100
AcDbEntity
  8
7
 62
   206
100
AcDbFaceRecord
 10
0.0
 20
0.0
 30
0.0
 70
   128
 71
    -9
 72
    -1
 73
    11
 74
    11
  0
VERTEX
  5
10EF
330
10CA
100
AcDbEntity
  8
7
 62
   206
100
AcDbFaceRecord
 10
0.0
 20
0.0
 30
0.0
 70
   128
 71
   -11
 72
     1
 73
   -15
 74
   -15
  0
VERTEX
  5
10F0
330
10CA
100
AcDbEntity
  8
7
 62
   206
100
AcDbFaceRecord
 10
0.0
 20
0.0
 30
0.0
 70
   128
 71
   -11
 72
    15
 73
    13
 74
    13
  0
VERTEX
  5
10F1
330
10CA
100
AcDbEntity
  8
7
 62
   206
100
AcDbFaceRecord
 10
0.0
 20
0.0
 30
0.0
 70
   128
 71
    -4
 72
    14
 73
    16
 74
    16
  0
VERTEX
  5
10F2
330
10CA
100
AcDbEntity
  8
7
 62
   206
100
AcDbFaceRecord
 10
0.0
 20
0.0
 30
0.0
 70
   128
 71
   -14
 72
    -4
 73
    12
 74
    12
  0
VERTEX
  5
10F3
330
10CA
100
AcDbEntity
  8
7
 62
   206
100
AcDbFaceRecord
 10
0.0
 20
0.0
 30
0.0
 70
   128
 71
   -12
 72
     4
 73
    -3
 74
    -3
  0
VERTEX
  5
10F4
330
10CA
100
AcDbEntity
  8
7
 62
   206
100
AcDbFaceRecord
 10
0.0
 20
0.0
 30
0.0
 70
   128
 71
   -12
 72
    -3
 73
    10
 74
    10
  0
VERTEX
  5
10F5
330
10CA
100
AcDbEntity
  8
7
 62
   206
100
AcDbFaceRecord
 10
0.0
 20
0.0
 30
0.0
 70
   128
 71
   -10
 72
     3
 73
    -6
 74
    -6
  0
VERTEX
  5
10F6
330
10CA
100
AcDbEntity
  8
7
 62
   206
100
AcDbFaceRecord
 10
0.0
 20
0.0
 30
0.0
 70
   128
 71
   -10
 72
     6
 73
     8
 74
     8
  0
SEQEND
  5
10F7
330
10CA
100
AcDbEntity
  8
7
 62
   206
  0
POLYLINE
  5
10F8
330
1F
100
AcDbEntity
  8
7
 62
   206
420
  6689894
100
AcDbPolyFaceMesh
 66
     1
 10
0.0
 20
0.0
 30
0.0
 70
    64
 71
    16
 72
    28
1001
TeklaStructures
1000
ID
1000
161614577
  0
VERTEX
  5
10F9
330
10F8
100
AcDbEntity
  8
7
 62
   206
100
AcDbVertex
100
AcDbPolyFaceMeshVertex
 10
33392.9999250157
 20
9409.999972953234
 30
20925.00001454219
 70
   192
  0
VERTEX
  5
10FA
330
10F8
100
AcDbEntity
  8
7
 62
   206
100
AcDbVertex
100
AcDbPolyFaceMeshVertex
 10
33392.9999250157
 20
9409.999972953234
 30
20712.49101185665
 70
   192
  0
VERTEX
  5
10FB
330
10F8
100
AcDbEntity
  8
7
 62
   206
100
AcDbVertex
100
AcDbPolyFaceMeshVertex
 10
33376.9999250157
 20
9409.999971273233
 30
20712.49101185665
 70
   192
  0
VERTEX
  5
10FC
330
10F8
100
AcDbEntity
  8
7
 62
   206
100
AcDbVertex
100
AcDbPolyFaceMeshVertex
 10
33376.9999250157
 20
9409.999971273233
 30
20925.00001454219
 70
   192
  0
VERTEX
  5
10FD
330
10F8
100
AcDbEntity
  8
7
 62
   206
100
AcDbVertex
100
AcDbPolyFaceMeshVertex
 10
33392.9999223907
 20
9434.999972953234
 30
20687.49101185665
 70
   192
  0
VERTEX
  5
10FE
330
10F8
100
AcDbEntity
  8
7
 62
   206
100
AcDbVertex
100
AcDbPolyFaceMeshVertex
 10
33376.9999223907
 20
9434.999971273233
 30
20687.49101185665
 70
   192
  0
VERTEX
  5
10FF
330
10F8
100
AcDbEntity
  8
7
 62
   206
100
AcDbVertex
100
AcDbPolyFaceMeshVertex
 10
33392.9999003407
 20
9644.999972953232
 30
20687.49101185665
 70
   192
  0
VERTEX
  5
1100
330
10F8
100
AcDbEntity
  8
7
 62
   206
100
AcDbVertex
100
AcDbPolyFaceMeshVertex
 10
33376.9999003407
 20
9644.999971273231
 30
20687.49101185665
 70
   192
  0
VERTEX
  5
1101
330
10F8
100
AcDbEntity
  8
7
 62
   206
100
AcDbVertex
100
AcDbPolyFaceMeshVertex
 10
33392.9998977157
 20
9669.999972953232
 30
20712.49101185665
 70
   192
  0
VERTEX
  5
1102
330
10F8
100
AcDbEntity
  8
7
 62
   206
100
AcDbVertex
100
AcDbPolyFaceMeshVertex
 10
33376.9998977157
 20
9669.999971273231
 30
20712.49101185665
 70
   192
  0
VERTEX
  5
1103
330
10F8
100
AcDbEntity
  8
7
 62
   206
100
AcDbVertex
100
AcDbPolyFaceMeshVertex
 10
33392.9998977157
 20
9669.999972953232
 30
20925.00001454219
 70
   192
  0
VERTEX
  5
1104
330
10F8
100
AcDbEntity
  8
7
 62
   206
100
AcDbVertex
100
AcDbPolyFaceMeshVertex
 10
33376.9998977157
 20
9669.999971273231
 30
20925.00001454219
 70
   192
  0
VERTEX
  5
1105
330
10F8
100
AcDbEntity
  8
7
 62
   206
100
AcDbVertex
100
AcDbPolyFaceMeshVertex
 10
33392.9999003407
 20
9644.999972953232
 30
20950.00001454219
 70
   192
  0
VERTEX
  5
1106
330
10F8
100
AcDbEntity
  8
7
 62
   206
100
AcDbVertex
100
AcDbPolyFaceMeshVertex
 10
33376.9999003407
 20
9644.999971273231
 30
20950.00001454219
 70
   192
  0
VERTEX
  5
1107
330
10F8
100
AcDbEntity
  8
7
 62
   206
100
AcDbVertex
100
AcDbPolyFaceMeshVertex
 10
33392.9999223907
 20
9434.999972953234
 30
20950.00001454219
 70
   192
  0
VERTEX
  5
1108
330
10F8
100
AcDbEntity
  8
7
 62
   206
100
AcDbVertex
100
AcDbPolyFaceMeshVertex
 10
33376.9999223907
 20
9434.999971273233
 30
20950.00001454219
 70
   192
  0
VERTEX
  5
1109
330
10F8
100
AcDbEntity
  8
7
 62
   206
100
AcDbFaceRecord
 10
0.0
 20
0.0
 30
0.0
 70
   128
 71
     1
 72
     2
 73
    -3
 74
    -3
  0
VERTEX
  5
110A
330
10F8
100
AcDbEntity
  8
7
 62
   206
100
AcDbFaceRecord
 10
0.0
 20
0.0
 30
0.0
 70
   128
 71
    -1
 72
     3
 73
     4
 74
     4
  0
VERTEX
  5
110B
330
10F8
100
AcDbEntity
  8
7
 62
   206
100
AcDbFaceRecord
 10
0.0
 20
0.0
 30
0.0
 70
   128
 71
     2
 72
     5
 73
    -6
 74
    -6
  0
VERTEX
  5
110C
330
10F8
100
AcDbEntity
  8
7
 62
   206
100
AcDbFaceRecord
 10
0.0
 20
0.0
 30
0.0
 70
   128
 71
    -2
 72
     6
 73
     3
 74
     3
  0
VERTEX
  5
110D
330
10F8
100
AcDbEntity
  8
7
 62
   206
100
AcDbFaceRecord
 10
0.0
 20
0.0
 30
0.0
 70
   128
 71
     5
 72
     7
 73
    -8
 74
    -8
  0
VERTEX
  5
110E
330
10F8
100
AcDbEntity
  8
7
 62
   206
100
AcDbFaceRecord
 10
0.0
 20
0.0
 30
0.0
 70
   128
 71
    -5
 72
     8
 73
     6
 74
     6
  0
VERTEX
  5
110F
330
10F8
100
AcDbEntity
  8
7
 62
   206
100
AcDbFaceRecord
 10
0.0
 20
0.0
 30
0.0
 70
   128
 71
     7
 72
     9
 73
   -10
 74
   -10
  0
VERTEX
  5
1110
330
10F8
100
AcDbEntity
  8
7
 62
   206
100
AcDbFaceRecord
 10
0.0
 20
0.0
 30
0.0
 70
   128
 71
    -7
 72
    10
 73
     8
 74
     8
  0
VERTEX
  5
1111
330
10F8
100
AcDbEntity
  8
7
 62
   206
100
AcDbFaceRecord
 10
0.0
 20
0.0
 30
0.0
 70
   128
 71
     9
 72
    11
 73
   -12
 74
   -12
  0
VERTEX
  5
1112
330
10F8
100
AcDbEntity
  8
7
 62
   206
100
AcDbFaceRecord
 10
0.0
 20
0.0
 30
0.0
 70
   128
 71
    -9
 72
    12
 73
    10
 74
    10
  0
VERTEX
  5
1113
330
10F8
100
AcDbEntity
  8
7
 62
   206
100
AcDbFaceRecord
 10
0.0
 20
0.0
 30
0.0
 70
   128
 71
    11
 72
    13
 73
   -14
 74
   -14
  0
VERTEX
  5
1114
330
10F8
100
AcDbEntity
  8
7
 62
   206
100
AcDbFaceRecord
 10
0.0
 20
0.0
 30
0.0
 70
   128
 71
   -11
 72
    14
 73
    12
 74
    12
  0
VERTEX
  5
1115
330
10F8
100
AcDbEntity
  8
7
 62
   206
100
AcDbFaceRecord
 10
0.0
 20
0.0
 30
0.0
 70
   128
 71
    13
 72
    15
 73
   -16
 74
   -16
  0
VERTEX
  5
1116
330
10F8
100
AcDbEntity
  8
7
 62
   206
100
AcDbFaceRecord
 10
0.0
 20
0.0
 30
0.0
 70
   128
 71
   -13
 72
    16
 73
    14
 74
    14
  0
VERTEX
  5
1117
330
10F8
100
AcDbEntity
  8
7
 62
   206
100
AcDbFaceRecord
 10
0.0
 20
0.0
 30
0.0
 70
   128
 71
    15
 72
     1
 73
    -4
 74
    -4
  0
VERTEX
  5
1118
330
10F8
100
AcDbEntity
  8
7
 62
   206
100
AcDbFaceRecord
 10
0.0
 20
0.0
 30
0.0
 70
   128
 71
   -15
 72
     4
 73
    16
 74
    16
  0
VERTEX
  5
1119
330
10F8
100
AcDbEntity
  8
7
 62
   206
100
AcDbFaceRecord
 10
0.0
 20
0.0
 30
0.0
 70
   128
 71
    -2
 72
     7
 73
     5
 74
     5
  0
VERTEX
  5
111A
330
10F8
100
AcDbEntity
  8
7
 62
   206
100
AcDbFaceRecord
 10
0.0
 20
0.0
 30
0.0
 70
   128
 71
    -7
 72
    -2
 73
     9
 74
     9
  0
VERTEX
  5
111B
330
10F8
100
AcDbEntity
  8
7
 62
   206
100
AcDbFaceRecord
 10
0.0
 20
0.0
 30
0.0
 70
   128
 71
    -9
 72
     2
 73
    -1
 74
    -1
  0
VERTEX
  5
111C
330
10F8
100
AcDbEntity
  8
7
 62
   206
100
AcDbFaceRecord
 10
0.0
 20
0.0
 30
0.0
 70
   128
 71
    -9
 72
    -1
 73
    11
 74
    11
  0
VERTEX
  5
111D
330
10F8
100
AcDbEntity
  8
7
 62
   206
100
AcDbFaceRecord
 10
0.0
 20
0.0
 30
0.0
 70
   128
 71
   -11
 72
     1
 73
   -15
 74
   -15
  0
VERTEX
  5
111E
330
10F8
100
AcDbEntity
  8
7
 62
   206
100
AcDbFaceRecord
 10
0.0
 20
0.0
 30
0.0
 70
   128
 71
   -11
 72
    15
 73
    13
 74
    13
  0
VERTEX
  5
111F
330
10F8
100
AcDbEntity
  8
7
 62
   206
100
AcDbFaceRecord
 10
0.0
 20
0.0
 30
0.0
 70
   128
 71
    -4
 72
    14
 73
    16
 74
    16
  0
VERTEX
  5
1120
330
10F8
100
AcDbEntity
  8
7
 62
   206
100
AcDbFaceRecord
 10
0.0
 20
0.0
 30
0.0
 70
   128
 71
   -14
 72
    -4
 73
    12
 74
    12
  0
VERTEX
  5
1121
330
10F8
100
AcDbEntity
  8
7
 62
   206
100
AcDbFaceRecord
 10
0.0
 20
0.0
 30
0.0
 70
   128
 71
   -12
 72
     4
 73
    -3
 74
    -3
  0
VERTEX
  5
1122
330
10F8
100
AcDbEntity
  8
7
 62
   206
100
AcDbFaceRecord
 10
0.0
 20
0.0
 30
0.0
 70
   128
 71
   -12
 72
    -3
 73
    10
 74
    10
  0
VERTEX
  5
1123
330
10F8
100
AcDbEntity
  8
7
 62
   206
100
AcDbFaceRecord
 10
0.0
 20
0.0
 30
0.0
 70
   128
 71
   -10
 72
     3
 73
    -6
 74
    -6
  0
VERTEX
  5
1124
330
10F8
100
AcDbEntity
  8
7
 62
   206
100
AcDbFaceRecord
 10
0.0
 20
0.0
 30
0.0
 70
   128
 71
   -10
 72
     6
 73
     8
 74
     8
  0
SEQEND
  5
1125
330
10F8
100
AcDbEntity
  8
7
 62
   206
  0
POLYLINE
  5
1126
330
1F
100
AcDbEntity
  8
7
 62
   206
420
  6689894
100
AcDbPolyFaceMesh
 66
     1
 10
0.0
 20
0.0
 30
0.0
 70
    64
 71
    16
 72
    28
1001
TeklaStructures
1000
ID
1000
161614569
  0
VERTEX
  5
1127
330
1126
100
AcDbEntity
  8
7
 62
   206
100
AcDbVertex
100
AcDbPolyFaceMeshVertex
 10
33577.99995786152
 20
9129.999992631818
 30
20925.00001576219
 70
   192
  0
VERTEX
  5
1128
330
1126
100
AcDbEntity
  8
7
 62
   206
100
AcDbVertex
100
AcDbPolyFaceMeshVertex
 10
33577.99995786152
 20
9129.999992631818
 30
20885.15772297655
 70
   192
  0
VERTEX
  5
1129
330
1126
100
AcDbEntity
  8
7
 62
   206
100
AcDbVertex
100
AcDbPolyFaceMeshVertex
 10
33561.99995786152
 20
9129.999990951817
 30
20885.15772297655
 70
   192
  0
VERTEX
  5
112A
330
1126
100
AcDbEntity
  8
7
 62
   206
100
AcDbVertex
100
AcDbPolyFaceMeshVertex
 10
33561.99995786152
 20
9129.999990951817
 30
20925.00001576219
 70
   192
  0
VERTEX
  5
112B
330
1126
100
AcDbEntity
  8
7
 62
   206
100
AcDbVertex
100
AcDbPolyFaceMeshVertex
 10
33577.99995523652
 20
9154.999992631818
 30
20860.15772297655
 70
   192
  0
VERTEX
  5
112C
330
1126
100
AcDbEntity
  8
7
 62
   206
100
AcDbVertex
100
AcDbPolyFaceMeshVertex
 10
33561.99995523652
 20
9154.999990951817
 30
20860.15772297655
 70
   192
  0
VERTEX
  5
112D
330
1126
100
AcDbEntity
  8
7
 62
   206
100
AcDbVertex
100
AcDbPolyFaceMeshVertex
 10
33577.99993318652
 20
9364.999992631816
 30
20860.15772297655
 70
   192
  0
VERTEX
  5
112E
330
1126
100
AcDbEntity
  8
7
 62
   206
100
AcDbVertex
100
AcDbPolyFaceMeshVertex
 10
33561.99993318652
 20
9364.999990951816
 30
20860.15772297655
 70
   192
  0
VERTEX
  5
112F
330
1126
100
AcDbEntity
  8
7
 62
   206
100
AcDbVertex
100
AcDbPolyFaceMeshVertex
 10
33577.99993056152
 20
9389.999992631816
 30
20885.15772297655
 70
   192
  0
VERTEX
  5
1130
330
1126
100
AcDbEntity
  8
7
 62
   206
100
AcDbVertex
100
AcDbPolyFaceMeshVertex
 10
33561.99993056152
 20
9389.999990951816
 30
20885.15772297655
 70
   192
  0
VERTEX
  5
1131
330
1126
100
AcDbEntity
  8
7
 62
   206
100
AcDbVertex
100
AcDbPolyFaceMeshVertex
 10
33577.99993056152
 20
9389.999992631816
 30
20925.00001576219
 70
   192
  0
VERTEX
  5
1132
330
1126
100
AcDbEntity
  8
7
 62
   206
100
AcDbVertex
100
AcDbPolyFaceMeshVertex
 10
33561.99993056152
 20
9389.999990951816
 30
20925.00001576219
 70
   192
  0
VERTEX
  5
1133
330
1126
100
AcDbEntity
  8
7
 62
   206
100
AcDbVertex
100
AcDbPolyFaceMeshVertex
 10
33577.99993318652
 20
9364.999992631816
 30
20950.00001576219
 70
   192
  0
VERTEX
  5
1134
330
1126
100
AcDbEntity
  8
7
 62
   206
100
AcDbVertex
100
AcDbPolyFaceMeshVertex
 10
33561.99993318652
 20
9364.999990951816
 30
20950.00001576219
 70
   192
  0
VERTEX
  5
1135
330
1126
100
AcDbEntity
  8
7
 62
   206
100
AcDbVertex
100
AcDbPolyFaceMeshVertex
 10
33577.99995523652
 20
9154.999992631818
 30
20950.00001576219
 70
   192
  0
VERTEX
  5
1136
330
1126
100
AcDbEntity
  8
7
 62
   206
100
AcDbVertex
100
AcDbPolyFaceMeshVertex
 10
33561.99995523652
 20
9154.999990951817
 30
20950.00001576219
 70
   192
  0
VERTEX
  5
1137
330
1126
100
AcDbEntity
  8
7
 62
   206
100
AcDbFaceRecord
 10
0.0
 20
0.0
 30
0.0
 70
   128
 71
     1
 72
     2
 73
    -3
 74
    -3
  0
VERTEX
  5
1138
330
1126
100
AcDbEntity
  8
7
 62
   206
100
AcDbFaceRecord
 10
0.0
 20
0.0
 30
0.0
 70
   128
 71
    -1
 72
     3
 73
     4
 74
     4
  0
VERTEX
  5
1139
330
1126
100
AcDbEntity
  8
7
 62
   206
100
AcDbFaceRecord
 10
0.0
 20
0.0
 30
0.0
 70
   128
 71
     2
 72
     5
 73
    -6
 74
    -6
  0
VERTEX
  5
113A
330
1126
100
AcDbEntity
  8
7
 62
   206
100
AcDbFaceRecord
 10
0.0
 20
0.0
 30
0.0
 70
   128
 71
    -2
 72
     6
 73
     3
 74
     3
  0
VERTEX
  5
113B
330
1126
100
AcDbEntity
  8
7
 62
   206
100
AcDbFaceRecord
 10
0.0
 20
0.0
 30
0.0
 70
   128
 71
     5
 72
     7
 73
    -8
 74
    -8
  0
VERTEX
  5
113C
330
1126
100
AcDbEntity
  8
7
 62
   206
100
AcDbFaceRecord
 10
0.0
 20
0.0
 30
0.0
 70
   128
 71
    -5
 72
     8
 73
     6
 74
     6
  0
VERTEX
  5
113D
330
1126
100
AcDbEntity
  8
7
 62
   206
100
AcDbFaceRecord
 10
0.0
 20
0.0
 30
0.0
 70
   128
 71
     7
 72
     9
 73
   -10
 74
   -10
  0
VERTEX
  5
113E
330
1126
100
AcDbEntity
  8
7
 62
   206
100
AcDbFaceRecord
 10
0.0
 20
0.0
 30
0.0
 70
   128
 71
    -7
 72
    10
 73
     8
 74
     8
  0
VERTEX
  5
113F
330
1126
100
AcDbEntity
  8
7
 62
   206
100
AcDbFaceRecord
 10
0.0
 20
0.0
 30
0.0
 70
   128
 71
     9
 72
    11
 73
   -12
 74
   -12
  0
VERTEX
  5
1140
330
1126
100
AcDbEntity
  8
7
 62
   206
100
AcDbFaceRecord
 10
0.0
 20
0.0
 30
0.0
 70
   128
 71
    -9
 72
    12
 73
    10
 74
    10
  0
VERTEX
  5
1141
330
1126
100
AcDbEntity
  8
7
 62
   206
100
AcDbFaceRecord
 10
0.0
 20
0.0
 30
0.0
 70
   128
 71
    11
 72
    13
 73
   -14
 74
   -14
  0
VERTEX
  5
1142
330
1126
100
AcDbEntity
  8
7
 62
   206
100
AcDbFaceRecord
 10
0.0
 20
0.0
 30
0.0
 70
   128
 71
   -11
 72
    14
 73
    12
 74
    12
  0
VERTEX
  5
1143
330
1126
100
AcDbEntity
  8
7
 62
   206
100
AcDbFaceRecord
 10
0.0
 20
0.0
 30
0.0
 70
   128
 71
    13
 72
    15
 73
   -16
 74
   -16
  0
VERTEX
  5
1144
330
1126
100
AcDbEntity
  8
7
 62
   206
100
AcDbFaceRecord
 10
0.0
 20
0.0
 30
0.0
 70
   128
 71
   -13
 72
    16
 73
    14
 74
    14
  0
VERTEX
  5
1145
330
1126
100
AcDbEntity
  8
7
 62
   206
100
AcDbFaceRecord
 10
0.0
 20
0.0
 30
0.0
 70
   128
 71
    15
 72
     1
 73
    -4
 74
    -4
  0
VERTEX
  5
1146
330
1126
100
AcDbEntity
  8
7
 62
   206
100
AcDbFaceRecord
 10
0.0
 20
0.0
 30
0.0
 70
   128
 71
   -15
 72
     4
 73
    16
 74
    16
  0
VERTEX
  5
1147
330
1126
100
AcDbEntity
  8
7
 62
   206
100
AcDbFaceRecord
 10
0.0
 20
0.0
 30
0.0
 70
   128
 71
    -2
 72
     7
 73
     5
 74
     5
  0
VERTEX
  5
1148
330
1126
100
AcDbEntity
  8
7
 62
   206
100
AcDbFaceRecord
 10
0.0
 20
0.0
 30
0.0
 70
   128
 71
    -7
 72
    -2
 73
     9
 74
     9
  0
VERTEX
  5
1149
330
1126
100
AcDbEntity
  8
7
 62
   206
100
AcDbFaceRecord
 10
0.0
 20
0.0
 30
0.0
 70
   128
 71
    -9
 72
     2
 73
    -1
 74
    -1
  0
VERTEX
  5
114A
330
1126
100
AcDbEntity
  8
7
 62
   206
100
AcDbFaceRecord
 10
0.0
 20
0.0
 30
0.0
 70
   128
 71
    -9
 72
    -1
 73
    11
 74
    11
  0
VERTEX
  5
114B
330
1126
100
AcDbEntity
  8
7
 62
   206
100
AcDbFaceRecord
 10
0.0
 20
0.0
 30
0.0
 70
   128
 71
   -11
 72
     1
 73
   -15
 74
   -15
  0
VERTEX
  5
114C
330
1126
100
AcDbEntity
  8
7
 62
   206
100
AcDbFaceRecord
 10
0.0
 20
0.0
 30
0.0
 70
   128
 71
   -11
 72
    15
 73
    13
 74
    13
  0
VERTEX
  5
114D
330
1126
100
AcDbEntity
  8
7
 62
   206
100
AcDbFaceRecord
 10
0.0
 20
0.0
 30
0.0
 70
   128
 71
    -4
 72
    14
 73
    16
 74
    16
  0
VERTEX
  5
114E
330
1126
100
AcDbEntity
  8
7
 62
   206
100
AcDbFaceRecord
 10
0.0
 20
0.0
 30
0.0
 70
   128
 71
   -14
 72
    -4
 73
    12
 74
    12
  0
VERTEX
  5
114F
330
1126
100
AcDbEntity
  8
7
 62
   206
100
AcDbFaceRecord
 10
0.0
 20
0.0
 30
0.0
 70
   128
 71
   -12
 72
     4
 73
    -3
 74
    -3
  0
VERTEX
  5
1150
330
1126
100
AcDbEntity
  8
7
 62
   206
100
AcDbFaceRecord
 10
0.0
 20
0.0
 30
0.0
 70
   128
 71
   -12
 72
    -3
 73
    10
 74
    10
  0
VERTEX
  5
1151
330
1126
100
AcDbEntity
  8
7
 62
   206
100
AcDbFaceRecord
 10
0.0
 20
0.0
 30
0.0
 70
   128
 71
   -10
 72
     3
 73
    -6
 74
    -6
  0
VERTEX
  5
1152
330
1126
100
AcDbEntity
  8
7
 62
   206
100
AcDbFaceRecord
 10
0.0
 20
0.0
 30
0.0
 70
   128
 71
   -10
 72
     6
 73
     8
 74
     8
  0
SEQEND
  5
1153
330
1126
100
AcDbEntity
  8
7
 62
   206
  0
POLYLINE
  5
1154
330
1F
100
AcDbEntity
  8
7
 62
   206
420
  6689894
100
AcDbPolyFaceMesh
 66
     1
 10
0.0
 20
0.0
 30
0.0
 70
    64
 71
    16
 72
    28
1001
TeklaStructures
1000
ID
1000
161614561
  0
VERTEX
  5
1155
330
1154
100
AcDbEntity
  8
7
 62
   206
100
AcDbVertex
100
AcDbPolyFaceMeshVertex
 10
33577.99992839625
 20
9409.999992631818
 30
20925.00001576219
 70
   192
  0
VERTEX
  5
1156
330
1154
100
AcDbEntity
  8
7
 62
   206
100
AcDbVertex
100
AcDbPolyFaceMeshVertex
 10
33577.99992839625
 20
9409.999992631818
 30
20885.15772297655
 70
   192
  0
VERTEX
  5
1157
330
1154
100
AcDbEntity
  8
7
 62
   206
100
AcDbVertex
100
AcDbPolyFaceMeshVertex
 10
33561.99992839625
 20
9409.999990951817
 30
20885.15772297655
 70
   192
  0
VERTEX
  5
1158
330
1154
100
AcDbEntity
  8
7
 62
   206
100
AcDbVertex
100
AcDbPolyFaceMeshVertex
 10
33561.99992839625
 20
9409.999990951817
 30
20925.00001576219
 70
   192
  0
VERTEX
  5
1159
330
1154
100
AcDbEntity
  8
7
 62
   206
100
AcDbVertex
100
AcDbPolyFaceMeshVertex
 10
33577.99992577125
 20
9434.999992631818
 30
20860.15772297655
 70
   192
  0
VERTEX
  5
115A
330
1154
100
AcDbEntity
  8
7
 62
   206
100
AcDbVertex
100
AcDbPolyFaceMeshVertex
 10
33561.99992577125
 20
9434.999990951817
 30
20860.15772297655
 70
   192
  0
VERTEX
  5
115B
330
1154
100
AcDbEntity
  8
7
 62
   206
100
AcDbVertex
100
AcDbPolyFaceMeshVertex
 10
33577.99990372125
 20
9644.999992631816
 30
20860.15772297655
 70
   192
  0
VERTEX
  5
115C
330
1154
100
AcDbEntity
  8
7
 62
   206
100
AcDbVertex
100
AcDbPolyFaceMeshVertex
 10
33561.99990372125
 20
9644.999990951816
 30
20860.15772297655
 70
   192
  0
VERTEX
  5
115D
330
1154
100
AcDbEntity
  8
7
 62
   206
100
AcDbVertex
100
AcDbPolyFaceMeshVertex
 10
33577.99990109625
 20
9669.999992631816
 30
20885.15772297655
 70
   192
  0
VERTEX
  5
115E
330
1154
100
AcDbEntity
  8
7
 62
   206
100
AcDbVertex
100
AcDbPolyFaceMeshVertex
 10
33561.99990109625
 20
9669.999990951816
 30
20885.15772297655
 70
   192
  0
VERTEX
  5
115F
330
1154
100
AcDbEntity
  8
7
 62
   206
100
AcDbVertex
100
AcDbPolyFaceMeshVertex
 10
33577.99990109625
 20
9669.999992631816
 30
20925.00001576219
 70
   192
  0
VERTEX
  5
1160
330
1154
100
AcDbEntity
  8
7
 62
   206
100
AcDbVertex
100
AcDbPolyFaceMeshVertex
 10
33561.99990109625
 20
9669.999990951816
 30
20925.00001576219
 70
   192
  0
VERTEX
  5
1161
330
1154
100
AcDbEntity
  8
7
 62
   206
100
AcDbVertex
100
AcDbPolyFaceMeshVertex
 10
33577.99990372125
 20
9644.999992631816
 30
20950.00001576219
 70
   192
  0
VERTEX
  5
1162
330
1154
100
AcDbEntity
  8
7
 62
   206
100
AcDbVertex
100
AcDbPolyFaceMeshVertex
 10
33561.99990372125
 20
9644.999990951816
 30
20950.00001576219
 70
   192
  0
VERTEX
  5
1163
330
1154
100
AcDbEntity
  8
7
 62
   206
100
AcDbVertex
100
AcDbPolyFaceMeshVertex
 10
33577.99992577125
 20
9434.999992631818
 30
20950.00001576219
 70
   192
  0
VERTEX
  5
1164
330
1154
100
AcDbEntity
  8
7
 62
   206
100
AcDbVertex
100
AcDbPolyFaceMeshVertex
 10
33561.99992577125
 20
9434.999990951817
 30
20950.00001576219
 70
   192
  0
VERTEX
  5
1165
330
1154
100
AcDbEntity
  8
7
 62
   206
100
AcDbFaceRecord
 10
0.0
 20
0.0
 30
0.0
 70
   128
 71
     1
 72
     2
 73
    -3
 74
    -3
  0
VERTEX
  5
1166
330
1154
100
AcDbEntity
  8
7
 62
   206
100
AcDbFaceRecord
 10
0.0
 20
0.0
 30
0.0
 70
   128
 71
    -1
 72
     3
 73
     4
 74
     4
  0
VERTEX
  5
1167
330
1154
100
AcDbEntity
  8
7
 62
   206
100
AcDbFaceRecord
 10
0.0
 20
0.0
 30
0.0
 70
   128
 71
     2
 72
     5
 73
    -6
 74
    -6
  0
VERTEX
  5
1168
330
1154
100
AcDbEntity
  8
7
 62
   206
100
AcDbFaceRecord
 10
0.0
 20
0.0
 30
0.0
 70
   128
 71
    -2
 72
     6
 73
     3
 74
     3
  0
VERTEX
  5
1169
330
1154
100
AcDbEntity
  8
7
 62
   206
100
AcDbFaceRecord
 10
0.0
 20
0.0
 30
0.0
 70
   128
 71
     5
 72
     7
 73
    -8
 74
    -8
  0
VERTEX
  5
116A
330
1154
100
AcDbEntity
  8
7
 62
   206
100
AcDbFaceRecord
 10
0.0
 20
0.0
 30
0.0
 70
   128
 71
    -5
 72
     8
 73
     6
 74
     6
  0
VERTEX
  5
116B
330
1154
100
AcDbEntity
  8
7
 62
   206
100
AcDbFaceRecord
 10
0.0
 20
0.0
 30
0.0
 70
   128
 71
     7
 72
     9
 73
   -10
 74
   -10
  0
VERTEX
  5
116C
330
1154
100
AcDbEntity
  8
7
 62
   206
100
AcDbFaceRecord
 10
0.0
 20
0.0
 30
0.0
 70
   128
 71
    -7
 72
    10
 73
     8
 74
     8
  0
VERTEX
  5
116D
330
1154
100
AcDbEntity
  8
7
 62
   206
100
AcDbFaceRecord
 10
0.0
 20
0.0
 30
0.0
 70
   128
 71
     9
 72
    11
 73
   -12
 74
   -12
  0
VERTEX
  5
116E
330
1154
100
AcDbEntity
  8
7
 62
   206
100
AcDbFaceRecord
 10
0.0
 20
0.0
 30
0.0
 70
   128
 71
    -9
 72
    12
 73
    10
 74
    10
  0
VERTEX
  5
116F
330
1154
100
AcDbEntity
  8
7
 62
   206
100
AcDbFaceRecord
 10
0.0
 20
0.0
 30
0.0
 70
   128
 71
    11
 72
    13
 73
   -14
 74
   -14
  0
VERTEX
  5
1170
330
1154
100
AcDbEntity
  8
7
 62
   206
100
AcDbFaceRecord
 10
0.0
 20
0.0
 30
0.0
 70
   128
 71
   -11
 72
    14
 73
    12
 74
    12
  0
VERTEX
  5
1171
330
1154
100
AcDbEntity
  8
7
 62
   206
100
AcDbFaceRecord
 10
0.0
 20
0.0
 30
0.0
 70
   128
 71
    13
 72
    15
 73
   -16
 74
   -16
  0
VERTEX
  5
1172
330
1154
100
AcDbEntity
  8
7
 62
   206
100
AcDbFaceRecord
 10
0.0
 20
0.0
 30
0.0
 70
   128
 71
   -13
 72
    16
 73
    14
 74
    14
  0
VERTEX
  5
1173
330
1154
100
AcDbEntity
  8
7
 62
   206
100
AcDbFaceRecord
 10
0.0
 20
0.0
 30
0.0
 70
   128
 71
    15
 72
     1
 73
    -4
 74
    -4
  0
VERTEX
  5
1174
330
1154
100
AcDbEntity
  8
7
 62
   206
100
AcDbFaceRecord
 10
0.0
 20
0.0
 30
0.0
 70
   128
 71
   -15
 72
     4
 73
    16
 74
    16
  0
VERTEX
  5
1175
330
1154
100
AcDbEntity
  8
7
 62
   206
100
AcDbFaceRecord
 10
0.0
 20
0.0
 30
0.0
 70
   128
 71
    -2
 72
     7
 73
     5
 74
     5
  0
VERTEX
  5
1176
330
1154
100
AcDbEntity
  8
7
 62
   206
100
AcDbFaceRecord
 10
0.0
 20
0.0
 30
0.0
 70
   128
 71
    -7
 72
    -2
 73
     9
 74
     9
  0
VERTEX
  5
1177
330
1154
100
AcDbEntity
  8
7
 62
   206
100
AcDbFaceRecord
 10
0.0
 20
0.0
 30
0.0
 70
   128
 71
    -9
 72
     2
 73
    -1
 74
    -1
  0
VERTEX
  5
1178
330
1154
100
AcDbEntity
  8
7
 62
   206
100
AcDbFaceRecord
 10
0.0
 20
0.0
 30
0.0
 70
   128
 71
    -9
 72
    -1
 73
    11
 74
    11
  0
VERTEX
  5
1179
330
1154
100
AcDbEntity
  8
7
 62
   206
100
AcDbFaceRecord
 10
0.0
 20
0.0
 30
0.0
 70
   128
 71
   -11
 72
     1
 73
   -15
 74
   -15
  0
VERTEX
  5
117A
330
1154
100
AcDbEntity
  8
7
 62
   206
100
AcDbFaceRecord
 10
0.0
 20
0.0
 30
0.0
 70
   128
 71
   -11
 72
    15
 73
    13
 74
    13
  0
VERTEX
  5
117B
330
1154
100
AcDbEntity
  8
7
 62
   206
100
AcDbFaceRecord
 10
0.0
 20
0.0
 30
0.0
 70
   128
 71
    -4
 72
    14
 73
    16
 74
    16
  0
VERTEX
  5
117C
330
1154
100
AcDbEntity
  8
7
 62
   206
100
AcDbFaceRecord
 10
0.0
 20
0.0
 30
0.0
 70
   128
 71
   -14
 72
    -4
 73
    12
 74
    12
  0
VERTEX
  5
117D
330
1154
100
AcDbEntity
  8
7
 62
   206
100
AcDbFaceRecord
 10
0.0
 20
0.0
 30
0.0
 70
   128
 71
   -12
 72
     4
 73
    -3
 74
    -3
  0
VERTEX
  5
117E
330
1154
100
AcDbEntity
  8
7
 62
   206
100
AcDbFaceRecord
 10
0.0
 20
0.0
 30
0.0
 70
   128
 71
   -12
 72
    -3
 73
    10
 74
    10
  0
VERTEX
  5
117F
330
1154
100
AcDbEntity
  8
7
 62
   206
100
AcDbFaceRecord
 10
0.0
 20
0.0
 30
0.0
 70
   128
 71
   -10
 72
     3
 73
    -6
 74
    -6
  0
VERTEX
  5
1180
330
1154
100
AcDbEntity
  8
7
 62
   206
100
AcDbFaceRecord
 10
0.0
 20
0.0
 30
0.0
 70
   128
 71
   -10
 72
     6
 73
     8
 74
     8
  0
SEQEND
  5
1181
330
1154
100
AcDbEntity
  8
7
 62
   206
  0
POLYLINE
  5
1182
330
1F
100
AcDbEntity
  8
7
 62
   206
420
  6689894
100
AcDbPolyFaceMesh
 66
     1
 10
0.0
 20
0.0
 30
0.0
 70
    64
 71
    16
 72
    28
1001
TeklaStructures
1000
ID
1000
161614187
  0
VERTEX
  5
1183
330
1182
100
AcDbEntity
  8
7
 62
   206
100
AcDbVertex
100
AcDbPolyFaceMeshVertex
 10
33629.99994426943
 20
9690.0
 30
20908.69105008437
 70
   192
  0
VERTEX
  5
1184
330
1182
100
AcDbEntity
  8
7
 62
   206
100
AcDbVertex
100
AcDbPolyFaceMeshVertex
 10
33342.11672372721
 20
9690.0
 30
20640.00000254855
 70
   192
  0
VERTEX
  5
1185
330
1182
100
AcDbEntity
  8
7
 62
   206
100
AcDbVertex
100
AcDbPolyFaceMeshVertex
 10
33342.11672372721
 20
9670.0
 30
20640.00000254855
 70
   192
  0
VERTEX
  5
1186
330
1182
100
AcDbEntity
  8
7
 62
   206
100
AcDbVertex
100
AcDbPolyFaceMeshVertex
 10
33629.99994426943
 20
9670.0
 30
20908.69105008437
 70
   192
  0
VERTEX
  5
1187
330
1182
100
AcDbEntity
  8
7
 62
   206
100
AcDbVertex
100
AcDbPolyFaceMeshVertex
 10
33224.99999399085
 20
9690.0
 30
20639.99999854223
 70
   192
  0
VERTEX
  5
1188
330
1182
100
AcDbEntity
  8
7
 62
   206
100
AcDbVertex
100
AcDbPolyFaceMeshVertex
 10
33224.99999399085
 20
9670.0
 30
20639.99999854223
 70
   192
  0
VERTEX
  5
1189
330
1182
100
AcDbEntity
  8
7
 62
   206
100
AcDbVertex
100
AcDbPolyFaceMeshVertex
 10
33199.99999447428
 20
9690.0
 30
20664.99999768703
 70
   192
  0
VERTEX
  5
118A
330
1182
100
AcDbEntity
  8
7
 62
   206
100
AcDbVertex
100
AcDbPolyFaceMeshVertex
 10
33199.99999447428
 20
9670.0
 30
20664.99999768703
 70
   192
  0
VERTEX
  5
118B
330
1182
100
AcDbEntity
  8
7
 62
   206
100
AcDbVertex
100
AcDbPolyFaceMeshVertex
 10
33199.99999950196
 20
9690.0
 30
20925.00000150178
 70
   192
  0
VERTEX
  5
118C
330
1182
100
AcDbEntity
  8
7
 62
   206
100
AcDbVertex
100
AcDbPolyFaceMeshVertex
 10
33199.99999950196
 20
9670.0
 30
20925.00000150178
 70
   192
  0
VERTEX
  5
118D
330
1182
100
AcDbEntity
  8
7
 62
   206
100
AcDbVertex
100
AcDbPolyFaceMeshVertex
 10
33224.99999998539
 20
9690.0
 30
20950.00000222028
 70
   192
  0
VERTEX
  5
118E
330
1182
100
AcDbEntity
  8
7
 62
   206
100
AcDbVertex
100
AcDbPolyFaceMeshVertex
 10
33224.99999998539
 20
9670.0
 30
20950.00000222028
 70
   192
  0
VERTEX
  5
118F
330
1182
100
AcDbEntity
  8
7
 62
   206
100
AcDbVertex
100
AcDbPolyFaceMeshVertex
 10
33604.99996946787
 20
9690.0
 30
20950.00001314149
 70
   192
  0
VERTEX
  5
1190
330
1182
100
AcDbEntity
  8
7
 62
   206
100
AcDbVertex
100
AcDbPolyFaceMeshVertex
 10
33604.99996946787
 20
9670.0
 30
20950.00001314149
 70
   192
  0
VERTEX
  5
1191
330
1182
100
AcDbEntity
  8
7
 62
   206
100
AcDbVertex
100
AcDbPolyFaceMeshVertex
 10
33629.99995421789
 20
9690.0
 30
20925.00001386
 70
   192
  0
VERTEX
  5
1192
330
1182
100
AcDbEntity
  8
7
 62
   206
100
AcDbVertex
100
AcDbPolyFaceMeshVertex
 10
33629.99995421789
 20
9670.0
 30
20925.00001386
 70
   192
  0
VERTEX
  5
1193
330
1182
100
AcDbEntity
  8
7
 62
   206
100
AcDbFaceRecord
 10
0.0
 20
0.0
 30
0.0
 70
   128
 71
     1
 72
     2
 73
    -3
 74
    -3
  0
VERTEX
  5
1194
330
1182
100
AcDbEntity
  8
7
 62
   206
100
AcDbFaceRecord
 10
0.0
 20
0.0
 30
0.0
 70
   128
 71
    -1
 72
     3
 73
     4
 74
     4
  0
VERTEX
  5
1195
330
1182
100
AcDbEntity
  8
7
 62
   206
100
AcDbFaceRecord
 10
0.0
 20
0.0
 30
0.0
 70
   128
 71
     2
 72
     5
 73
    -6
 74
    -6
  0
VERTEX
  5
1196
330
1182
100
AcDbEntity
  8
7
 62
   206
100
AcDbFaceRecord
 10
0.0
 20
0.0
 30
0.0
 70
   128
 71
    -2
 72
     6
 73
     3
 74
     3
  0
VERTEX
  5
1197
330
1182
100
AcDbEntity
  8
7
 62
   206
100
AcDbFaceRecord
 10
0.0
 20
0.0
 30
0.0
 70
   128
 71
     5
 72
     7
 73
    -8
 74
    -8
  0
VERTEX
  5
1198
330
1182
100
AcDbEntity
  8
7
 62
   206
100
AcDbFaceRecord
 10
0.0
 20
0.0
 30
0.0
 70
   128
 71
    -5
 72
     8
 73
     6
 74
     6
  0
VERTEX
  5
1199
330
1182
100
AcDbEntity
  8
7
 62
   206
100
AcDbFaceRecord
 10
0.0
 20
0.0
 30
0.0
 70
   128
 71
     7
 72
     9
 73
   -10
 74
   -10
  0
VERTEX
  5
119A
330
1182
100
AcDbEntity
  8
7
 62
   206
100
AcDbFaceRecord
 10
0.0
 20
0.0
 30
0.0
 70
   128
 71
    -7
 72
    10
 73
     8
 74
     8
  0
VERTEX
  5
119B
330
1182
100
AcDbEntity
  8
7
 62
   206
100
AcDbFaceRecord
 10
0.0
 20
0.0
 30
0.0
 70
   128
 71
     9
 72
    11
 73
   -12
 74
   -12
  0
VERTEX
  5
119C
330
1182
100
AcDbEntity
  8
7
 62
   206
100
AcDbFaceRecord
 10
0.0
 20
0.0
 30
0.0
 70
   128
 71
    -9
 72
    12
 73
    10
 74
    10
  0
VERTEX
  5
119D
330
1182
100
AcDbEntity
  8
7
 62
   206
100
AcDbFaceRecord
 10
0.0
 20
0.0
 30
0.0
 70
   128
 71
    11
 72
    13
 73
   -14
 74
   -14
  0
VERTEX
  5
119E
330
1182
100
AcDbEntity
  8
7
 62
   206
100
AcDbFaceRecord
 10
0.0
 20
0.0
 30
0.0
 70
   128
 71
   -11
 72
    14
 73
    12
 74
    12
  0
VERTEX
  5
119F
330
1182
100
AcDbEntity
  8
7
 62
   206
100
AcDbFaceRecord
 10
0.0
 20
0.0
 30
0.0
 70
   128
 71
    13
 72
    15
 73
   -16
 74
   -16
  0
VERTEX
  5
11A0
330
1182
100
AcDbEntity
  8
7
 62
   206
100
AcDbFaceRecord
 10
0.0
 20
0.0
 30
0.0
 70
   128
 71
   -13
 72
    16
 73
    14
 74
    14
  0
VERTEX
  5
11A1
330
1182
100
AcDbEntity
  8
7
 62
   206
100
AcDbFaceRecord
 10
0.0
 20
0.0
 30
0.0
 70
   128
 71
    15
 72
     1
 73
    -4
 74
    -4
  0
VERTEX
  5
11A2
330
1182
100
AcDbEntity
  8
7
 62
   206
100
AcDbFaceRecord
 10
0.0
 20
0.0
 30
0.0
 70
   128
 71
   -15
 72
     4
 73
    16
 74
    16
  0
VERTEX
  5
11A3
330
1182
100
AcDbEntity
  8
7
 62
   206
100
AcDbFaceRecord
 10
0.0
 20
0.0
 30
0.0
 70
   128
 71
    -5
 72
     9
 73
     7
 74
     7
  0
VERTEX
  5
11A4
330
1182
100
AcDbEntity
  8
7
 62
   206
100
AcDbFaceRecord
 10
0.0
 20
0.0
 30
0.0
 70
   128
 71
    -9
 72
     5
 73
    -2
 74
    -2
  0
VERTEX
  5
11A5
330
1182
100
AcDbEntity
  8
7
 62
   206
100
AcDbFaceRecord
 10
0.0
 20
0.0
 30
0.0
 70
   128
 71
    -9
 72
     2
 73
    -1
 74
    -1
  0
VERTEX
  5
11A6
330
1182
100
AcDbEntity
  8
7
 62
   206
100
AcDbFaceRecord
 10
0.0
 20
0.0
 30
0.0
 70
   128
 71
    -9
 72
    -1
 73
    11
 74
    11
  0
VERTEX
  5
11A7
330
1182
100
AcDbEntity
  8
7
 62
   206
100
AcDbFaceRecord
 10
0.0
 20
0.0
 30
0.0
 70
   128
 71
   -11
 72
    -1
 73
    13
 74
    13
  0
VERTEX
  5
11A8
330
1182
100
AcDbEntity
  8
7
 62
   206
100
AcDbFaceRecord
 10
0.0
 20
0.0
 30
0.0
 70
   128
 71
   -13
 72
     1
 73
    15
 74
    15
  0
VERTEX
  5
11A9
330
1182
100
AcDbEntity
  8
7
 62
   206
100
AcDbFaceRecord
 10
0.0
 20
0.0
 30
0.0
 70
   128
 71
    -4
 72
    14
 73
    16
 74
    16
  0
VERTEX
  5
11AA
330
1182
100
AcDbEntity
  8
7
 62
   206
100
AcDbFaceRecord
 10
0.0
 20
0.0
 30
0.0
 70
   128
 71
   -14
 72
    -4
 73
    12
 74
    12
  0
VERTEX
  5
11AB
330
1182
100
AcDbEntity
  8
7
 62
   206
100
AcDbFaceRecord
 10
0.0
 20
0.0
 30
0.0
 70
   128
 71
   -12
 72
     4
 73
    -3
 74
    -3
  0
VERTEX
  5
11AC
330
1182
100
AcDbEntity
  8
7
 62
   206
100
AcDbFaceRecord
 10
0.0
 20
0.0
 30
0.0
 70
   128
 71
   -12
 72
    -3
 73
    10
 74
    10
  0
VERTEX
  5
11AD
330
1182
100
AcDbEntity
  8
7
 62
   206
100
AcDbFaceRecord
 10
0.0
 20
0.0
 30
0.0
 70
   128
 71
   -10
 72
    -3
 73
     8
 74
     8
  0
VERTEX
  5
11AE
330
1182
100
AcDbEntity
  8
7
 62
   206
100
AcDbFaceRecord
 10
0.0
 20
0.0
 30
0.0
 70
   128
 71
    -8
 72
     3
 73
     6
 74
     6
  0
SEQEND
  5
11AF
330
1182
100
AcDbEntity
  8
7
 62
   206
  0
POLYLINE
  5
11B0
330
1F
100
AcDbEntity
  8
7
 62
   206
420
  6689894
100
AcDbPolyFaceMesh
 66
     1
 10
0.0
 20
0.0
 30
0.0
 70
    64
 71
    16
 72
    28
1001
TeklaStructures
1000
ID
1000
161614179
  0
VERTEX
  5
11B1
330
11B0
100
AcDbEntity
  8
7
 62
   206
100
AcDbVertex
100
AcDbPolyFaceMeshVertex
 10
33629.99994426943
 20
9130.0
 30
20908.69105008437
 70
   192
  0
VERTEX
  5
11B2
330
11B0
100
AcDbEntity
  8
7
 62
   206
100
AcDbVertex
100
AcDbPolyFaceMeshVertex
 10
33342.11672372721
 20
9130.0
 30
20640.00000254855
 70
   192
  0
VERTEX
  5
11B3
330
11B0
100
AcDbEntity
  8
7
 62
   206
100
AcDbVertex
100
AcDbPolyFaceMeshVertex
 10
33342.11672372721
 20
9110.0
 30
20640.00000254855
 70
   192
  0
VERTEX
  5
11B4
330
11B0
100
AcDbEntity
  8
7
 62
   206
100
AcDbVertex
100
AcDbPolyFaceMeshVertex
 10
33629.99994426943
 20
9110.0
 30
20908.69105008437
 70
   192
  0
VERTEX
  5
11B5
330
11B0
100
AcDbEntity
  8
7
 62
   206
100
AcDbVertex
100
AcDbPolyFaceMeshVertex
 10
33224.99999399085
 20
9130.0
 30
20639.99999854223
 70
   192
  0
VERTEX
  5
11B6
330
11B0
100
AcDbEntity
  8
7
 62
   206
100
AcDbVertex
100
AcDbPolyFaceMeshVertex
 10
33224.99999399085
 20
9110.0
 30
20639.99999854223
 70
   192
  0
VERTEX
  5
11B7
330
11B0
100
AcDbEntity
  8
7
 62
   206
100
AcDbVertex
100
AcDbPolyFaceMeshVertex
 10
33199.99999447428
 20
9130.0
 30
20664.99999768703
 70
   192
  0
VERTEX
  5
11B8
330
11B0
100
AcDbEntity
  8
7
 62
   206
100
AcDbVertex
100
AcDbPolyFaceMeshVertex
 10
33199.99999447428
 20
9110.0
 30
20664.99999768703
 70
   192
  0
VERTEX
  5
11B9
330
11B0
100
AcDbEntity
  8
7
 62
   206
100
AcDbVertex
100
AcDbPolyFaceMeshVertex
 10
33199.99999950196
 20
9130.0
 30
20925.00000150178
 70
   192
  0
VERTEX
  5
11BA
330
11B0
100
AcDbEntity
  8
7
 62
   206
100
AcDbVertex
100
AcDbPolyFaceMeshVertex
 10
33199.99999950196
 20
9110.0
 30
20925.00000150178
 70
   192
  0
VERTEX
  5
11BB
330
11B0
100
AcDbEntity
  8
7
 62
   206
100
AcDbVertex
100
AcDbPolyFaceMeshVertex
 10
33224.99999998539
 20
9130.0
 30
20950.00000222028
 70
   192
  0
VERTEX
  5
11BC
330
11B0
100
AcDbEntity
  8
7
 62
   206
100
AcDbVertex
100
AcDbPolyFaceMeshVertex
 10
33224.99999998539
 20
9110.0
 30
20950.00000222028
 70
   192
  0
VERTEX
  5
11BD
330
11B0
100
AcDbEntity
  8
7
 62
   206
100
AcDbVertex
100
AcDbPolyFaceMeshVertex
 10
33604.99996946787
 20
9130.0
 30
20950.00001314149
 70
   192
  0
VERTEX
  5
11BE
330
11B0
100
AcDbEntity
  8
7
 62
   206
100
AcDbVertex
100
AcDbPolyFaceMeshVertex
 10
33604.99996946787
 20
9110.0
 30
20950.00001314149
 70
   192
  0
VERTEX
  5
11BF
330
11B0
100
AcDbEntity
  8
7
 62
   206
100
AcDbVertex
100
AcDbPolyFaceMeshVertex
 10
33629.99995421789
 20
9130.0
 30
20925.00001386
 70
   192
  0
VERTEX
  5
11C0
330
11B0
100
AcDbEntity
  8
7
 62
   206
100
AcDbVertex
100
AcDbPolyFaceMeshVertex
 10
33629.99995421789
 20
9110.0
 30
20925.00001386
 70
   192
  0
VERTEX
  5
11C1
330
11B0
100
AcDbEntity
  8
7
 62
   206
100
AcDbFaceRecord
 10
0.0
 20
0.0
 30
0.0
 70
   128
 71
     1
 72
     2
 73
    -3
 74
    -3
  0
VERTEX
  5
11C2
330
11B0
100
AcDbEntity
  8
7
 62
   206
100
AcDbFaceRecord
 10
0.0
 20
0.0
 30
0.0
 70
   128
 71
    -1
 72
     3
 73
     4
 74
     4
  0
VERTEX
  5
11C3
330
11B0
100
AcDbEntity
  8
7
 62
   206
100
AcDbFaceRecord
 10
0.0
 20
0.0
 30
0.0
 70
   128
 71
     2
 72
     5
 73
    -6
 74
    -6
  0
VERTEX
  5
11C4
330
11B0
100
AcDbEntity
  8
7
 62
   206
100
AcDbFaceRecord
 10
0.0
 20
0.0
 30
0.0
 70
   128
 71
    -2
 72
     6
 73
     3
 74
     3
  0
VERTEX
  5
11C5
330
11B0
100
AcDbEntity
  8
7
 62
   206
100
AcDbFaceRecord
 10
0.0
 20
0.0
 30
0.0
 70
   128
 71
     5
 72
     7
 73
    -8
 74
    -8
  0
VERTEX
  5
11C6
330
11B0
100
AcDbEntity
  8
7
 62
   206
100
AcDbFaceRecord
 10
0.0
 20
0.0
 30
0.0
 70
   128
 71
    -5
 72
     8
 73
     6
 74
     6
  0
VERTEX
  5
11C7
330
11B0
100
AcDbEntity
  8
7
 62
   206
100
AcDbFaceRecord
 10
0.0
 20
0.0
 30
0.0
 70
   128
 71
     7
 72
     9
 73
   -10
 74
   -10
  0
VERTEX
  5
11C8
330
11B0
100
AcDbEntity
  8
7
 62
   206
100
AcDbFaceRecord
 10
0.0
 20
0.0
 30
0.0
 70
   128
 71
    -7
 72
    10
 73
     8
 74
     8
  0
VERTEX
  5
11C9
330
11B0
100
AcDbEntity
  8
7
 62
   206
100
AcDbFaceRecord
 10
0.0
 20
0.0
 30
0.0
 70
   128
 71
     9
 72
    11
 73
   -12
 74
   -12
  0
VERTEX
  5
11CA
330
11B0
100
AcDbEntity
  8
7
 62
   206
100
AcDbFaceRecord
 10
0.0
 20
0.0
 30
0.0
 70
   128
 71
    -9
 72
    12
 73
    10
 74
    10
  0
VERTEX
  5
11CB
330
11B0
100
AcDbEntity
  8
7
 62
   206
100
AcDbFaceRecord
 10
0.0
 20
0.0
 30
0.0
 70
   128
 71
    11
 72
    13
 73
   -14
 74
   -14
  0
VERTEX
  5
11CC
330
11B0
100
AcDbEntity
  8
7
 62
   206
100
AcDbFaceRecord
 10
0.0
 20
0.0
 30
0.0
 70
   128
 71
   -11
 72
    14
 73
    12
 74
    12
  0
VERTEX
  5
11CD
330
11B0
100
AcDbEntity
  8
7
 62
   206
100
AcDbFaceRecord
 10
0.0
 20
0.0
 30
0.0
 70
   128
 71
    13
 72
    15
 73
   -16
 74
   -16
  0
VERTEX
  5
11CE
330
11B0
100
AcDbEntity
  8
7
 62
   206
100
AcDbFaceRecord
 10
0.0
 20
0.0
 30
0.0
 70
   128
 71
   -13
 72
    16
 73
    14
 74
    14
  0
VERTEX
  5
11CF
330
11B0
100
AcDbEntity
  8
7
 62
   206
100
AcDbFaceRecord
 10
0.0
 20
0.0
 30
0.0
 70
   128
 71
    15
 72
     1
 73
    -4
 74
    -4
  0
VERTEX
  5
11D0
330
11B0
100
AcDbEntity
  8
7
 62
   206
100
AcDbFaceRecord
 10
0.0
 20
0.0
 30
0.0
 70
   128
 71
   -15
 72
     4
 73
    16
 74
    16
  0
VERTEX
  5
11D1
330
11B0
100
AcDbEntity
  8
7
 62
   206
100
AcDbFaceRecord
 10
0.0
 20
0.0
 30
0.0
 70
   128
 71
    -5
 72
     9
 73
     7
 74
     7
  0
VERTEX
  5
11D2
330
11B0
100
AcDbEntity
  8
7
 62
   206
100
AcDbFaceRecord
 10
0.0
 20
0.0
 30
0.0
 70
   128
 71
    -9
 72
     5
 73
    -2
 74
    -2
  0
VERTEX
  5
11D3
330
11B0
100
AcDbEntity
  8
7
 62
   206
100
AcDbFaceRecord
 10
0.0
 20
0.0
 30
0.0
 70
   128
 71
    -9
 72
     2
 73
    -1
 74
    -1
  0
VERTEX
  5
11D4
330
11B0
100
AcDbEntity
  8
7
 62
   206
100
AcDbFaceRecord
 10
0.0
 20
0.0
 30
0.0
 70
   128
 71
    -9
 72
    -1
 73
    11
 74
    11
  0
VERTEX
  5
11D5
330
11B0
100
AcDbEntity
  8
7
 62
   206
100
AcDbFaceRecord
 10
0.0
 20
0.0
 30
0.0
 70
   128
 71
   -11
 72
    -1
 73
    13
 74
    13
  0
VERTEX
  5
11D6
330
11B0
100
AcDbEntity
  8
7
 62
   206
100
AcDbFaceRecord
 10
0.0
 20
0.0
 30
0.0
 70
   128
 71
   -13
 72
     1
 73
    15
 74
    15
  0
VERTEX
  5
11D7
330
11B0
100
AcDbEntity
  8
7
 62
   206
100
AcDbFaceRecord
 10
0.0
 20
0.0
 30
0.0
 70
   128
 71
    -4
 72
    14
 73
    16
 74
    16
  0
VERTEX
  5
11D8
330
11B0
100
AcDbEntity
  8
7
 62
   206
100
AcDbFaceRecord
 10
0.0
 20
0.0
 30
0.0
 70
   128
 71
   -14
 72
    -4
 73
    12
 74
    12
  0
VERTEX
  5
11D9
330
11B0
100
AcDbEntity
  8
7
 62
   206
100
AcDbFaceRecord
 10
0.0
 20
0.0
 30
0.0
 70
   128
 71
   -12
 72
     4
 73
    -3
 74
    -3
  0
VERTEX
  5
11DA
330
11B0
100
AcDbEntity
  8
7
 62
   206
100
AcDbFaceRecord
 10
0.0
 20
0.0
 30
0.0
 70
   128
 71
   -12
 72
    -3
 73
    10
 74
    10
  0
VERTEX
  5
11DB
330
11B0
100
AcDbEntity
  8
7
 62
   206
100
AcDbFaceRecord
 10
0.0
 20
0.0
 30
0.0
 70
   128
 71
   -10
 72
    -3
 73
     8
 74
     8
  0
VERTEX
  5
11DC
330
11B0
100
AcDbEntity
  8
7
 62
   206
100
AcDbFaceRecord
 10
0.0
 20
0.0
 30
0.0
 70
   128
 71
    -8
 72
     3
 73
     6
 74
     6
  0
SEQEND
  5
11DD
330
11B0
100
AcDbEntity
  8
7
 62
   206
  0
POLYLINE
  5
11DE
330
1F
100
AcDbEntity
  8
3
 62
   215
420
 10905254
100
AcDbPolyFaceMesh
 66
     1
 10
0.0
 20
0.0
 30
0.0
 70
    64
 71
    16
 72
    28
1001
TeklaStructures
1000
ID
1000
161614171
  0
VERTEX
  5
11DF
330
11DE
100
AcDbEntity
  8
3
 62
   215
100
AcDbVertex
100
AcDbPolyFaceMeshVertex
 10
33200.0
 20
9690.0
 30
20640.0
 70
   192
  0
VERTEX
  5
11E0
330
11DE
100
AcDbEntity
  8
3
 62
   215
100
AcDbVertex
100
AcDbPolyFaceMeshVertex
 10
33200.0
 20
9110.0
 30
20640.0
 70
   192
  0
VERTEX
  5
11E1
330
11DE
100
AcDbEntity
  8
3
 62
   215
100
AcDbVertex
100
AcDbPolyFaceMeshVertex
 10
33200.0
 20
9110.0
 30
20620.0
 70
   192
  0
VERTEX
  5
11E2
330
11DE
100
AcDbEntity
  8
3
 62
   215
100
AcDbVertex
100
AcDbPolyFaceMeshVertex
 10
33200.0
 20
9690.0
 30
20620.0
 70
   192
  0
VERTEX
  5
11E3
330
11DE
100
AcDbEntity
  8
3
 62
   215
100
AcDbVertex
100
AcDbPolyFaceMeshVertex
 10
33342.11672024941
 20
9690.0
 30
20640.0
 70
   192
  0
VERTEX
  5
11E4
330
11DE
100
AcDbEntity
  8
3
 62
   215
100
AcDbVertex
100
AcDbPolyFaceMeshVertex
 10
33342.11672024941
 20
9110.0
 30
20640.0
 70
   192
  0
VERTEX
  5
11E5
330
11DE
100
AcDbEntity
  8
3
 62
   215
100
AcDbVertex
100
AcDbPolyFaceMeshVertex
 10
33349.99998474118
 20
9110.0
 30
20620.0
 70
   192
  0
VERTEX
  5
11E6
330
11DE
100
AcDbEntity
  8
3
 62
   215
100
AcDbVertex
100
AcDbPolyFaceMeshVertex
 10
33349.99998474118
 20
9690.0
 30
20620.0
 70
   192
  0
VERTEX
  5
11E7
330
11DE
100
AcDbEntity
  8
3
 62
   215
100
AcDbVertex
100
AcDbPolyFaceMeshVertex
 10
33629.99994426943
 20
9690.0
 30
20908.69105008437
 70
   192
  0
VERTEX
  5
11E8
330
11DE
100
AcDbEntity
  8
3
 62
   215
100
AcDbVertex
100
AcDbPolyFaceMeshVertex
 10
33629.99994426943
 20
9110.0
 30
20908.69105008437
 70
   192
  0
VERTEX
  5
11E9
330
11DE
100
AcDbEntity
  8
3
 62
   215
100
AcDbVertex
100
AcDbPolyFaceMeshVertex
 10
33649.99993896485
 20
9110.0
 30
20900.00000000002
 70
   192
  0
VERTEX
  5
11EA
330
11DE
100
AcDbEntity
  8
3
 62
   215
100
AcDbVertex
100
AcDbPolyFaceMeshVertex
 10
33649.99993896485
 20
9690.0
 30
20900.00000000002
 70
   192
  0
VERTEX
  5
11EB
330
11DE
100
AcDbEntity
  8
3
 62
   215
100
AcDbVertex
100
AcDbPolyFaceMeshVertex
 10
33629.99996948242
 20
9690.0
 30
20950.00001220703
 70
   192
  0
VERTEX
  5
11EC
330
11DE
100
AcDbEntity
  8
3
 62
   215
100
AcDbVertex
100
AcDbPolyFaceMeshVertex
 10
33629.99996948242
 20
9110.0
 30
20950.00001220703
 70
   192
  0
VERTEX
  5
11ED
330
11DE
100
AcDbEntity
  8
3
 62
   215
100
AcDbVertex
100
AcDbPolyFaceMeshVertex
 10
33649.99996948242
 20
9110.0
 30
20949.99999999999
 70
   192
  0
VERTEX
  5
11EE
330
11DE
100
AcDbEntity
  8
3
 62
   215
100
AcDbVertex
100
AcDbPolyFaceMeshVertex
 10
33649.99996948242
 20
9690.0
 30
20949.99999999999
 70
   192
  0
VERTEX
  5
11EF
330
11DE
100
AcDbEntity
  8
3
 62
   215
100
AcDbFaceRecord
 10
0.0
 20
0.0
 30
0.0
 70
   128
 71
     1
 72
     2
 73
    -3
 74
    -3
  0
VERTEX
  5
11F0
330
11DE
100
AcDbEntity
  8
3
 62
   215
100
AcDbFaceRecord
 10
0.0
 20
0.0
 30
0.0
 70
   128
 71
    -1
 72
     3
 73
     4
 74
     4
  0
VERTEX
  5
11F1
330
11DE
100
AcDbEntity
  8
3
 62
   215
100
AcDbFaceRecord
 10
0.0
 20
0.0
 30
0.0
 70
   128
 71
     5
 72
     6
 73
    -2
 74
    -2
  0
VERTEX
  5
11F2
330
11DE
100
AcDbEntity
  8
3
 62
   215
100
AcDbFaceRecord
 10
0.0
 20
0.0
 30
0.0
 70
   128
 71
    -5
 72
     2
 73
     1
 74
     1
  0
VERTEX
  5
11F3
330
11DE
100
AcDbEntity
  8
3
 62
   215
100
AcDbFaceRecord
 10
0.0
 20
0.0
 30
0.0
 70
   128
 71
     7
 72
     8
 73
    -4
 74
    -4
  0
VERTEX
  5
11F4
330
11DE
100
AcDbEntity
  8
3
 62
   215
100
AcDbFaceRecord
 10
0.0
 20
0.0
 30
0.0
 70
   128
 71
    -7
 72
     4
 73
     3
 74
     3
  0
VERTEX
  5
11F5
330
11DE
100
AcDbEntity
  8
3
 62
   215
100
AcDbFaceRecord
 10
0.0
 20
0.0
 30
0.0
 70
   128
 71
     9
 72
    10
 73
    -6
 74
    -6
  0
VERTEX
  5
11F6
330
11DE
100
AcDbEntity
  8
3
 62
   215
100
AcDbFaceRecord
 10
0.0
 20
0.0
 30
0.0
 70
   128
 71
    -9
 72
     6
 73
     5
 74
     5
  0
VERTEX
  5
11F7
330
11DE
100
AcDbEntity
  8
3
 62
   215
100
AcDbFaceRecord
 10
0.0
 20
0.0
 30
0.0
 70
   128
 71
    11
 72
    12
 73
    -8
 74
    -8
  0
VERTEX
  5
11F8
330
11DE
100
AcDbEntity
  8
3
 62
   215
100
AcDbFaceRecord
 10
0.0
 20
0.0
 30
0.0
 70
   128
 71
   -11
 72
     8
 73
     7
 74
     7
  0
VERTEX
  5
11F9
330
11DE
100
AcDbEntity
  8
3
 62
   215
100
AcDbFaceRecord
 10
0.0
 20
0.0
 30
0.0
 70
   128
 71
    13
 72
    14
 73
   -10
 74
   -10
  0
VERTEX
  5
11FA
330
11DE
100
AcDbEntity
  8
3
 62
   215
100
AcDbFaceRecord
 10
0.0
 20
0.0
 30
0.0
 70
   128
 71
   -13
 72
    10
 73
     9
 74
     9
  0
VERTEX
  5
11FB
330
11DE
100
AcDbEntity
  8
3
 62
   215
100
AcDbFaceRecord
 10
0.0
 20
0.0
 30
0.0
 70
   128
 71
   -15
 72
    10
 73
    14
 74
    14
  0
VERTEX
  5
11FC
330
11DE
100
AcDbEntity
  8
3
 62
   215
100
AcDbFaceRecord
 10
0.0
 20
0.0
 30
0.0
 70
   128
 71
    -6
 72
     3
 73
     2
 74
     2
  0
VERTEX
  5
11FD
330
11DE
100
AcDbEntity
  8
3
 62
   215
100
AcDbFaceRecord
 10
0.0
 20
0.0
 30
0.0
 70
   128
 71
    -3
 72
    -6
 73
     7
 74
     7
  0
VERTEX
  5
11FE
330
11DE
100
AcDbEntity
  8
3
 62
   215
100
AcDbFaceRecord
 10
0.0
 20
0.0
 30
0.0
 70
   128
 71
    -7
 72
     6
 73
   -10
 74
   -10
  0
VERTEX
  5
11FF
330
11DE
100
AcDbEntity
  8
3
 62
   215
100
AcDbFaceRecord
 10
0.0
 20
0.0
 30
0.0
 70
   128
 71
    -7
 72
   -10
 73
    11
 74
    11
  0
VERTEX
  5
1200
330
11DE
100
AcDbEntity
  8
3
 62
   215
100
AcDbFaceRecord
 10
0.0
 20
0.0
 30
0.0
 70
   128
 71
   -11
 72
   -10
 73
    15
 74
    15
  0
VERTEX
  5
1201
330
11DE
100
AcDbEntity
  8
3
 62
   215
100
AcDbFaceRecord
 10
0.0
 20
0.0
 30
0.0
 70
   128
 71
    15
 72
    16
 73
   -12
 74
   -12
  0
VERTEX
  5
1202
330
11DE
100
AcDbEntity
  8
3
 62
   215
100
AcDbFaceRecord
 10
0.0
 20
0.0
 30
0.0
 70
   128
 71
   -15
 72
    12
 73
    11
 74
    11
  0
VERTEX
  5
1203
330
11DE
100
AcDbEntity
  8
3
 62
   215
100
AcDbFaceRecord
 10
0.0
 20
0.0
 30
0.0
 70
   128
 71
    13
 72
    -9
 73
    16
 74
    16
  0
VERTEX
  5
1204
330
11DE
100
AcDbEntity
  8
3
 62
   215
100
AcDbFaceRecord
 10
0.0
 20
0.0
 30
0.0
 70
   128
 71
   -12
 72
    -9
 73
     8
 74
     8
  0
VERTEX
  5
1205
330
11DE
100
AcDbEntity
  8
3
 62
   215
100
AcDbFaceRecord
 10
0.0
 20
0.0
 30
0.0
 70
   128
 71
    -9
 72
    12
 73
   -16
 74
   -16
  0
VERTEX
  5
1206
330
11DE
100
AcDbEntity
  8
3
 62
   215
100
AcDbFaceRecord
 10
0.0
 20
0.0
 30
0.0
 70
   128
 71
    -8
 72
     9
 73
    -5
 74
    -5
  0
VERTEX
  5
1207
330
11DE
100
AcDbEntity
  8
3
 62
   215
100
AcDbFaceRecord
 10
0.0
 20
0.0
 30
0.0
 70
   128
 71
    -8
 72
    -5
 73
     4
 74
     4
  0
VERTEX
  5
1208
330
11DE
100
AcDbEntity
  8
3
 62
   215
100
AcDbFaceRecord
 10
0.0
 20
0.0
 30
0.0
 70
   128
 71
    -4
 72
     5
 73
     1
 74
     1
  0
VERTEX
  5
1209
330
11DE
100
AcDbEntity
  8
3
 62
   215
100
AcDbFaceRecord
 10
0.0
 20
0.0
 30
0.0
 70
   128
 71
    14
 72
    13
 73
   -16
 74
   -16
  0
VERTEX
  5
120A
330
11DE
100
AcDbEntity
  8
3
 62
   215
100
AcDbFaceRecord
 10
0.0
 20
0.0
 30
0.0
 70
   128
 71
   -14
 72
    16
 73
    15
 74
    15
  0
SEQEND
  5
120B
330
11DE
100
AcDbEntity
  8
3
 62
   215
  0
POLYLINE
  5
120C
330
1F
100
AcDbEntity
  8
7
 62
   206
420
  6689894
100
AcDbPolyFaceMesh
 66
     1
 10
0.0
 20
0.0
 30
0.0
 70
    64
 71
    16
 72
    28
1001
TeklaStructures
1000
ID
1000
161614163
  0
VERTEX
  5
120D
330
120C
100
AcDbEntity
  8
7
 62
   206
100
AcDbVertex
100
AcDbPolyFaceMeshVertex
 10
33629.99994426943
 20
9410.0
 30
20908.69105008437
 70
   192
  0
VERTEX
  5
120E
330
120C
100
AcDbEntity
  8
7
 62
   206
100
AcDbVertex
100
AcDbPolyFaceMeshVertex
 10
33342.11672372721
 20
9410.0
 30
20640.00000254855
 70
   192
  0
VERTEX
  5
120F
330
120C
100
AcDbEntity
  8
7
 62
   206
100
AcDbVertex
100
AcDbPolyFaceMeshVertex
 10
33342.11672372721
 20
9390.0
 30
20640.00000254855
 70
   192
  0
VERTEX
  5
1210
330
120C
100
AcDbEntity
  8
7
 62
   206
100
AcDbVertex
100
AcDbPolyFaceMeshVertex
 10
33629.99994426943
 20
9390.0
 30
20908.69105008437
 70
   192
  0
VERTEX
  5
1211
330
120C
100
AcDbEntity
  8
7
 62
   206
100
AcDbVertex
100
AcDbPolyFaceMeshVertex
 10
33224.99999399085
 20
9410.0
 30
20639.99999854223
 70
   192
  0
VERTEX
  5
1212
330
120C
100
AcDbEntity
  8
7
 62
   206
100
AcDbVertex
100
AcDbPolyFaceMeshVertex
 10
33224.99999399085
 20
9390.0
 30
20639.99999854223
 70
   192
  0
VERTEX
  5
1213
330
120C
100
AcDbEntity
  8
7
 62
   206
100
AcDbVertex
100
AcDbPolyFaceMeshVertex
 10
33199.99999447428
 20
9410.0
 30
20664.99999768703
 70
   192
  0
VERTEX
  5
1214
330
120C
100
AcDbEntity
  8
7
 62
   206
100
AcDbVertex
100
AcDbPolyFaceMeshVertex
 10
33199.99999447428
 20
9390.0
 30
20664.99999768703
 70
   192
  0
VERTEX
  5
1215
330
120C
100
AcDbEntity
  8
7
 62
   206
100
AcDbVertex
100
AcDbPolyFaceMeshVertex
 10
33199.99999950196
 20
9410.0
 30
20925.00000150178
 70
   192
  0
VERTEX
  5
1216
330
120C
100
AcDbEntity
  8
7
 62
   206
100
AcDbVertex
100
AcDbPolyFaceMeshVertex
 10
33199.99999950196
 20
9390.0
 30
20925.00000150178
 70
   192
  0
VERTEX
  5
1217
330
120C
100
AcDbEntity
  8
7
 62
   206
100
AcDbVertex
100
AcDbPolyFaceMeshVertex
 10
33224.99999998539
 20
9410.0
 30
20950.00000222028
 70
   192
  0
VERTEX
  5
1218
330
120C
100
AcDbEntity
  8
7
 62
   206
100
AcDbVertex
100
AcDbPolyFaceMeshVertex
 10
33224.99999998539
 20
9390.0
 30
20950.00000222028
 70
   192
  0
VERTEX
  5
1219
330
120C
100
AcDbEntity
  8
7
 62
   206
100
AcDbVertex
100
AcDbPolyFaceMeshVertex
 10
33604.99996946787
 20
9410.0
 30
20950.00001314149
 70
   192
  0
VERTEX
  5
121A
330
120C
100
AcDbEntity
  8
7
 62
   206
100
AcDbVertex
100
AcDbPolyFaceMeshVertex
 10
33604.99996946787
 20
9390.0
 30
20950.00001314149
 70
   192
  0
VERTEX
  5
121B
330
120C
100
AcDbEntity
  8
7
 62
   206
100
AcDbVertex
100
AcDbPolyFaceMeshVertex
 10
33629.99995421789
 20
9410.0
 30
20925.00001386
 70
   192
  0
VERTEX
  5
121C
330
120C
100
AcDbEntity
  8
7
 62
   206
100
AcDbVertex
100
AcDbPolyFaceMeshVertex
 10
33629.99995421789
 20
9390.0
 30
20925.00001386
 70
   192
  0
VERTEX
  5
121D
330
120C
100
AcDbEntity
  8
7
 62
   206
100
AcDbFaceRecord
 10
0.0
 20
0.0
 30
0.0
 70
   128
 71
     1
 72
     2
 73
    -3
 74
    -3
  0
VERTEX
  5
121E
330
120C
100
AcDbEntity
  8
7
 62
   206
100
AcDbFaceRecord
 10
0.0
 20
0.0
 30
0.0
 70
   128
 71
    -1
 72
     3
 73
     4
 74
     4
  0
VERTEX
  5
121F
330
120C
100
AcDbEntity
  8
7
 62
   206
100
AcDbFaceRecord
 10
0.0
 20
0.0
 30
0.0
 70
   128
 71
     2
 72
     5
 73
    -6
 74
    -6
  0
VERTEX
  5
1220
330
120C
100
AcDbEntity
  8
7
 62
   206
100
AcDbFaceRecord
 10
0.0
 20
0.0
 30
0.0
 70
   128
 71
    -2
 72
     6
 73
     3
 74
     3
  0
VERTEX
  5
1221
330
120C
100
AcDbEntity
  8
7
 62
   206
100
AcDbFaceRecord
 10
0.0
 20
0.0
 30
0.0
 70
   128
 71
     5
 72
     7
 73
    -8
 74
    -8
  0
VERTEX
  5
1222
330
120C
100
AcDbEntity
  8
7
 62
   206
100
AcDbFaceRecord
 10
0.0
 20
0.0
 30
0.0
 70
   128
 71
    -5
 72
     8
 73
     6
 74
     6
  0
VERTEX
  5
1223
330
120C
100
AcDbEntity
  8
7
 62
   206
100
AcDbFaceRecord
 10
0.0
 20
0.0
 30
0.0
 70
   128
 71
     7
 72
     9
 73
   -10
 74
   -10
  0
VERTEX
  5
1224
330
120C
100
AcDbEntity
  8
7
 62
   206
100
AcDbFaceRecord
 10
0.0
 20
0.0
 30
0.0
 70
   128
 71
    -7
 72
    10
 73
     8
 74
     8
  0
VERTEX
  5
1225
330
120C
100
AcDbEntity
  8
7
 62
   206
100
AcDbFaceRecord
 10
0.0
 20
0.0
 30
0.0
 70
   128
 71
     9
 72
    11
 73
   -12
 74
   -12
  0
VERTEX
  5
1226
330
120C
100
AcDbEntity
  8
7
 62
   206
100
AcDbFaceRecord
 10
0.0
 20
0.0
 30
0.0
 70
   128
 71
    -9
 72
    12
 73
    10
 74
    10
  0
VERTEX
  5
1227
330
120C
100
AcDbEntity
  8
7
 62
   206
100
AcDbFaceRecord
 10
0.0
 20
0.0
 30
0.0
 70
   128
 71
    11
 72
    13
 73
   -14
 74
   -14
  0
VERTEX
  5
1228
330
120C
100
AcDbEntity
  8
7
 62
   206
100
AcDbFaceRecord
 10
0.0
 20
0.0
 30
0.0
 70
   128
 71
   -11
 72
    14
 73
    12
 74
    12
  0
VERTEX
  5
1229
330
120C
100
AcDbEntity
  8
7
 62
   206
100
AcDbFaceRecord
 10
0.0
 20
0.0
 30
0.0
 70
   128
 71
    13
 72
    15
 73
   -16
 74
   -16
  0
VERTEX
  5
122A
330
120C
100
AcDbEntity
  8
7
 62
   206
100
AcDbFaceRecord
 10
0.0
 20
0.0
 30
0.0
 70
   128
 71
   -13
 72
    16
 73
    14
 74
    14
  0
VERTEX
  5
122B
330
120C
100
AcDbEntity
  8
7
 62
   206
100
AcDbFaceRecord
 10
0.0
 20
0.0
 30
0.0
 70
   128
 71
    15
 72
     1
 73
    -4
 74
    -4
  0
VERTEX
  5
122C
330
120C
100
AcDbEntity
  8
7
 62
   206
100
AcDbFaceRecord
 10
0.0
 20
0.0
 30
0.0
 70
   128
 71
   -15
 72
     4
 73
    16
 74
    16
  0
VERTEX
  5
122D
330
120C
100
AcDbEntity
  8
7
 62
   206
100
AcDbFaceRecord
 10
0.0
 20
0.0
 30
0.0
 70
   128
 71
    -5
 72
     9
 73
     7
 74
     7
  0
VERTEX
  5
122E
330
120C
100
AcDbEntity
  8
7
 62
   206
100
AcDbFaceRecord
 10
0.0
 20
0.0
 30
0.0
 70
   128
 71
    -9
 72
     5
 73
    -2
 74
    -2
  0
VERTEX
  5
122F
330
120C
100
AcDbEntity
  8
7
 62
   206
100
AcDbFaceRecord
 10
0.0
 20
0.0
 30
0.0
 70
   128
 71
    -9
 72
     2
 73
    -1
 74
    -1
  0
VERTEX
  5
1230
330
120C
100
AcDbEntity
  8
7
 62
   206
100
AcDbFaceRecord
 10
0.0
 20
0.0
 30
0.0
 70
   128
 71
    -9
 72
    -1
 73
    11
 74
    11
  0
VERTEX
  5
1231
330
120C
100
AcDbEntity
  8
7
 62
   206
100
AcDbFaceRecord
 10
0.0
 20
0.0
 30
0.0
 70
   128
 71
   -11
 72
    -1
 73
    13
 74
    13
  0
VERTEX
  5
1232
330
120C
100
AcDbEntity
  8
7
 62
   206
100
AcDbFaceRecord
 10
0.0
 20
0.0
 30
0.0
 70
   128
 71
   -13
 72
     1
 73
    15
 74
    15
  0
VERTEX
  5
1233
330
120C
100
AcDbEntity
  8
7
 62
   206
100
AcDbFaceRecord
 10
0.0
 20
0.0
 30
0.0
 70
   128
 71
    -4
 72
    14
 73
    16
 74
    16
  0
VERTEX
  5
1234
330
120C
100
AcDbEntity
  8
7
 62
   206
100
AcDbFaceRecord
 10
0.0
 20
0.0
 30
0.0
 70
   128
 71
   -14
 72
    -4
 73
    12
 74
    12
  0
VERTEX
  5
1235
330
120C
100
AcDbEntity
  8
7
 62
   206
100
AcDbFaceRecord
 10
0.0
 20
0.0
 30
0.0
 70
   128
 71
   -12
 72
     4
 73
    -3
 74
    -3
  0
VERTEX
  5
1236
330
120C
100
AcDbEntity
  8
7
 62
   206
100
AcDbFaceRecord
 10
0.0
 20
0.0
 30
0.0
 70
   128
 71
   -12
 72
    -3
 73
    10
 74
    10
  0
VERTEX
  5
1237
330
120C
100
AcDbEntity
  8
7
 62
   206
100
AcDbFaceRecord
 10
0.0
 20
0.0
 30
0.0
 70
   128
 71
   -10
 72
    -3
 73
     8
 74
     8
  0
VERTEX
  5
1238
330
120C
100
AcDbEntity
  8
7
 62
   206
100
AcDbFaceRecord
 10
0.0
 20
0.0
 30
0.0
 70
   128
 71
    -8
 72
     3
 73
     6
 74
     6
  0
SEQEND
  5
1239
330
120C
100
AcDbEntity
  8
7
 62
   206
  0
POLYLINE
  5
123A
330
1F
100
AcDbEntity
  8
3
 62
   215
420
 10905254
100
AcDbPolyFaceMesh
 66
     1
 10
0.0
 20
0.0
 30
0.0
 70
    64
 71
     8
 72
    12
1001
TeklaStructures
1000
ID
1000
161614152
  0
VERTEX
  5
123B
330
123A
100
AcDbEntity
  8
3
 62
   215
100
AcDbVertex
100
AcDbPolyFaceMeshVertex
 10
33649.99998237922
 20
9690.0
 30
20970.0
 70
   192
  0
VERTEX
  5
123C
330
123A
100
AcDbEntity
  8
3
 62
   215
100
AcDbVertex
100
AcDbPolyFaceMeshVertex
 10
33649.99998237922
 20
9110.0
 30
20970.0
 70
   192
  0
VERTEX
  5
123D
330
123A
100
AcDbEntity
  8
3
 62
   215
100
AcDbVertex
100
AcDbPolyFaceMeshVertex
 10
33200.0
 20
9110.0
 30
20970.0
 70
   192
  0
VERTEX
  5
123E
330
123A
100
AcDbEntity
  8
3
 62
   215
100
AcDbVertex
100
AcDbPolyFaceMeshVertex
 10
33200.0
 20
9690.0
 30
20970.0
 70
   192
  0
VERTEX
  5
123F
330
123A
100
AcDbEntity
  8
3
 62
   215
100
AcDbVertex
100
AcDbPolyFaceMeshVertex
 10
33649.99998237922
 20
9110.0
 30
20950.0
 70
   192
  0
VERTEX
  5
1240
330
123A
100
AcDbEntity
  8
3
 62
   215
100
AcDbVertex
100
AcDbPolyFaceMeshVertex
 10
33200.0
 20
9110.0
 30
20950.0
 70
   192
  0
VERTEX
  5
1241
330
123A
100
AcDbEntity
  8
3
 62
   215
100
AcDbVertex
100
AcDbPolyFaceMeshVertex
 10
33649.99998237922
 20
9690.0
 30
20950.0
 70
   192
  0
VERTEX
  5
1242
330
123A
100
AcDbEntity
  8
3
 62
   215
100
AcDbVertex
100
AcDbPolyFaceMeshVertex
 10
33200.0
 20
9690.0
 30
20950.0
 70
   192
  0
VERTEX
  5
1243
330
123A
100
AcDbEntity
  8
3
 62
   215
100
AcDbFaceRecord
 10
0.0
 20
0.0
 30
0.0
 70
   128
 71
     1
 72
     2
 73
    -3
 74
    -3
  0
VERTEX
  5
1244
330
123A
100
AcDbEntity
  8
3
 62
   215
100
AcDbFaceRecord
 10
0.0
 20
0.0
 30
0.0
 70
   128
 71
    -1
 72
     3
 73
     4
 74
     4
  0
VERTEX
  5
1245
330
123A
100
AcDbEntity
  8
3
 62
   215
100
AcDbFaceRecord
 10
0.0
 20
0.0
 30
0.0
 70
   128
 71
     2
 72
     5
 73
    -6
 74
    -6
  0
VERTEX
  5
1246
330
123A
100
AcDbEntity
  8
3
 62
   215
100
AcDbFaceRecord
 10
0.0
 20
0.0
 30
0.0
 70
   128
 71
    -2
 72
     6
 73
     3
 74
     3
  0
VERTEX
  5
1247
330
123A
100
AcDbEntity
  8
3
 62
   215
100
AcDbFaceRecord
 10
0.0
 20
0.0
 30
0.0
 70
   128
 71
     5
 72
     7
 73
    -8
 74
    -8
  0
VERTEX
  5
1248
330
123A
100
AcDbEntity
  8
3
 62
   215
100
AcDbFaceRecord
 10
0.0
 20
0.0
 30
0.0
 70
   128
 71
    -5
 72
     8
 73
     6
 74
     6
  0
VERTEX
  5
1249
330
123A
100
AcDbEntity
  8
3
 62
   215
100
AcDbFaceRecord
 10
0.0
 20
0.0
 30
0.0
 70
   128
 71
     7
 72
     1
 73
    -4
 74
    -4
  0
VERTEX
  5
124A
330
123A
100
AcDbEntity
  8
3
 62
   215
100
AcDbFaceRecord
 10
0.0
 20
0.0
 30
0.0
 70
   128
 71
    -7
 72
     4
 73
     8
 74
     8
  0
VERTEX
  5
124B
330
123A
100
AcDbEntity
  8
3
 62
   215
100
AcDbFaceRecord
 10
0.0
 20
0.0
 30
0.0
 70
   128
 71
     2
 72
     1
 73
    -7
 74
    -7
  0
VERTEX
  5
124C
330
123A
100
AcDbEntity
  8
3
 62
   215
100
AcDbFaceRecord
 10
0.0
 20
0.0
 30
0.0
 70
   128
 71
    -2
 72
     7
 73
     5
 74
     5
  0
VERTEX
  5
124D
330
123A
100
AcDbEntity
  8
3
 62
   215
100
AcDbFaceRecord
 10
0.0
 20
0.0
 30
0.0
 70
   128
 71
     4
 72
     3
 73
    -6
 74
    -6
  0
VERTEX
  5
124E
330
123A
100
AcDbEntity
  8
3
 62
   215
100
AcDbFaceRecord
 10
0.0
 20
0.0
 30
0.0
 70
   128
 71
    -4
 72
     6
 73
     8
 74
     8
  0
SEQEND
  5
124F
330
123A
100
AcDbEntity
  8
3
 62
   215
  0
ENDSEC
  0
SECTION
  2
OBJECTS
  0
DICTIONARY
  5
C
330
0
100
AcDbDictionary
281
     1
  3
ACAD_DETAILVIEWSTYLE
350
12B4
  3
ACAD_GROUP
350
D
  3
ACAD_LAYOUT
350
1A
  3
ACAD_MATERIAL
350
43
  3
ACAD_MLEADERSTYLE
350
6B
  3
ACAD_MLINESTYLE
350
17
  3
ACAD_PLOTSETTINGS
350
19
  3
ACAD_PLOTSTYLENAME
350
E
  3
ACAD_SCALELIST
350
47
  3
ACAD_SECTIONVIEWSTYLE
350
12B5
  3
ACAD_TABLESTYLE
350
69
  3
ACAD_VISUALSTYLE
350
2A
  3
ACDB_RECOMPOSE_DATA
350
12B3
  3
AcDbVariableDictionary
350
1250
  0
SUN
  5
6D
330
29
100
AcDbSun
 90
        1
290
     0
 63
     7
 40
1.0
291
     1
 91
  2455826
 92
 54000000
292
     0
 70
     2
 71
   256
280
     1
  0
DICTIONARY
  5
12B4
102
{ACAD_REACTORS
330
C
102
}
330
C
100
AcDbDictionary
281
     1
  0
DICTIONARY
  5
D
102
{ACAD_REACTORS
330
C
102
}
330
C
100
AcDbDictionary
281
     1
  0
DICTIONARY
  5
1A
102
{ACAD_REACTORS
330
C
102
}
330
C
100
AcDbDictionary
281
     1
  3
Layout1
350
1E
  3
Layout2
350
26
  3
Model
350
22
  0
DICTIONARY
  5
43
102
{ACAD_REACTORS
330
C
102
}
330
C
100
AcDbDictionary
281
     1
  3
ByBlock
350
45
  3
ByLayer
350
44
  3
Global
350
46
  0
DICTIONARY
  5
6B
102
{ACAD_REACTORS
330
C
102
}
330
C
100
AcDbDictionary
281
     1
  3
Standard
350
6C
  0
DICTIONARY
  5
17
102
{ACAD_REACTORS
330
C
102
}
330
C
100
AcDbDictionary
281
     1
  3
Standard
350
18
  0
DICTIONARY
  5
19
102
{ACAD_REACTORS
330
C
102
}
330
C
100
AcDbDictionary
281
     1
  0
ACDBDICTIONARYWDFLT
  5
E
102
{ACAD_REACTORS
330
C
102
}
330
C
100
AcDbDictionary
281
     1
  3
Normal
350
F
100
AcDbDictionaryWithDefault
340
F
  0
DICTIONARY
  5
47
102
{ACAD_REACTORS
330
C
102
}
330
C
100
AcDbDictionary
281
     1
  3
A0
350
48
  3
A1
350
49
  3
A2
350
4A
  3
A3
350
4B
  3
A4
350
4C
  3
A5
350
4D
  3
A6
350
4E
  3
A7
350
4F
  3
A8
350
50
  3
A9
350
51
  3
B0
350
52
  3
B1
350
53
  3
B2
350
54
  3
B3
350
55
  3
B4
350
56
  3
B5
350
57
  3
B6
350
58
  3
B7
350
59
  3
B8
350
5A
  3
B9
350
5B
  3
C0
350
5C
  3
C1
350
5D
  3
C2
350
5E
  3
C3
350
5F
  3
C4
350
60
  3
C5
350
61
  3
C6
350
62
  3
C7
350
63
  3
C8
350
64
  3
C9
350
65
  3
D0
350
66
  3
D1
350
67
  3
D2
350
68
  0
DICTIONARY
  5
12B5
102
{ACAD_REACTORS
330
C
102
}
330
C
100
AcDbDictionary
281
     1
  0
DICTIONARY
  5
69
102
{ACAD_REACTORS
330
C
102
}
330
C
100
AcDbDictionary
281
     1
  3
Standard
350
6A
  0
DICTIONARY
  5
2A
102
{ACAD_REACTORS
330
C
102
}
330
C
100
AcDbDictionary
281
     1
  3
2dWireframe
350
2F
  3
Basic
350
32
  3
Brighten
350
36
  3
ColorChange
350
3A
  3
Conceptual
350
34
  3
Dim
350
35
  3
EdgeColorOff
350
3D
  3
Facepattern
350
39
  3
Flat
350
2B
  3
FlatWithEdges
350
2C
  3
Gouraud
350
2D
  3
GouraudWithEdges
350
2E
  3
Hidden
350
31
  3
JitterOff
350
3B
  3
Linepattern
350
38
  3
OverhangOff
350
3C
  3
Realistic
350
33
  3
Shaded
350
42
  3
Shaded with edges
350
41
  3
Shades of Gray
350
3E
  3
Sketchy
350
3F
  3
Thicken
350
37
  3
Wireframe
350
30
  3
X-Ray
350
40
  0
XRECORD
  5
12B3
102
{ACAD_REACTORS
330
C
102
}
330
C
100
AcDbXrecord
280
     1
 90
        1
330
6A
  0
DICTIONARY
  5
1250
102
{ACAD_REACTORS
330
C
102
}
330
C
100
AcDbDictionary
281
     1
  3
CANNOSCALE
350
12B0
  3
CMLEADERSTYLE
350
1252
  3
CTABLESTYLE
350
1251
  3
DIMASSOC
350
1257
  3
HIDETEXT
350
1258
  3
MSLTSCALE
350
1272
  0
LAYOUT
  5
1E
102
{ACAD_REACTORS
330
1A
102
}
330
1A
100
AcDbPlotSettings
  1

  2
none_device
  4

  6

 40
0.0
 41
0.0
 42
0.0
 43
0.0
 44
0.0
 45
0.0
 46
0.0
 47
0.0
 48
0.0
 49
0.0
140
0.0
141
0.0
142
1.0
143
1.0
 70
   688
 72
     1
 73
     0
 74
     5
  7

 75
    16
 76
     0
 77
     2
 78
   300
147
1.0
148
0.0
149
0.0
100
AcDbLayout
  1
Layout1
 70
     1
 71
     1
 10
0.0
 20
0.0
 11
420.0
 21
297.0
 12
0.0
 22
0.0
 32
0.0
 14
1.000000000000000E+20
 24
1.000000000000000E+20
 34
1.000000000000000E+20
 15
-1.000000000000000E+20
 25
-1.000000000000000E+20
 35
-1.000000000000000E+20
146
0.0
 13
0.0
 23
0.0
 33
0.0
 16
1.0
 26
0.0
 36
0.0
 17
0.0
 27
1.0
 37
0.0
 76
     0
330
1B
  0
LAYOUT
  5
26
102
{ACAD_REACTORS
330
1A
102
}
330
1A
100
AcDbPlotSettings
  1

  2
none_device
  4

  6

 40
0.0
 41
0.0
 42
0.0
 43
0.0
 44
0.0
 45
0.0
 46
0.0
 47
0.0
 48
0.0
 49
0.0
140
0.0
141
0.0
142
1.0
143
1.0
 70
   688
 72
     1
 73
     0
 74
     5
  7

 75
    16
 76
     0
 77
     2
 78
   300
147
1.0
148
0.0
149
0.0
100
AcDbLayout
  1
Layout2
 70
     1
 71
     2
 10
0.0
 20
0.0
 11
0.0
 21
0.0
 12
0.0
 22
0.0
 32
0.0
 14
0.0
 24
0.0
 34
0.0
 15
0.0
 25
0.0
 35
0.0
146
0.0
 13
0.0
 23
0.0
 33
0.0
 16
1.0
 26
0.0
 36
0.0
 17
0.0
 27
1.0
 37
0.0
 76
     0
330
23
  0
LAYOUT
  5
22
102
{ACAD_REACTORS
330
1A
102
}
330
1A
100
AcDbPlotSettings
  1

  2
none_device
  4
Letter_(8.50_x_11.00_Inches)
  6

 40
6.35
 41
6.35
 42
6.35000508
 43
6.35000508
 44
215.9
 45
279.4
 46
0.0
 47
0.0
 48
0.0
 49
0.0
140
0.0
141
0.0
142
1.0
143
1.0
 70
  1712
 72
     1
 73
     0
 74
     0
  7

 75
     0
 76
     0
 77
     2
 78
   300
147
1.0
148
0.0
149
0.0
100
AcDbLayout
  1
Model
 70
     1
 71
     0
 10
0.0
 20
0.0
 11
420.0
 21
297.0
 12
0.0
 22
0.0
 32
0.0
 14
1.000000000000000E+20
 24
1.000000000000000E+20
 34
1.000000000000000E+20
 15
-1.000000000000000E+20
 25
-1.000000000000000E+20
 35
-1.000000000000000E+20
146
0.0
 13
0.0
 23
0.0
 33
0.0
 16
1.0
 26
0.0
 36
0.0
 17
0.0
 27
1.0
 37
0.0
 76
     0
330
1F
331
29
  0
MATERIAL
  5
45
102
{ACAD_REACTORS
330
43
102
}
330
43
100
AcDbMaterial
  1
ByBlock
 72
     1
 94
      127
  0
MATERIAL
  5
44
102
{ACAD_REACTORS
330
43
102
}
330
43
100
AcDbMaterial
  1
ByLayer
 72
     1
 94
      127
  0
MATERIAL
  5
46
102
{ACAD_REACTORS
330
43
102
}
330
43
100
AcDbMaterial
  1
Global
 72
     1
 94
      127
  0
MLEADERSTYLE
  5
6C
102
{ACAD_REACTORS
330
6B
102
}
330
6B
100
AcDbMLeaderStyle
179
     2
170
     2
171
     1
172
     0
 90
        2
 40
0.0
 41
0.0
173
     1
 91
-1056964608
340
14
 92
       -2
290
     1
 42
2.0
291
     1
 43
8.0
  3
Standard
341
0
 44
4.0
300

342
11
174
     1
178
     6
175
     1
176
     0
 93
-1056964608
 45
4.0
292
     0
297
     0
 46
4.0
343
0
 94
-1056964608
 47
1.0
 49
1.0
140
1.0
293
     1
141
0.0
294
     1
177
     0
142
1.0
295
     0
296
     0
143
3.75
271
     0
272
     9
273
     9
298
     0
  0
MLINESTYLE
  5
18
102
{ACAD_REACTORS
330
17
102
}
330
17
100
AcDbMlineStyle
  2
Standard
 70
     0
  3

 62
   256
 51
90.0
 52
90.0
 71
     2
 49
0.5
 62
   256
  6
BYLAYER
 49
-0.5
 62
   256
  6
BYLAYER
  0
ACDBPLACEHOLDER
  5
F
102
{ACAD_REACTORS
330
E
102
}
330
E
  0
SCALE
  5
48
102
{ACAD_REACTORS
330
47
102
}
330
47
100
AcDbScale
 70
     0
300
1:1
140
1.0
141
1.0
290
     1
  0
SCALE
  5
49
102
{ACAD_REACTORS
330
47
102
}
330
47
100
AcDbScale
 70
     0
300
1:2
140
1.0
141
2.0
290
     0
  0
SCALE
  5
4A
102
{ACAD_REACTORS
330
47
102
}
330
47
100
AcDbScale
 70
     0
300
1:4
140
1.0
141
4.0
290
     0
  0
SCALE
  5
4B
102
{ACAD_REACTORS
330
47
102
}
330
47
100
AcDbScale
 70
     0
300
1:5
140
1.0
141
5.0
290
     0
  0
SCALE
  5
4C
102
{ACAD_REACTORS
330
47
102
}
330
47
100
AcDbScale
 70
     0
300
1:8
140
1.0
141
8.0
290
     0
  0
SCALE
  5
4D
102
{ACAD_REACTORS
330
47
102
}
330
47
100
AcDbScale
 70
     0
300
1:10
140
1.0
141
10.0
290
     0
  0
SCALE
  5
4E
102
{ACAD_REACTORS
330
47
102
}
330
47
100
AcDbScale
 70
     0
300
1:16
140
1.0
141
16.0
290
     0
  0
SCALE
  5
4F
102
{ACAD_REACTORS
330
47
102
}
330
47
100
AcDbScale
 70
     0
300
1:20
140
1.0
141
20.0
290
     0
  0
SCALE
  5
50
102
{ACAD_REACTORS
330
47
102
}
330
47
100
AcDbScale
 70
     0
300
1:30
140
1.0
141
30.0
290
     0
  0
SCALE
  5
51
102
{ACAD_REACTORS
330
47
102
}
330
47
100
AcDbScale
 70
     0
300
1:40
140
1.0
141
40.0
290
     0
  0
SCALE
  5
52
102
{ACAD_REACTORS
330
47
102
}
330
47
100
AcDbScale
 70
     0
300
1:50
140
1.0
141
50.0
290
     0
  0
SCALE
  5
53
102
{ACAD_REACTORS
330
47
102
}
330
47
100
AcDbScale
 70
     0
300
1:100
140
1.0
141
100.0
290
     0
  0
SCALE
  5
54
102
{ACAD_REACTORS
330
47
102
}
330
47
100
AcDbScale
 70
     0
300
2:1
140
2.0
141
1.0
290
     0
  0
SCALE
  5
55
102
{ACAD_REACTORS
330
47
102
}
330
47
100
AcDbScale
 70
     0
300
4:1
140
4.0
141
1.0
290
     0
  0
SCALE
  5
56
102
{ACAD_REACTORS
330
47
102
}
330
47
100
AcDbScale
 70
     0
300
8:1
140
8.0
141
1.0
290
     0
  0
SCALE
  5
57
102
{ACAD_REACTORS
330
47
102
}
330
47
100
AcDbScale
 70
     0
300
10:1
140
10.0
141
1.0
290
     0
  0
SCALE
  5
58
102
{ACAD_REACTORS
330
47
102
}
330
47
100
AcDbScale
 70
     0
300
100:1
140
100.0
141
1.0
290
     0
  0
SCALE
  5
59
102
{ACAD_REACTORS
330
47
102
}
330
47
100
AcDbScale
 70
     0
300
1/128" = 1'-0"
140
0.0078125
141
12.0
290
     0
  0
SCALE
  5
5A
102
{ACAD_REACTORS
330
47
102
}
330
47
100
AcDbScale
 70
     0
300
1/64" = 1'-0"
140
0.015625
141
12.0
290
     0
  0
SCALE
  5
5B
102
{ACAD_REACTORS
330
47
102
}
330
47
100
AcDbScale
 70
     0
300
1/32" = 1'-0"
140
0.03125
141
12.0
290
     0
  0
SCALE
  5
5C
102
{ACAD_REACTORS
330
47
102
}
330
47
100
AcDbScale
 70
     0
300
1/16" = 1'-0"
140
0.0625
141
12.0
290
     0
  0
SCALE
  5
5D
102
{ACAD_REACTORS
330
47
102
}
330
47
100
AcDbScale
 70
     0
300
3/32" = 1'-0"
140
0.09375
141
12.0
290
     0
  0
SCALE
  5
5E
102
{ACAD_REACTORS
330
47
102
}
330
47
100
AcDbScale
 70
     0
300
1/8" = 1'-0"
140
0.125
141
12.0
290
     0
  0
SCALE
  5
5F
102
{ACAD_REACTORS
330
47
102
}
330
47
100
AcDbScale
 70
     0
300
3/16" = 1'-0"
140
0.1875
141
12.0
290
     0
  0
SCALE
  5
60
102
{ACAD_REACTORS
330
47
102
}
330
47
100
AcDbScale
 70
     0
300
1/4" = 1'-0"
140
0.25
141
12.0
290
     0
  0
SCALE
  5
61
102
{ACAD_REACTORS
330
47
102
}
330
47
100
AcDbScale
 70
     0
300
3/8" = 1'-0"
140
0.375
141
12.0
290
     0
  0
SCALE
  5
62
102
{ACAD_REACTORS
330
47
102
}
330
47
100
AcDbScale
 70
     0
300
1/2" = 1'-0"
140
0.5
141
12.0
290
     0
  0
SCALE
  5
63
102
{ACAD_REACTORS
330
47
102
}
330
47
100
AcDbScale
 70
     0
300
3/4" = 1'-0"
140
0.75
141
12.0
290
     0
  0
SCALE
  5
64
102
{ACAD_REACTORS
330
47
102
}
330
47
100
AcDbScale
 70
     0
300
1" = 1'-0"
140
1.0
141
12.0
290
     0
  0
SCALE
  5
65
102
{ACAD_REACTORS
330
47
102
}
330
47
100
AcDbScale
 70
     0
300
1-1/2" = 1'-0"
140
1.5
141
12.0
290
     0
  0
SCALE
  5
66
102
{ACAD_REACTORS
330
47
102
}
330
47
100
AcDbScale
 70
     0
300
3" = 1'-0"
140
3.0
141
12.0
290
     0
  0
SCALE
  5
67
102
{ACAD_REACTORS
330
47
102
}
330
47
100
AcDbScale
 70
     0
300
6" = 1'-0"
140
6.0
141
12.0
290
     0
  0
SCALE
  5
68
102
{ACAD_REACTORS
330
47
102
}
330
47
100
AcDbScale
 70
     0
300
1'-0" = 1'-0"
140
12.0
141
12.0
290
     0
  0
TABLESTYLE
  5
6A
102
{ACAD_REACTORS
330
69
102
}
102
{ACAD_XDICTIONARY
360
12B1
102
}
330
69
100
AcDbTableStyle
  3
Standard
 70
     0
 71
     0
 40
0.06
 41
0.06
280
     0
281
     0
  7
Standard
140
4.5
170
     2
 62
     0
 63
   257
283
     0
 90
        4
 91
        0
  1

274
    -2
284
     1
 64
     0
275
    -2
285
     1
 65
     0
276
    -2
286
     1
 66
     0
277
    -2
287
     1
 67
     0
278
    -2
288
     1
 68
     0
279
    -2
289
     1
 69
     0
  7
Standard
140
6.0
170
     5
 62
     0
 63
   257
283
     0
 90
        4
 91
        0
  1

274
    -2
284
     1
 64
     0
275
    -2
285
     1
 65
     0
276
    -2
286
     1
 66
     0
277
    -2
287
     1
 67
     0
278
    -2
288
     1
 68
     0
279
    -2
289
     1
 69
     0
  7
Standard
140
4.5
170
     5
 62
     0
 63
   257
283
     0
 90
        4
 91
        0
  1

274
    -2
284
     1
 64
     0
275
    -2
285
     1
 65
     0
276
    -2
286
     1
 66
     0
277
    -2
287
     1
 67
     0
278
    -2
288
     1
 68
     0
279
    -2
289
     1
 69
     0
  0
VISUALSTYLE
  5
2F
102
{ACAD_REACTORS
330
2A
102
}
330
2A
100
AcDbVisualStyle
  2
2dWireframe
 70
     4
177
     3
291
     0
 70
    58
 90
        0
176
     1
 90
        2
176
     1
 90
        0
176
     1
 90
        0
176
     1
 40
0.6
176
     1
 40
30.0
176
     1
 62
     7
176
     1
 90
        1
176
     1
 90
        4
176
     1
 62
     7
176
     1
 62
   257
176
     1
 90
        1
176
     1
 90
        1
176
     1
 40
1.0
176
     1
 90
        0
176
     1
 62
   257
176
     1
 40
1.0
176
     1
 90
        1
176
     1
 90
        6
176
     1
 90
        2
176
     1
 62
     7
176
     1
 90
        5
176
     1
 90
        0
176
     1
 90
        0
176
     1
290
     0
176
     1
 90
        1
176
     1
 40
0.0
176
     1
 90
        0
176
     1
290
     1
176
     1
290
     1
176
     1
290
     0
176
     1
290
     0
176
     1
290
     0
176
     1
290
     0
176
     1
290
     0
176
     1
290
     0
176
     1
290
     0
176
     1
 90
       50
176
     1
 40
0.0
176
     1
 40
1.0
176
     1
 90
        0
176
     1
 62
    18
420
        0
176
     1
 90
       50
176
     1
 90
        3
176
     1
 62
     5
420
      255
176
     1
290
     0
176
     1
 90
       50
176
     1
 90
       50
176
     1
 90
       50
176
     1
290
     0
176
     1
 90
       50
176
     1
 62
   256
176
     0
 40
1.0
176
     0
 90
        2
176
     1
  1
strokes_ogs.tif
176
     1
290
     0
176
     1
 40
1.0
176
     1
 40
1.0
176
     1
  0
VISUALSTYLE
  5
32
102
{ACAD_REACTORS
330
2A
102
}
330
2A
100
AcDbVisualStyle
  2
Basic
 70
     7
177
     3
291
     1
 70
    58
 90
        1
176
     1
 90
        0
176
     1
 90
        1
176
     1
 90
        0
176
     1
 40
0.6
176
     1
 40
30.0
176
     1
 62
     7
176
     1
 90
        0
176
     1
 90
        4
176
     1
 62
     7
176
     1
 62
   257
176
     1
 90
        1
176
     1
 90
        1
176
     1
 40
1.0
176
     1
 90
        8
176
     1
 62
     7
176
     1
 40
1.0
176
     1
 90
        1
176
     1
 90
        6
176
     1
 90
        2
176
     1
 62
     7
176
     1
 90
        5
176
     1
 90
        0
176
     1
 90
        0
176
     1
290
     0
176
     1
 90
        1
176
     1
 40
0.0
176
     1
 90
        0
176
     1
290
     0
176
     1
290
     1
176
     1
290
     1
176
     1
290
     0
176
     1
290
     0
176
     1
290
     0
176
     1
290
     0
176
     1
290
     0
176
     1
290
     0
176
     1
 90
       50
176
     1
 40
0.0
176
     1
 40
1.0
176
     1
 90
        0
176
     1
 62
    18
420
        0
176
     1
 90
       50
176
     1
 90
        3
176
     1
 62
     5
420
      255
176
     1
290
     0
176
     1
 90
       50
176
     1
 90
       50
176
     1
 90
       50
176
     1
290
     0
176
     1
 90
       50
176
     1
 62
   256
176
     0
 40
1.0
176
     0
 90
        2
176
     1
  1
strokes_ogs.tif
176
     1
290
     0
176
     1
 40
1.0
176
     1
 40
1.0
176
     1
  0
VISUALSTYLE
  5
36
102
{ACAD_REACTORS
330
2A
102
}
330
2A
100
AcDbVisualStyle
  2
Brighten
 70
    12
177
     3
291
     1
 70
    58
 90
        2
176
     1
 90
        2
176
     1
 90
        0
176
     1
 90
        0
176
     1
 40
0.6
176
     1
 40
30.0
176
     1
 62
     7
176
     1
 90
        1
176
     1
 90
        4
176
     1
 62
     7
176
     1
 62
   257
176
     1
 90
        1
176
     1
 90
        1
176
     1
 40
1.0
176
     1
 90
        8
176
     1
 62
     7
176
     1
 40
1.0
176
     1
 90
        1
176
     1
 90
        6
176
     1
 90
        2
176
     1
 62
     7
176
     1
 90
        5
176
     1
 90
        0
176
     1
 90
        0
176
     1
290
     0
176
     1
 90
        1
176
     1
 40
50.0
176
     1
 90
        0
176
     1
290
     0
176
     1
290
     1
176
     1
290
     1
176
     1
290
     0
176
     1
290
     0
176
     1
290
     0
176
     1
290
     0
176
     1
290
     0
176
     1
290
     0
176
     1
 90
       50
176
     1
 40
0.0
176
     1
 40
1.0
176
     1
 90
        0
176
     1
 62
    18
420
        0
176
     1
 90
       50
176
     1
 90
        3
176
     1
 62
     5
420
      255
176
     1
290
     0
176
     1
 90
       50
176
     1
 90
       50
176
     1
 90
       50
176
     1
290
     0
176
     1
 90
       50
176
     1
 62
   256
176
     0
 40
1.0
176
     0
 90
        2
176
     1
  1
strokes_ogs.tif
176
     1
290
     0
176
     1
 40
1.0
176
     1
 40
1.0
176
     1
  0
VISUALSTYLE
  5
3A
102
{ACAD_REACTORS
330
2A
102
}
330
2A
100
AcDbVisualStyle
  2
ColorChange
 70
    16
177
     3
291
     1
 70
    58
 90
        2
176
     1
 90
        2
176
     1
 90
        3
176
     1
 90
        0
176
     1
 40
0.6
176
     1
 40
30.0
176
     1
 62
     8
176
     1
 90
        1
176
     1
 90
        4
176
     1
 62
     7
176
     1
 62
   257
176
     1
 90
        1
176
     1
 90
        1
176
     1
 40
1.0
176
     1
 90
        8
176
     1
 62
     8
176
     1
 40
1.0
176
     1
 90
        1
176
     1
 90
        6
176
     1
 90
        2
176
     1
 62
     7
176
     1
 90
        5
176
     1
 90
        0
176
     1
 90
        0
176
     1
290
     0
176
     1
 90
        1
176
     1
 40
0.0
176
     1
 90
        0
176
     1
290
     0
176
     1
290
     1
176
     1
290
     1
176
     1
290
     0
176
     1
290
     0
176
     1
290
     0
176
     1
290
     0
176
     1
290
     0
176
     1
290
     0
176
     1
 90
       50
176
     1
 40
0.0
176
     1
 40
1.0
176
     1
 90
        0
176
     1
 62
    18
420
        0
176
     1
 90
       50
176
     1
 90
        3
176
     1
 62
     5
420
      255
176
     1
290
     0
176
     1
 90
       50
176
     1
 90
       50
176
     1
 90
       50
176
     1
290
     0
176
     1
 90
       50
176
     1
 62
   256
176
     0
 40
1.0
176
     0
 90
        2
176
     1
  1
strokes_ogs.tif
176
     1
290
     0
176
     1
 40
1.0
176
     1
 40
1.0
176
     1
  0
VISUALSTYLE
  5
34
102
{ACAD_REACTORS
330
2A
102
}
330
2A
100
AcDbVisualStyle
  2
Conceptual
 70
     9
177
     3
291
     0
 70
    58
 90
        3
176
     1
 90
        2
176
     1
 90
        0
176
     1
 90
        0
176
     1
 40
0.6
176
     1
 40
30.0
176
     1
 62
     7
176
     1
 90
        2
176
     1
 90
        2
176
     1
 62
     7
176
     1
 62
   257
176
     1
 90
        1
176
     1
 90
        1
176
     1
 40
179.0
176
     1
 90
        8
176
     1
 62
     7
176
     1
 40
1.0
176
     1
 90
        1
176
     1
 90
        6
176
     1
 90
        2
176
     1
 62
     7
176
     1
 90
        3
176
     1
 90
        0
176
     1
 90
        0
176
     1
290
     0
176
     1
 90
        1
176
     1
 40
0.0
176
     1
 90
        0
176
     1
290
     0
176
     1
290
     1
176
     1
290
     1
176
     1
290
     0
176
     1
290
     0
176
     1
290
     0
176
     1
290
     0
176
     1
290
     0
176
     1
290
     0
176
     1
 90
       50
176
     1
 40
0.0
176
     1
 40
1.0
176
     1
 90
        0
176
     1
 62
    18
420
        0
176
     1
 90
       50
176
     1
 90
        3
176
     1
 62
     5
420
      255
176
     1
290
     0
176
     1
 90
       50
176
     1
 90
       50
176
     1
 90
       50
176
     1
290
     0
176
     1
 90
       50
176
     1
 62
   256
176
     0
 40
1.0
176
     0
 90
        2
176
     1
  1
strokes_ogs.tif
176
     1
290
     0
176
     1
 40
1.0
176
     1
 40
1.0
176
     1
  0
VISUALSTYLE
  5
35
102
{ACAD_REACTORS
330
2A
102
}
330
2A
100
AcDbVisualStyle
  2
Dim
 70
    11
177
     3
291
     1
 70
    58
 90
        2
176
     1
 90
        2
176
     1
 90
        0
176
     1
 90
        0
176
     1
 40
0.6
176
     1
 40
30.0
176
     1
 62
     7
176
     1
 90
        1
176
     1
 90
        4
176
     1
 62
     7
176
     1
 62
   257
176
     1
 90
        1
176
     1
 90
        1
176
     1
 40
1.0
176
     1
 90
        8
176
     1
 62
     7
176
     1
 40
1.0
176
     1
 90
        1
176
     1
 90
        6
176
     1
 90
        2
176
     1
 62
     7
176
     1
 90
        5
176
     1
 90
        0
176
     1
 90
        0
176
     1
290
     0
176
     1
 90
        1
176
     1
 40
-50.0
176
     1
 90
        0
176
     1
290
     0
176
     1
290
     1
176
     1
290
     1
176
     1
290
     0
176
     1
290
     0
176
     1
290
     0
176
     1
290
     0
176
     1
290
     0
176
     1
290
     0
176
     1
 90
       50
176
     1
 40
0.0
176
     1
 40
1.0
176
     1
 90
        0
176
     1
 62
    18
420
        0
176
     1
 90
       50
176
     1
 90
        3
176
     1
 62
     5
420
      255
176
     1
290
     0
176
     1
 90
       50
176
     1
 90
       50
176
     1
 90
       50
176
     1
290
     0
176
     1
 90
       50
176
     1
 62
   256
176
     0
 40
1.0
176
     0
 90
        2
176
     1
  1
strokes_ogs.tif
176
     1
290
     0
176
     1
 40
1.0
176
     1
 40
1.0
176
     1
  0
VISUALSTYLE
  5
3D
102
{ACAD_REACTORS
330
2A
102
}
330
2A
100
AcDbVisualStyle
  2
EdgeColorOff
 70
    22
177
     3
291
     1
 70
    58
 90
        2
176
     0
 90
        2
176
     0
 90
        0
176
     0
 90
        0
176
     0
 40
0.6
176
     0
 40
30.0
176
     0
 62
     7
176
     0
 90
        1
176
     0
 90
        4
176
     0
 62
     7
176
     0
 62
   257
176
     0
 90
        1
176
     0
 90
        1
176
     0
 40
1.0
176
     0
 90
        8
176
     2
 62
     7
176
     0
 40
1.0
176
     0
 90
        1
176
     0
 90
        6
176
     0
 90
        2
176
     0
 62
     7
176
     0
 90
        5
176
     0
 90
        0
176
     0
 90
        0
176
     0
290
     0
176
     0
 90
        1
176
     0
 40
0.0
176
     0
 90
        0
176
     0
290
     0
176
     0
290
     1
176
     0
290
     1
176
     0
290
     0
176
     0
290
     0
176
     0
290
     0
176
     0
290
     0
176
     0
290
     0
176
     0
290
     0
176
     0
 90
       50
176
     0
 40
0.0
176
     0
 40
1.0
176
     0
 90
        0
176
     0
 62
    18
420
        0
176
     0
 90
       50
176
     0
 90
        3
176
     0
 62
     5
420
      255
176
     0
290
     0
176
     0
 90
       50
176
     0
 90
       50
176
     0
 90
       50
176
     0
290
     0
176
     0
 90
       50
176
     0
 62
   256
176
     0
 40
1.0
176
     0
 90
        2
176
     0
  1
strokes_ogs.tif
176
     0
290
     0
176
     0
 40
1.0
176
     0
 40
1.0
176
     0
  0
VISUALSTYLE
  5
39
102
{ACAD_REACTORS
330
2A
102
}
330
2A
100
AcDbVisualStyle
  2
Facepattern
 70
    15
177
     3
291
     1
 70
    58
 90
        2
176
     1
 90
        2
176
     1
 90
        0
176
     1
 90
        0
176
     1
 40
0.6
176
     1
 40
30.0
176
     1
 62
     7
176
     1
 90
        1
176
     1
 90
        4
176
     1
 62
     7
176
     1
 62
   257
176
     1
 90
        1
176
     1
 90
        1
176
     1
 40
1.0
176
     1
 90
        8
176
     1
 62
     7
176
     1
 40
1.0
176
     1
 90
        1
176
     1
 90
        6
176
     1
 90
        2
176
     1
 62
     7
176
     1
 90
        5
176
     1
 90
        0
176
     1
 90
        0
176
     1
290
     0
176
     1
 90
        1
176
     1
 40
0.0
176
     1
 90
        0
176
     1
290
     0
176
     1
290
     1
176
     1
290
     1
176
     1
290
     0
176
     1
290
     0
176
     1
290
     0
176
     1
290
     0
176
     1
290
     0
176
     1
290
     0
176
     1
 90
       50
176
     1
 40
0.0
176
     1
 40
1.0
176
     1
 90
        0
176
     1
 62
    18
420
        0
176
     1
 90
       50
176
     1
 90
        3
176
     1
 62
     5
420
      255
176
     1
290
     0
176
     1
 90
       50
176
     1
 90
       50
176
     1
 90
       50
176
     1
290
     0
176
     1
 90
       50
176
     1
 62
   256
176
     0
 40
1.0
176
     0
 90
        2
176
     1
  1
strokes_ogs.tif
176
     1
290
     0
176
     1
 40
1.0
176
     1
 40
1.0
176
     1
  0
VISUALSTYLE
  5
2B
102
{ACAD_REACTORS
330
2A
102
}
330
2A
100
AcDbVisualStyle
  2
Flat
 70
     0
177
     3
291
     1
 70
    58
 90
        2
176
     1
 90
        1
176
     1
 90
        1
176
     1
 90
        2
176
     1
 40
0.6
176
     1
 40
30.0
176
     1
 62
     7
176
     1
 90
        0
176
     1
 90
        0
176
     1
 62
     7
176
     1
 62
   257
176
     1
 90
        1
176
     1
 90
        1
176
     1
 40
1.0
176
     1
 90
        8
176
     1
 62
     7
176
     1
 40
1.0
176
     1
 90
        1
176
     1
 90
        6
176
     1
 90
        2
176
     1
 62
     7
176
     1
 90
        5
176
     1
 90
        0
176
     1
 90
        0
176
     1
290
     0
176
     1
 90
       13
176
     1
 40
0.0
176
     1
 90
        0
176
     1
290
     0
176
     1
290
     1
176
     1
290
     1
176
     1
290
     0
176
     1
290
     0
176
     1
290
     0
176
     1
290
     0
176
     1
290
     0
176
     1
290
     0
176
     1
 90
       50
176
     1
 40
0.0
176
     1
 40
1.0
176
     1
 90
        0
176
     1
 62
    18
420
        0
176
     1
 90
       50
176
     1
 90
        3
176
     1
 62
     5
420
      255
176
     1
290
     0
176
     1
 90
       50
176
     1
 90
       50
176
     1
 90
       50
176
     1
290
     0
176
     1
 90
       50
176
     1
 62
   256
176
     0
 40
1.0
176
     0
 90
        2
176
     1
  1
strokes_ogs.tif
176
     1
290
     0
176
     1
 40
1.0
176
     1
 40
1.0
176
     1
  0
VISUALSTYLE
  5
2C
102
{ACAD_REACTORS
330
2A
102
}
330
2A
100
AcDbVisualStyle
  2
FlatWithEdges
 70
     1
177
     3
291
     1
 70
    58
 90
        2
176
     1
 90
        1
176
     1
 90
        1
176
     1
 90
        2
176
     1
 40
0.6
176
     1
 40
30.0
176
     1
 62
     7
176
     1
 90
        1
176
     1
 90
        0
176
     1
 62
     7
176
     1
 62
   257
176
     1
 90
        1
176
     1
 90
        1
176
     1
 40
1.0
176
     1
 90
        0
176
     1
 62
   257
176
     1
 40
1.0
176
     1
 90
        1
176
     1
 90
        6
176
     1
 90
        2
176
     1
 62
     7
176
     1
 90
        5
176
     1
 90
        0
176
     1
 90
        0
176
     1
290
     0
176
     1
 90
       13
176
     1
 40
0.0
176
     1
 90
        0
176
     1
290
     0
176
     1
290
     1
176
     1
290
     1
176
     1
290
     0
176
     1
290
     0
176
     1
290
     0
176
     1
290
     0
176
     1
290
     0
176
     1
290
     0
176
     1
 90
       50
176
     1
 40
0.0
176
     1
 40
1.0
176
     1
 90
        0
176
     1
 62
    18
420
        0
176
     1
 90
       50
176
     1
 90
        3
176
     1
 62
     5
420
      255
176
     1
290
     0
176
     1
 90
       50
176
     1
 90
       50
176
     1
 90
       50
176
     1
290
     0
176
     1
 90
       50
176
     1
 62
   256
176
     0
 40
1.0
176
     0
 90
        2
176
     1
  1
strokes_ogs.tif
176
     1
290
     0
176
     1
 40
1.0
176
     1
 40
1.0
176
     1
  0
VISUALSTYLE
  5
2D
102
{ACAD_REACTORS
330
2A
102
}
330
2A
100
AcDbVisualStyle
  2
Gouraud
 70
     2
177
     3
291
     1
 70
    58
 90
        2
176
     1
 90
        2
176
     1
 90
        1
176
     1
 90
        2
176
     1
 40
0.6
176
     1
 40
30.0
176
     1
 62
     7
176
     1
 90
        0
176
     1
 90
        0
176
     1
 62
     7
176
     1
 62
   257
176
     1
 90
        1
176
     1
 90
        1
176
     1
 40
1.0
176
     1
 90
        0
176
     1
 62
     7
176
     1
 40
1.0
176
     1
 90
        1
176
     1
 90
        6
176
     1
 90
        2
176
     1
 62
     7
176
     1
 90
        5
176
     1
 90
        0
176
     1
 90
        0
176
     1
290
     0
176
     1
 90
       13
176
     1
 40
0.0
176
     1
 90
        0
176
     1
290
     0
176
     1
290
     1
176
     1
290
     1
176
     1
290
     0
176
     1
290
     0
176
     1
290
     0
176
     1
290
     0
176
     1
290
     0
176
     1
290
     0
176
     1
 90
       50
176
     1
 40
0.0
176
     1
 40
1.0
176
     1
 90
        0
176
     1
 62
    18
420
        0
176
     1
 90
       50
176
     1
 90
        3
176
     1
 62
     5
420
      255
176
     1
290
     0
176
     1
 90
       50
176
     1
 90
       50
176
     1
 90
       50
176
     1
290
     0
176
     1
 90
       50
176
     1
 62
   256
176
     0
 40
1.0
176
     0
 90
        2
176
     1
  1
strokes_ogs.tif
176
     1
290
     0
176
     1
 40
1.0
176
     1
 40
1.0
176
     1
  0
VISUALSTYLE
  5
2E
102
{ACAD_REACTORS
330
2A
102
}
330
2A
100
AcDbVisualStyle
  2
GouraudWithEdges
 70
     3
177
     3
291
     1
 70
    58
 90
        2
176
     1
 90
        2
176
     1
 90
        1
176
     1
 90
        2
176
     1
 40
0.6
176
     1
 40
30.0
176
     1
 62
     7
176
     1
 90
        1
176
     1
 90
        0
176
     1
 62
     7
176
     1
 62
   257
176
     1
 90
        1
176
     1
 90
        1
176
     1
 40
1.0
176
     1
 90
        0
176
     1
 62
   257
176
     1
 40
1.0
176
     1
 90
        1
176
     1
 90
        6
176
     1
 90
        2
176
     1
 62
     7
176
     1
 90
        5
176
     1
 90
        0
176
     1
 90
        0
176
     1
290
     0
176
     1
 90
       13
176
     1
 40
0.0
176
     1
 90
        0
176
     1
290
     0
176
     1
290
     1
176
     1
290
     1
176
     1
290
     0
176
     1
290
     0
176
     1
290
     0
176
     1
290
     0
176
     1
290
     0
176
     1
290
     0
176
     1
 90
       50
176
     1
 40
0.0
176
     1
 40
1.0
176
     1
 90
        0
176
     1
 62
    18
420
        0
176
     1
 90
       50
176
     1
 90
        3
176
     1
 62
     5
420
      255
176
     1
290
     0
176
     1
 90
       50
176
     1
 90
       50
176
     1
 90
       50
176
     1
290
     0
176
     1
 90
       50
176
     1
 62
   256
176
     0
 40
1.0
176
     0
 90
        2
176
     1
  1
strokes_ogs.tif
176
     1
290
     0
176
     1
 40
1.0
176
     1
 40
1.0
176
     1
  0
VISUALSTYLE
  5
31
102
{ACAD_REACTORS
330
2A
102
}
330
2A
100
AcDbVisualStyle
  2
Hidden
 70
     6
177
     3
291
     0
 70
    58
 90
        1
176
     1
 90
        2
176
     1
 90
        2
176
     1
 90
        0
176
     1
 40
0.6
176
     1
 40
30.0
176
     1
 62
     7
176
     1
 90
        2
176
     1
 90
        2
176
     1
 62
     7
176
     1
 62
   257
176
     1
 90
        2
176
     1
 90
        1
176
     1
 40
40.0
176
     1
 90
        0
176
     1
 62
   257
176
     1
 40
1.0
176
     1
 90
        1
176
     1
 90
        6
176
     1
 90
        2
176
     1
 62
     7
176
     1
 90
        3
176
     1
 90
        0
176
     1
 90
        0
176
     1
290
     0
176
     1
 90
        1
176
     1
 40
0.0
176
     1
 90
        0
176
     1
290
     0
176
     1
290
     1
176
     1
290
     1
176
     1
290
     0
176
     1
290
     0
176
     1
290
     0
176
     1
290
     0
176
     1
290
     0
176
     1
290
     0
176
     1
 90
       50
176
     1
 40
0.0
176
     1
 40
1.0
176
     1
 90
        0
176
     1
 62
    18
420
        0
176
     1
 90
       50
176
     1
 90
        3
176
     1
 62
     5
420
      255
176
     1
290
     0
176
     1
 90
       50
176
     1
 90
       50
176
     1
 90
       50
176
     1
290
     0
176
     1
 90
       50
176
     1
 62
   256
176
     0
 40
1.0
176
     0
 90
        2
176
     1
  1
strokes_ogs.tif
176
     1
290
     0
176
     1
 40
1.0
176
     1
 40
1.0
176
     1
  0
VISUALSTYLE
  5
3B
102
{ACAD_REACTORS
330
2A
102
}
330
2A
100
AcDbVisualStyle
  2
JitterOff
 70
    20
177
     3
291
     1
 70
    58
 90
        2
176
     0
 90
        2
176
     0
 90
        0
176
     0
 90
        0
176
     0
 40
0.6
176
     0
 40
30.0
176
     0
 62
     7
176
     0
 90
        1
176
     0
 90
        4
176
     0
 62
     7
176
     0
 62
   257
176
     0
 90
        1
176
     0
 90
        1
176
     0
 40
1.0
176
     0
 90
       10
176
     2
 62
     7
176
     0
 40
1.0
176
     0
 90
        1
176
     0
 90
        6
176
     0
 90
        2
176
     0
 62
     7
176
     0
 90
        5
176
     0
 90
        0
176
     0
 90
        0
176
     0
290
     0
176
     0
 90
        1
176
     0
 40
0.0
176
     0
 90
        0
176
     0
290
     0
176
     0
290
     1
176
     0
290
     1
176
     0
290
     0
176
     0
290
     0
176
     0
290
     0
176
     0
290
     0
176
     0
290
     0
176
     0
290
     0
176
     0
 90
       50
176
     0
 40
0.0
176
     0
 40
1.0
176
     0
 90
        0
176
     0
 62
    18
420
        0
176
     0
 90
       50
176
     0
 90
        3
176
     0
 62
     5
420
      255
176
     0
290
     0
176
     0
 90
       50
176
     0
 90
       50
176
     0
 90
       50
176
     0
290
     0
176
     0
 90
       50
176
     0
 62
   256
176
     0
 40
1.0
176
     0
 90
        2
176
     0
  1
strokes_ogs.tif
176
     0
290
     0
176
     0
 40
1.0
176
     0
 40
1.0
176
     0
  0
VISUALSTYLE
  5
38
102
{ACAD_REACTORS
330
2A
102
}
330
2A
100
AcDbVisualStyle
  2
Linepattern
 70
    14
177
     3
291
     1
 70
    58
 90
        2
176
     1
 90
        2
176
     1
 90
        0
176
     1
 90
        0
176
     1
 40
0.6
176
     1
 40
30.0
176
     1
 62
     7
176
     1
 90
        1
176
     1
 90
        4
176
     1
 62
     7
176
     1
 62
   257
176
     1
 90
        7
176
     1
 90
        7
176
     1
 40
1.0
176
     1
 90
        8
176
     1
 62
     7
176
     1
 40
1.0
176
     1
 90
        1
176
     1
 90
        6
176
     1
 90
        2
176
     1
 62
     7
176
     1
 90
        5
176
     1
 90
        0
176
     1
 90
        0
176
     1
290
     0
176
     1
 90
        1
176
     1
 40
0.0
176
     1
 90
        0
176
     1
290
     0
176
     1
290
     1
176
     1
290
     1
176
     1
290
     0
176
     1
290
     0
176
     1
290
     0
176
     1
290
     0
176
     1
290
     0
176
     1
290
     0
176
     1
 90
       50
176
     1
 40
0.0
176
     1
 40
1.0
176
     1
 90
        0
176
     1
 62
    18
420
        0
176
     1
 90
       50
176
     1
 90
        3
176
     1
 62
     5
420
      255
176
     1
290
     0
176
     1
 90
       50
176
     1
 90
       50
176
     1
 90
       50
176
     1
290
     0
176
     1
 90
       50
176
     1
 62
   256
176
     0
 40
1.0
176
     0
 90
        2
176
     1
  1
strokes_ogs.tif
176
     1
290
     0
176
     1
 40
1.0
176
     1
 40
1.0
176
     1
  0
VISUALSTYLE
  5
3C
102
{ACAD_REACTORS
330
2A
102
}
330
2A
100
AcDbVisualStyle
  2
OverhangOff
 70
    21
177
     3
291
     1
 70
    58
 90
        2
176
     0
 90
        2
176
     0
 90
        0
176
     0
 90
        0
176
     0
 40
0.6
176
     0
 40
30.0
176
     0
 62
     7
176
     0
 90
        1
176
     0
 90
        4
176
     0
 62
     7
176
     0
 62
   257
176
     0
 90
        1
176
     0
 90
        1
176
     0
 40
1.0
176
     0
 90
        9
176
     2
 62
     7
176
     0
 40
1.0
176
     0
 90
        1
176
     0
 90
        6
176
     0
 90
        2
176
     0
 62
     7
176
     0
 90
        5
176
     0
 90
        0
176
     0
 90
        0
176
     0
290
     0
176
     0
 90
        1
176
     0
 40
0.0
176
     0
 90
        0
176
     0
290
     0
176
     0
290
     1
176
     0
290
     1
176
     0
290
     0
176
     0
290
     0
176
     0
290
     0
176
     0
290
     0
176
     0
290
     0
176
     0
290
     0
176
     0
 90
       50
176
     0
 40
0.0
176
     0
 40
1.0
176
     0
 90
        0
176
     0
 62
    18
420
        0
176
     0
 90
       50
176
     0
 90
        3
176
     0
 62
     5
420
      255
176
     0
290
     0
176
     0
 90
       50
176
     0
 90
       50
176
     0
 90
       50
176
     0
290
     0
176
     0
 90
       50
176
     0
 62
   256
176
     0
 40
1.0
176
     0
 90
        2
176
     0
  1
strokes_ogs.tif
176
     0
290
     0
176
     0
 40
1.0
176
     0
 40
1.0
176
     0
  0
VISUALSTYLE
  5
33
102
{ACAD_REACTORS
330
2A
102
}
330
2A
100
AcDbVisualStyle
  2
Realistic
 70
     8
177
     3
291
     0
 70
    58
 90
        2
176
     1
 90
        3
176
     1
 90
        0
176
     1
 90
        2
176
     1
 40
0.6
176
     1
 40
30.0
176
     1
 62
     7
176
     1
 90
        0
176
     1
 90
        0
176
     1
 62
     7
176
     1
 62
   257
176
     1
 90
        1
176
     1
 90
        1
176
     1
 40
1.0
176
     1
 90
        8
176
     1
 62
   257
176
     1
 40
1.0
176
     1
 90
        1
176
     1
 90
        6
176
     1
 90
        2
176
     1
 62
     7
176
     1
 90
        3
176
     1
 90
        0
176
     1
 90
        0
176
     1
290
     0
176
     1
 90
       13
176
     1
 40
0.0
176
     1
 90
        0
176
     1
290
     0
176
     1
290
     1
176
     1
290
     1
176
     1
290
     0
176
     1
290
     0
176
     1
290
     0
176
     1
290
     0
176
     1
290
     0
176
     1
290
     0
176
     1
 90
       50
176
     1
 40
0.0
176
     1
 40
1.0
176
     1
 90
        0
176
     1
 62
    18
420
        0
176
     1
 90
       50
176
     1
 90
        3
176
     1
 62
     5
420
      255
176
     1
290
     0
176
     1
 90
       50
176
     1
 90
       50
176
     1
 90
       50
176
     1
290
     0
176
     1
 90
       50
176
     1
 62
   256
176
     0
 40
1.0
176
     0
 90
        2
176
     1
  1
strokes_ogs.tif
176
     1
290
     0
176
     1
 40
1.0
176
     1
 40
1.0
176
     1
  0
VISUALSTYLE
  5
42
102
{ACAD_REACTORS
330
2A
102
}
330
2A
100
AcDbVisualStyle
  2
Shaded
 70
    27
177
     3
291
     0
 70
    58
 90
        2
176
     1
 90
        2
176
     1
 90
        1
176
     1
 90
        2
176
     1
 40
0.6
176
     1
 40
30.0
176
     1
 62
     7
176
     1
 90
        0
176
     1
 90
        4
176
     1
 62
     7
176
     1
 62
   257
176
     1
 90
        1
176
     1
 90
        1
176
     1
 40
1.0
176
     1
 90
        8
176
     1
 62
   257
176
     1
 40
1.0
176
     1
 90
        1
176
     1
 90
        6
176
     1
 90
        2
176
     1
 62
     8
176
     1
 90
        3
176
     1
 90
        0
176
     1
 90
        0
176
     1
290
     0
176
     1
 90
        5
176
     1
 40
0.0
176
     1
 90
        0
176
     1
290
     0
176
     1
290
     1
176
     1
290
     1
176
     1
290
     0
176
     1
290
     0
176
     1
290
     0
176
     1
290
     0
176
     1
290
     0
176
     1
290
     0
176
     1
 90
       50
176
     1
 40
0.0
176
     1
 40
1.0
176
     1
 90
        0
176
     1
 62
    18
420
        0
176
     1
 90
       50
176
     1
 90
        3
176
     1
 62
     5
420
      255
176
     1
290
     0
176
     1
 90
       50
176
     1
 90
       50
176
     1
 90
       50
176
     1
290
     0
176
     1
 90
       50
176
     1
 62
   256
176
     0
 40
1.0
176
     0
 90
        2
176
     1
  1
strokes_ogs.tif
176
     1
290
     0
176
     1
 40
1.0
176
     1
 40
1.0
176
     1
  0
VISUALSTYLE
  5
41
102
{ACAD_REACTORS
330
2A
102
}
330
2A
100
AcDbVisualStyle
  2
Shaded with edges
 70
    26
177
     3
291
     0
 70
    58
 90
        2
176
     1
 90
        2
176
     1
 90
        1
176
     1
 90
        2
176
     1
 40
0.6
176
     1
 40
30.0
176
     1
 62
     7
176
     1
 90
        1
176
     1
 90
       10
176
     1
 62
     7
176
     1
 62
   257
176
     1
 90
        2
176
     1
 90
        1
176
     1
 40
1.0
176
     1
 90
        8
176
     1
 62
   257
176
     1
 40
1.0
176
     1
 90
        1
176
     1
 90
        6
176
     1
 90
        2
176
     1
 62
     7
176
     1
 90
        3
176
     1
 90
        0
176
     1
 90
        0
176
     1
290
     0
176
     1
 90
        5
176
     1
 40
0.0
176
     1
 90
        0
176
     1
290
     0
176
     1
290
     1
176
     1
290
     1
176
     1
290
     0
176
     1
290
     0
176
     1
290
     0
176
     1
290
     0
176
     1
290
     0
176
     1
290
     0
176
     1
 90
       50
176
     1
 40
0.0
176
     1
 40
1.0
176
     1
 90
        0
176
     1
 62
    18
420
        0
176
     1
 90
       50
176
     1
 90
        3
176
     1
 62
     5
420
      255
176
     1
290
     0
176
     1
 90
       50
176
     1
 90
       50
176
     1
 90
       50
176
     1
290
     0
176
     1
 90
       50
176
     1
 62
   256
176
     0
 40
1.0
176
     0
 90
        2
176
     1
  1
strokes_ogs.tif
176
     1
290
     0
176
     1
 40
1.0
176
     1
 40
1.0
176
     1
  0
VISUALSTYLE
  5
3E
102
{ACAD_REACTORS
330
2A
102
}
330
2A
100
AcDbVisualStyle
  2
Shades of Gray
 70
    23
177
     3
291
     0
 70
    58
 90
        2
176
     1
 90
        2
176
     1
 90
        3
176
     1
 90
        0
176
     1
 40
0.6
176
     1
 40
30.0
176
     1
 62
     7
176
     1
 90
        2
176
     1
 90
        2
176
     1
 62
     7
176
     1
 62
     7
176
     1
 90
        1
176
     1
 90
        1
176
     1
 40
40.0
176
     1
 90
        8
176
     1
 62
     7
176
     1
 40
1.0
176
     1
 90
        1
176
     1
 90
        6
176
     1
 90
        2
176
     1
 62
     7
176
     1
 90
        3
176
     1
 90
        0
176
     1
 90
        0
176
     1
290
     0
176
     1
 90
        1
176
     1
 40
0.0
176
     1
 90
        0
176
     1
290
     0
176
     1
290
     1
176
     1
290
     1
176
     1
290
     0
176
     1
290
     0
176
     1
290
     0
176
     1
290
     0
176
     1
290
     0
176
     1
290
     0
176
     1
 90
       50
176
     1
 40
0.0
176
     1
 40
1.0
176
     1
 90
        0
176
     1
 62
    18
420
        0
176
     1
 90
       50
176
     1
 90
        3
176
     1
 62
     5
420
      255
176
     1
290
     0
176
     1
 90
       50
176
     1
 90
       50
176
     1
 90
       50
176
     1
290
     0
176
     1
 90
       50
176
     1
 62
   256
176
     0
 40
1.0
176
     0
 90
        2
176
     1
  1
strokes_ogs.tif
176
     1
290
     0
176
     1
 40
1.0
176
     1
 40
1.0
176
     1
  0
VISUALSTYLE
  5
3F
102
{ACAD_REACTORS
330
2A
102
}
330
2A
100
AcDbVisualStyle
  2
Sketchy
 70
    24
177
     3
291
     0
 70
    58
 90
        1
176
     1
 90
        2
176
     1
 90
        2
176
     1
 90
        0
176
     1
 40
0.6
176
     1
 40
30.0
176
     1
 62
     7
176
     1
 90
        2
176
     1
 90
        2
176
     1
 62
     7
176
     1
 62
     7
176
     1
 90
        1
176
     1
 90
        1
176
     1
 40
40.0
176
     1
 90
       11
176
     1
 62
     7
176
     1
 40
1.0
176
     1
 90
        1
176
     1
 90
        6
176
     1
 90
        2
176
     1
 62
     7
176
     1
 90
        6
176
     1
 90
        0
176
     1
 90
        0
176
     1
290
     0
176
     1
 90
        1
176
     1
 40
0.0
176
     1
 90
        0
176
     1
290
     0
176
     1
290
     1
176
     1
290
     1
176
     1
290
     0
176
     1
290
     0
176
     1
290
     0
176
     1
290
     0
176
     1
290
     0
176
     1
290
     0
176
     1
 90
       50
176
     1
 40
0.0
176
     1
 40
1.0
176
     1
 90
        0
176
     1
 62
    18
420
        0
176
     1
 90
       50
176
     1
 90
        3
176
     1
 62
     5
420
      255
176
     1
290
     0
176
     1
 90
       50
176
     1
 90
       50
176
     1
 90
       50
176
     1
290
     0
176
     1
 90
       50
176
     1
 62
   256
176
     0
 40
1.0
176
     0
 90
        2
176
     1
  1
strokes_ogs.tif
176
     1
290
     0
176
     1
 40
1.0
176
     1
 40
1.0
176
     1
  0
VISUALSTYLE
  5
37
102
{ACAD_REACTORS
330
2A
102
}
330
2A
100
AcDbVisualStyle
  2
Thicken
 70
    13
177
     3
291
     1
 70
    58
 90
        2
176
     1
 90
        2
176
     1
 90
        0
176
     1
 90
        0
176
     1
 40
0.6
176
     1
 40
30.0
176
     1
 62
     7
176
     1
 90
        1
176
     1
 90
        4
176
     1
 62
     7
176
     1
 62
   257
176
     1
 90
        1
176
     1
 90
        1
176
     1
 40
1.0
176
     1
 90
       12
176
     1
 62
     7
176
     1
 40
1.0
176
     1
 90
        1
176
     1
 90
        6
176
     1
 90
        2
176
     1
 62
     7
176
     1
 90
        5
176
     1
 90
        0
176
     1
 90
        0
176
     1
290
     0
176
     1
 90
        1
176
     1
 40
0.0
176
     1
 90
        0
176
     1
290
     0
176
     1
290
     1
176
     1
290
     1
176
     1
290
     0
176
     1
290
     0
176
     1
290
     0
176
     1
290
     0
176
     1
290
     0
176
     1
290
     0
176
     1
 90
       50
176
     1
 40
0.0
176
     1
 40
1.0
176
     1
 90
        0
176
     1
 62
    18
420
        0
176
     1
 90
       50
176
     1
 90
        3
176
     1
 62
     5
420
      255
176
     1
290
     0
176
     1
 90
       50
176
     1
 90
       50
176
     1
 90
       50
176
     1
290
     0
176
     1
 90
       50
176
     1
 62
   256
176
     0
 40
1.0
176
     0
 90
        2
176
     1
  1
strokes_ogs.tif
176
     1
290
     0
176
     1
 40
1.0
176
     1
 40
1.0
176
     1
  0
VISUALSTYLE
  5
30
102
{ACAD_REACTORS
330
2A
102
}
330
2A
100
AcDbVisualStyle
  2
Wireframe
 70
     5
177
     3
291
     0
 70
    58
 90
        0
176
     1
 90
        2
176
     1
 90
        0
176
     1
 90
        0
176
     1
 40
0.6
176
     1
 40
30.0
176
     1
 62
     7
176
     1
 90
        1
176
     1
 90
        4
176
     1
 62
     7
176
     1
 62
   257
176
     1
 90
        1
176
     1
 90
        1
176
     1
 40
1.0
176
     1
 90
        0
176
     1
 62
   257
176
     1
 40
1.0
176
     1
 90
        1
176
     1
 90
        6
176
     1
 90
        2
176
     1
 62
     7
176
     1
 90
        3
176
     1
 90
        0
176
     1
 90
        0
176
     1
290
     0
176
     1
 90
        1
176
     1
 40
0.0
176
     1
 90
        0
176
     1
290
     0
176
     1
290
     1
176
     1
290
     1
176
     1
290
     0
176
     1
290
     0
176
     1
290
     0
176
     1
290
     0
176
     1
290
     0
176
     1
290
     0
176
     1
 90
       50
176
     1
 40
0.0
176
     1
 40
1.0
176
     1
 90
        0
176
     1
 62
    18
420
        0
176
     1
 90
       50
176
     1
 90
        3
176
     1
 62
     5
420
      255
176
     1
290
     0
176
     1
 90
       50
176
     1
 90
       50
176
     1
 90
       50
176
     1
290
     0
176
     1
 90
       50
176
     1
 62
   256
176
     0
 40
1.0
176
     0
 90
        2
176
     1
  1
strokes_ogs.tif
176
     1
290
     0
176
     1
 40
1.0
176
     1
 40
1.0
176
     1
  0
VISUALSTYLE
  5
40
102
{ACAD_REACTORS
330
2A
102
}
330
2A
100
AcDbVisualStyle
  2
X-Ray
 70
    25
177
     3
291
     0
 70
    58
 90
        2
176
     1
 90
        2
176
     1
 90
        1
176
     1
 90
        1
176
     1
 40
0.5
176
     1
 40
30.0
176
     1
 62
     7
176
     1
 90
        1
176
     1
 90
        0
176
     1
 62
     7
176
     1
 62
   257
176
     1
 90
        1
176
     1
 90
        1
176
     1
 40
1.0
176
     1
 90
        8
176
     1
 62
     7
176
     1
 40
1.0
176
     1
 90
        1
176
     1
 90
        6
176
     1
 90
        2
176
     1
 62
     7
176
     1
 90
        3
176
     1
 90
        0
176
     1
 90
        0
176
     1
290
     0
176
     1
 90
       13
176
     1
 40
0.0
176
     1
 90
        0
176
     1
290
     0
176
     1
290
     1
176
     1
290
     1
176
     1
290
     0
176
     1
290
     0
176
     1
290
     0
176
     1
290
     0
176
     1
290
     0
176
     1
290
     0
176
     1
 90
       50
176
     1
 40
0.0
176
     1
 40
1.0
176
     1
 90
        0
176
     1
 62
    18
420
        0
176
     1
 90
       50
176
     1
 90
        3
176
     1
 62
     5
420
      255
176
     1
290
     0
176
     1
 90
       50
176
     1
 90
       50
176
     1
 90
       50
176
     1
290
     0
176
     1
 90
       50
176
     1
 62
   256
176
     0
 40
1.0
176
     0
 90
        2
176
     1
  1
strokes_ogs.tif
176
     1
290
     0
176
     1
 40
1.0
176
     1
 40
1.0
176
     1
  0
DICTIONARYVAR
  5
12B0
102
{ACAD_REACTORS
330
1250
102
}
330
1250
100
DictionaryVariables
280
     0
  1
1:1
  0
DICTIONARYVAR
  5
1252
102
{ACAD_REACTORS
330
1250
102
}
330
1250
100
DictionaryVariables
280
     0
  1
Standard
  0
DICTIONARYVAR
  5
1251
102
{ACAD_REACTORS
330
1250
102
}
330
1250
100
DictionaryVariables
280
     0
  1
Standard
  0
DICTIONARYVAR
  5
1257
102
{ACAD_REACTORS
330
1250
102
}
330
1250
100
DictionaryVariables
280
     0
  1
2
  0
DICTIONARYVAR
  5
1258
102
{ACAD_REACTORS
330
1250
102
}
330
1250
100
DictionaryVariables
280
     0
  1
1
  0
DICTIONARYVAR
  5
1272
102
{ACAD_REACTORS
330
1250
102
}
330
1250
100
DictionaryVariables
280
     0
  1
1
  0
DICTIONARY
  5
12B1
330
6A
100
AcDbDictionary
280
     1
281
     1
  3
ACAD_ROUNDTRIP_2008_TABLESTYLE_CELLSTYLEMAP
360
12B2
  0
CELLSTYLEMAP
  5
12B2
102
{ACAD_REACTORS
330
12B1
102
}
330
12B1
100
AcDbCellStyleMap
 90
        3
300
CELLSTYLE
  1
TABLEFORMAT_BEGIN
 90
        5
170
     1
 91
        0
 92
    32768
 62
   257
 93
        1
300
CONTENTFORMAT
  1
CONTENTFORMAT_BEGIN
 90
        0
 91
        0
 92
        4
 93
        0
300

 40
0.0
140
1.0
 94
        5
 62
     0
340
11
144
6.0
309
CONTENTFORMAT_END
171
     1
301
MARGIN
  1
CELLMARGIN_BEGIN
 40
1.5
 40
1.5
 40
1.5
 40
1.5
 40
1.5
 40
1.5
309
CELLMARGIN_END
 94
        6
 95
        1
302
GRIDFORMAT
  1
GRIDFORMAT_BEGIN
 90
        0
 91
        1
 62
     0
 92
       -2
340
14
 93
        0
 40
0.045
309
GRIDFORMAT_END
 95
        2
302
GRIDFORMAT
  1
GRIDFORMAT_BEGIN
 90
        0
 91
        1
 62
     0
 92
       -2
340
14
 93
        0
 40
0.045
309
GRIDFORMAT_END
 95
        4
302
GRIDFORMAT
  1
GRIDFORMAT_BEGIN
 90
        0
 91
        1
 62
     0
 92
       -2
340
14
 93
        0
 40
0.045
309
GRIDFORMAT_END
 95
        8
302
GRIDFORMAT
  1
GRIDFORMAT_BEGIN
 90
        0
 91
        1
 62
     0
 92
       -2
340
14
 93
        0
 40
0.045
309
GRIDFORMAT_END
 95
       16
302
GRIDFORMAT
  1
GRIDFORMAT_BEGIN
 90
        0
 91
        1
 62
     0
 92
       -2
340
14
 93
        0
 40
0.045
309
GRIDFORMAT_END
 95
       32
302
GRIDFORMAT
  1
GRIDFORMAT_BEGIN
 90
        0
 91
        1
 62
     0
 92
       -2
340
14
 93
        0
 40
0.045
309
GRIDFORMAT_END
309
TABLEFORMAT_END
  1
CELLSTYLE_BEGIN
 90
        1
 91
        1
300
_TITLE
309
CELLSTYLE_END
300
CELLSTYLE
  1
TABLEFORMAT_BEGIN
 90
        5
170
     1
 91
        0
 92
        0
 62
   257
 93
        1
300
CONTENTFORMAT
  1
CONTENTFORMAT_BEGIN
 90
        0
 91
        0
 92
        4
 93
        0
300

 40
0.0
140
1.0
 94
        5
 62
     0
340
11
144
4.5
309
CONTENTFORMAT_END
171
     1
301
MARGIN
  1
CELLMARGIN_BEGIN
 40
1.5
 40
1.5
 40
1.5
 40
1.5
 40
1.5
 40
1.5
309
CELLMARGIN_END
 94
        6
 95
        1
302
GRIDFORMAT
  1
GRIDFORMAT_BEGIN
 90
        0
 91
        1
 62
     0
 92
       -2
340
14
 93
        0
 40
0.045
309
GRIDFORMAT_END
 95
        2
302
GRIDFORMAT
  1
GRIDFORMAT_BEGIN
 90
        0
 91
        1
 62
     0
 92
       -2
340
14
 93
        0
 40
0.045
309
GRIDFORMAT_END
 95
        4
302
GRIDFORMAT
  1
GRIDFORMAT_BEGIN
 90
        0
 91
        1
 62
     0
 92
       -2
340
14
 93
        0
 40
0.045
309
GRIDFORMAT_END
 95
        8
302
GRIDFORMAT
  1
GRIDFORMAT_BEGIN
 90
        0
 91
        1
 62
     0
 92
       -2
340
14
 93
        0
 40
0.045
309
GRIDFORMAT_END
 95
       16
302
GRIDFORMAT
  1
GRIDFORMAT_BEGIN
 90
        0
 91
        1
 62
     0
 92
       -2
340
14
 93
        0
 40
0.045
309
GRIDFORMAT_END
 95
       32
302
GRIDFORMAT
  1
GRIDFORMAT_BEGIN
 90
        0
 91
        1
 62
     0
 92
       -2
340
14
 93
        0
 40
0.045
309
GRIDFORMAT_END
309
TABLEFORMAT_END
  1
CELLSTYLE_BEGIN
 90
        2
 91
        1
300
_HEADER
309
CELLSTYLE_END
300
CELLSTYLE
  1
TABLEFORMAT_BEGIN
 90
        5
170
     1
 91
        0
 92
        0
 62
   257
 93
        1
300
CONTENTFORMAT
  1
CONTENTFORMAT_BEGIN
 90
        0
 91
        0
 92
        4
 93
        0
300

 40
0.0
140
1.0
 94
        2
 62
     0
340
11
144
4.5
309
CONTENTFORMAT_END
171
     1
301
MARGIN
  1
CELLMARGIN_BEGIN
 40
1.5
 40
1.5
 40
1.5
 40
1.5
 40
1.5
 40
1.5
309
CELLMARGIN_END
 94
        6
 95
        1
302
GRIDFORMAT
  1
GRIDFORMAT_BEGIN
 90
        0
 91
        1
 62
     0
 92
       -2
340
14
 93
        0
 40
0.045
309
GRIDFORMAT_END
 95
        2
302
GRIDFORMAT
  1
GRIDFORMAT_BEGIN
 90
        0
 91
        1
 62
     0
 92
       -2
340
14
 93
        0
 40
0.045
309
GRIDFORMAT_END
 95
        4
302
GRIDFORMAT
  1
GRIDFORMAT_BEGIN
 90
        0
 91
        1
 62
     0
 92
       -2
340
14
 93
        0
 40
0.045
309
GRIDFORMAT_END
 95
        8
302
GRIDFORMAT
  1
GRIDFORMAT_BEGIN
 90
        0
 91
        1
 62
     0
 92
       -2
340
14
 93
        0
 40
0.045
309
GRIDFORMAT_END
 95
       16
302
GRIDFORMAT
  1
GRIDFORMAT_BEGIN
 90
        0
 91
        1
 62
     0
 92
       -2
340
14
 93
        0
 40
0.045
309
GRIDFORMAT_END
 95
       32
302
GRIDFORMAT
  1
GRIDFORMAT_BEGIN
 90
        0
 91
        1
 62
     0
 92
       -2
340
14
 93
        0
 40
0.045
309
GRIDFORMAT_END
309
TABLEFORMAT_END
  1
CELLSTYLE_BEGIN
 90
        3
 91
        2
300
_DATA
309
CELLSTYLE_END
  0
ENDSEC
  0
EOF
